participant_id,trial_index,choice,choice_B,problem_id,lottery_A,lottery_B,probabilities_A,outcomes_A,probabilities_B,outcomes_B
P001,1,A,0,problem9392,75% chance of 3; 3.125% chance of 32.5; 9.375% chance of 33.5; 9.375% chance of 34.5; 3.125% chance of 35.5,90% chance of 11; 10% chance of 0,"[0.75, 0.03125, 0.09375, 0.09375, 0.03125]","[3.0, 32.5, 33.5, 34.5, 35.5]","[0.9, 0.1]","[11.0, 0.0]"
P001,2,B,1,problem6380,75% chance of 39; 25% chance of -5,75% chance of 21; 25% chance of 37,"[0.75, 0.25]","[39.0, -5.0]","[0.75, 0.25]","[21.0, 37.0]"
P001,3,A,0,problem14223,90% chance of 20; 5% chance of 28; 2.5% chance of 30; 1.25% chance of 34; 0.625% chance of 42; 0.3125% chance of 58; 0.3125% chance of 90,25 for sure,"[0.9, 0.05, 0.025, 0.0125, 0.00625, 0.003125, 0.003125]","[20.0, 28.0, 30.0, 34.0, 42.0, 58.0, 90.0]",[1.0],[25.0]
P001,4,B,1,problem9421,4 for sure,75% chance of -44; 25% chance of 106,[1.0],[4.0],"[0.75, 0.25]","[-44.0, 106.0]"
P001,5,A,0,problem14539,60% chance of 11; 40% chance of 14,40% chance of 68; 60% chance of -25,"[0.6, 0.4]","[11.0, 14.0]","[0.4, 0.6]","[68.0, -25.0]"
P001,6,B,1,problem10224,10% chance of -17; 45% chance of -9; 22.5% chance of -11; 22.5% chance of -15,-6 for sure,"[0.1, 0.45, 0.225, 0.225]","[-17.0, -9.0, -11.0, -15.0]",[1.0],[-6.0]
P001,7,B,1,problem13027,17 for sure,80% chance of -15; 10% chance of 117; 10% chance of 115,[1.0],[17.0],"[0.8, 0.1, 0.1]","[-15.0, 117.0, 115.0]"
P001,8,B,1,problem6259,50% chance of -16; 50% chance of -3,0 for sure,"[0.5, 0.5]","[-16.0, -3.0]",[1.0],[0.0]
P001,9,B,1,problem6413,1% chance of -5; 99% chance of 11,95% chance of 14; 5% chance of -39,"[0.01, 0.99]","[-5.0, 11.0]","[0.95, 0.05]","[14.0, -39.0]"
P001,10,A,0,problem10722,80% chance of -2; 10% chance of -2; 5% chance of 0; 2.5% chance of 4; 1.25% chance of 12; 0.625% chance of 28; 0.3125% chance of 60; 0.15625% chance of 124; 0.15625% chance of 252,-3 for sure,"[0.8, 0.1, 0.05, 0.025, 0.0125, 0.00625, 0.003125, 0.0015625, 0.0015625]","[-2.0, -2.0, 0.0, 4.0, 12.0, 28.0, 60.0, 124.0, 252.0]",[1.0],[-3.0]
P001,11,A,0,problem11179,99% chance of 31; 1% chance of 87,40% chance of 108; 60% chance of -29,"[0.99, 0.01]","[31.0, 87.0]","[0.4, 0.6]","[108.0, -29.0]"
P001,12,B,1,problem1573,60% chance of -12; 40% chance of 46,75% chance of 20; 25% chance of 12,"[0.6, 0.4]","[-12.0, 46.0]","[0.75, 0.25]","[20.0, 12.0]"
P001,13,A,0,problem2394,80% chance of 24; 10% chance of 23.5; 10% chance of 24.5,95% chance of 25; 5% chance of -6,"[0.8, 0.1, 0.1]","[24.0, 23.5, 24.5]","[0.95, 0.05]","[25.0, -6.0]"
P001,14,A,0,problem11191,25% chance of -1; 75% chance of 2,20% chance of -6; 80% chance of -10,"[0.25, 0.75]","[-1.0, 2.0]","[0.2, 0.8]","[-6.0, -10.0]"
P001,15,B,1,problem9445,10 for sure,25% chance of -30; 75% chance of 26,[1.0],[10.0],"[0.25, 0.75]","[-30.0, 26.0]"
P001,16,A,0,problem4833,40% chance of 5; 30% chance of 6; 15% chance of 8; 7.5% chance of 12; 7.5% chance of 20,3 for sure,"[0.4, 0.3, 0.15, 0.075, 0.075]","[5.0, 6.0, 8.0, 12.0, 20.0]",[1.0],[3.0]
P001,17,B,1,problem5294,0.78125% chance of -11.5; 5.46875% chance of -10.5; 16.4062% chance of -9.5; 27.3438% chance of -8.5; 27.3438% chance of -7.5; 16.4062% chance of -6.5; 5.46875% chance of -5.5; 0.78125% chance of -4.5,-8 for sure,"[0.0078125, 0.0546875, 0.1640625, 0.2734375, 0.2734375, 0.1640625, 0.0546875, 0.0078125]","[-11.5, -10.5, -9.5, -8.5, -7.5, -6.5, -5.5, -4.5]",[1.0],[-8.0]
P001,18,B,1,problem9237,60% chance of -5; 40% chance of 17,5% chance of 20; 95% chance of 4,"[0.6, 0.4]","[-5.0, 17.0]","[0.05, 0.95]","[20.0, 4.0]"
P001,19,B,1,problem385,16 for sure,95% chance of 18; 5% chance of 46,[1.0],[16.0],"[0.95, 0.05]","[18.0, 46.0]"
P001,20,A,0,problem6052,90% chance of 12; 10% chance of 15,11 for sure,"[0.9, 0.1]","[12.0, 15.0]",[1.0],[11.0]
P001,21,A,0,problem6710,40% chance of -41; 60% chance of 81,22 for sure,"[0.4, 0.6]","[-41.0, 81.0]",[1.0],[22.0]
P001,22,B,1,problem5523,8 for sure,99% chance of 5; 1% chance of 82,[1.0],[8.0],"[0.99, 0.01]","[5.0, 82.0]"
P001,23,A,0,problem250,95% chance of 2; 0.03906% chance of 93.5; 0.27344% chance of 94.5; 0.82031% chance of 95.5; 1.36719% chance of 96.5; 1.36719% chance of 97.5; 0.82031% chance of 98.5; 0.27344% chance of 99.5; 0.03906% chance of 100.5,5% chance of 66; 95% chance of 11,"[0.95, 0.00039059999999999995, 0.0027344, 0.0082031, 0.013671899999999999, 0.013671899999999999, 0.0082031, 0.0027344, 0.00039059999999999995]","[2.0, 93.5, 94.5, 95.5, 96.5, 97.5, 98.5, 99.5, 100.5]","[0.05, 0.95]","[66.0, 11.0]"
P001,24,B,1,problem13164,26 for sure,75% chance of 5; 25% chance of 101,[1.0],[26.0],"[0.75, 0.25]","[5.0, 101.0]"
P001,25,B,1,problem10112,3 for sure,25% chance of 24; 75% chance of -4,[1.0],[3.0],"[0.25, 0.75]","[24.0, -4.0]"
P001,26,A,0,problem12256,80% chance of 20; 20% chance of 28,21 for sure,"[0.8, 0.2]","[20.0, 28.0]",[1.0],[21.0]
P001,27,A,0,problem8870,75% chance of -27; 12.5% chance of 39.5; 12.5% chance of 40.5,40% chance of 16; 60% chance of -21,"[0.75, 0.125, 0.125]","[-27.0, 39.5, 40.5]","[0.4, 0.6]","[16.0, -21.0]"
P001,28,B,1,problem12916,25 for sure,50% chance of -17; 50% chance of 85,[1.0],[25.0],"[0.5, 0.5]","[-17.0, 85.0]"
P001,29,A,0,problem12158,95% chance of 6; 0.15625% chance of 8.5; 0.78125% chance of 9.5; 1.5625% chance of 10.5; 1.5625% chance of 11.5; 0.78125% chance of 12.5; 0.15625% chance of 13.5,1 for sure,"[0.95, 0.0015625, 0.0078125, 0.015625, 0.015625, 0.0078125, 0.0015625]","[6.0, 8.5, 9.5, 10.5, 11.5, 12.5, 13.5]",[1.0],[1.0]
P001,30,A,0,problem3874,90% chance of 3; 0.07812% chance of 42.5; 0.54688% chance of 43.5; 1.64062% chance of 44.5; 2.73438% chance of 45.5; 2.73438% chance of 46.5; 1.64062% chance of 47.5; 0.54688% chance of 48.5; 0.07812% chance of 49.5,40% chance of 30; 60% chance of -20,"[0.9, 0.0007811999999999999, 0.0054688, 0.0164062, 0.027343799999999998, 0.027343799999999998, 0.0164062, 0.0054688, 0.0007811999999999999]","[3.0, 42.5, 43.5, 44.5, 45.5, 46.5, 47.5, 48.5, 49.5]","[0.4, 0.6]","[30.0, -20.0]"
P001,31,B,1,problem145,6 for sure,99% chance of 2; 0.5% chance of 76.5; 0.5% chance of 77.5,[1.0],[6.0],"[0.99, 0.005, 0.005]","[2.0, 76.5, 77.5]"
P001,32,A,0,problem13651,80% chance of -1; 10% chance of 103; 5% chance of 105; 2.5% chance of 109; 1.25% chance of 117; 1.25% chance of 133,18 for sure,"[0.8, 0.1, 0.05, 0.025, 0.0125, 0.0125]","[-1.0, 103.0, 105.0, 109.0, 117.0, 133.0]",[1.0],[18.0]
P001,33,B,1,problem739,25% chance of 9; 75% chance of 21,18 for sure,"[0.25, 0.75]","[9.0, 21.0]",[1.0],[18.0]
P001,34,B,1,problem6763,-2 for sure,90% chance of -17; 10% chance of 32,[1.0],[-2.0],"[0.9, 0.1]","[-17.0, 32.0]"
P001,35,B,1,problem220,75% chance of 21; 25% chance of 21,60% chance of -45; 40% chance of 115,"[0.75, 0.25]","[21.0, 21.0]","[0.6, 0.4]","[-45.0, 115.0]"
P001,36,A,0,problem7418,90% chance of 16; 1.25% chance of 16.5; 3.75% chance of 17.5; 3.75% chance of 18.5; 1.25% chance of 19.5,25% chance of 52; 75% chance of 11,"[0.9, 0.0125, 0.0375, 0.0375, 0.0125]","[16.0, 16.5, 17.5, 18.5, 19.5]","[0.25, 0.75]","[52.0, 11.0]"
P001,37,B,1,problem6209,50% chance of 5; 50% chance of 6,20% chance of 72; 80% chance of -8,"[0.5, 0.5]","[5.0, 6.0]","[0.2, 0.8]","[72.0, -8.0]"
P001,38,A,0,problem3865,95% chance of 1; 5% chance of 54,4 for sure,"[0.95, 0.05]","[1.0, 54.0]",[1.0],[4.0]
P001,39,A,0,problem2421,75% chance of 14; 25% chance of -38,10% chance of -18; 45% chance of 9.5; 45% chance of 10.5,"[0.75, 0.25]","[14.0, -38.0]","[0.1, 0.45, 0.45]","[-18.0, 9.5, 10.5]"
P001,40,A,0,problem8413,75% chance of 5; 3.125% chance of 19.5; 9.375% chance of 20.5; 9.375% chance of 21.5; 3.125% chance of 22.5,4 for sure,"[0.75, 0.03125, 0.09375, 0.09375, 0.03125]","[5.0, 19.5, 20.5, 21.5, 22.5]",[1.0],[4.0]
P002,1,B,1,problem1963,95% chance of 11; 5% chance of -14,60% chance of -25; 40% chance of 68,"[0.95, 0.05]","[11.0, -14.0]","[0.6, 0.4]","[-25.0, 68.0]"
P002,2,A,0,problem741,28 for sure,80% chance of 1; 20% chance of 86,[1.0],[28.0],"[0.8, 0.2]","[1.0, 86.0]"
P002,3,B,1,problem10140,13 for sure,95% chance of 14; 5% chance of 55,[1.0],[13.0],"[0.95, 0.05]","[14.0, 55.0]"
P002,4,B,1,problem5825,-7 for sure,95% chance of -6; 5% chance of 23,[1.0],[-7.0],"[0.95, 0.05]","[-6.0, 23.0]"
P002,5,B,1,problem2138,26 for sure,25% chance of 11; 37.5% chance of 37; 18.75% chance of 35; 9.375% chance of 31; 4.6875% chance of 23; 4.6875% chance of 7,[1.0],[26.0],"[0.25, 0.375, 0.1875, 0.09375, 0.046875, 0.046875]","[11.0, 37.0, 35.0, 31.0, 23.0, 7.0]"
P002,6,B,1,problem1735,1% chance of 26; 3.09375% chance of 25.5; 15.4688% chance of 26.5; 30.9375% chance of 27.5; 30.9375% chance of 28.5; 15.4688% chance of 29.5; 3.09375% chance of 30.5,30 for sure,"[0.01, 0.0309375, 0.1546875, 0.309375, 0.309375, 0.1546875, 0.0309375]","[26.0, 25.5, 26.5, 27.5, 28.5, 29.5, 30.5]",[1.0],[30.0]
P002,7,B,1,problem11757,50% chance of 8.5; 50% chance of 9.5,9 for sure,"[0.5, 0.5]","[8.5, 9.5]",[1.0],[9.0]
P002,8,A,0,problem12178,5% chance of -13; 95% chance of 27,99% chance of 22; 1% chance of -17,"[0.05, 0.95]","[-13.0, 27.0]","[0.99, 0.01]","[22.0, -17.0]"
P002,9,A,0,problem10956,75% chance of -6; 25% chance of 45,-3 for sure,"[0.75, 0.25]","[-6.0, 45.0]",[1.0],[-3.0]
P002,10,A,0,problem4996,13 for sure,99% chance of 9; 1% chance of 55,[1.0],[13.0],"[0.99, 0.01]","[9.0, 55.0]"
P002,11,B,1,problem12327,90% chance of 7; 10% chance of 55,19 for sure,"[0.9, 0.1]","[7.0, 55.0]",[1.0],[19.0]
P002,12,A,0,problem9648,20% chance of 17; 80% chance of 12,40% chance of 1; 60% chance of 20,"[0.2, 0.8]","[17.0, 12.0]","[0.4, 0.6]","[1.0, 20.0]"
P002,13,A,0,problem6825,-4 for sure,40% chance of -20; 7.5% chance of 1.5; 22.5% chance of 2.5; 22.5% chance of 3.5; 7.5% chance of 4.5,[1.0],[-4.0],"[0.4, 0.075, 0.225, 0.225, 0.075]","[-20.0, 1.5, 2.5, 3.5, 4.5]"
P002,14,A,0,problem10157,25% chance of 27; 75% chance of 16,90% chance of 9; 5% chance of 40.5; 5% chance of 41.5,"[0.25, 0.75]","[27.0, 16.0]","[0.9, 0.05, 0.05]","[9.0, 40.5, 41.5]"
P002,15,B,1,problem4841,60% chance of -20; 40% chance of 24,-2 for sure,"[0.6, 0.4]","[-20.0, 24.0]",[1.0],[-2.0]
P002,16,B,1,problem7103,20 for sure,20% chance of 21; 40% chance of 24; 20% chance of 22; 20% chance of 18,[1.0],[20.0],"[0.2, 0.4, 0.2, 0.2]","[21.0, 24.0, 22.0, 18.0]"
P002,17,A,0,problem4033,5% chance of 25; 95% chance of 20,75% chance of -13; 25% chance of 82,"[0.05, 0.95]","[25.0, 20.0]","[0.75, 0.25]","[-13.0, 82.0]"
P002,18,B,1,problem10872,40% chance of -33; 60% chance of 49,9 for sure,"[0.4, 0.6]","[-33.0, 49.0]",[1.0],[9.0]
P002,19,A,0,problem2442,20 for sure,80% chance of 5; 20% chance of 79,[1.0],[20.0],"[0.8, 0.2]","[5.0, 79.0]"
P002,20,A,0,problem5263,5% chance of -5; 2.96875% chance of 0.5; 14.8438% chance of 1.5; 29.6875% chance of 2.5; 29.6875% chance of 3.5; 14.8438% chance of 4.5; 2.96875% chance of 5.5,20% chance of 34; 80% chance of -16,"[0.05, 0.0296875, 0.1484375, 0.296875, 0.296875, 0.1484375, 0.0296875]","[-5.0, 0.5, 1.5, 2.5, 3.5, 4.5, 5.5]","[0.2, 0.8]","[34.0, -16.0]"
P002,21,A,0,problem6391,99% chance of -6; 1% chance of 38,-10 for sure,"[0.99, 0.01]","[-6.0, 38.0]",[1.0],[-10.0]
P002,22,B,1,problem659,18 for sure,75% chance of 22; 25% chance of 33,[1.0],[18.0],"[0.75, 0.25]","[22.0, 33.0]"
P002,23,A,0,problem3301,90% chance of 24; 10% chance of 61,75% chance of 39; 25% chance of -14,"[0.9, 0.1]","[24.0, 61.0]","[0.75, 0.25]","[39.0, -14.0]"
P002,24,B,1,problem8605,60% chance of -33; 1.25% chance of 65.5; 6.25% chance of 66.5; 12.5% chance of 67.5; 12.5% chance of 68.5; 6.25% chance of 69.5; 1.25% chance of 70.5,5% chance of 15; 95% chance of -1,"[0.6, 0.0125, 0.0625, 0.125, 0.125, 0.0625, 0.0125]","[-33.0, 65.5, 66.5, 67.5, 68.5, 69.5, 70.5]","[0.05, 0.95]","[15.0, -1.0]"
P002,25,A,0,problem3629,22 for sure,10% chance of 15; 90% chance of 17,[1.0],[22.0],"[0.1, 0.9]","[15.0, 17.0]"
P002,26,B,1,problem1271,50% chance of 19; 50% chance of -9,25% chance of 4; 75% chance of 8,"[0.5, 0.5]","[19.0, -9.0]","[0.25, 0.75]","[4.0, 8.0]"
P002,27,A,0,problem9083,4 for sure,40% chance of -13; 60% chance of 26,[1.0],[4.0],"[0.4, 0.6]","[-13.0, 26.0]"
P002,28,A,0,problem6789,75% chance of -9; 25% chance of 68,40% chance of 30; 60% chance of -10,"[0.75, 0.25]","[-9.0, 68.0]","[0.4, 0.6]","[30.0, -10.0]"
P002,29,B,1,problem872,50% chance of 28; 50% chance of 24,26 for sure,"[0.5, 0.5]","[28.0, 24.0]",[1.0],[26.0]
P002,30,B,1,problem12712,75% chance of -10; 25% chance of 52,7 for sure,"[0.75, 0.25]","[-10.0, 52.0]",[1.0],[7.0]
P002,31,A,0,problem8434,20% chance of -11; 80% chance of 30,14 for sure,"[0.2, 0.8]","[-11.0, 30.0]",[1.0],[14.0]
P002,32,A,0,problem6357,26 for sure,90% chance of 22; 1.25% chance of 53.5; 3.75% chance of 54.5; 3.75% chance of 55.5; 1.25% chance of 56.5,[1.0],[26.0],"[0.9, 0.0125, 0.0375, 0.0375, 0.0125]","[22.0, 53.5, 54.5, 55.5, 56.5]"
P002,33,B,1,problem4998,3 for sure,95% chance of 9; 0.15625% chance of 29.5; 0.78125% chance of 30.5; 1.5625% chance of 31.5; 1.5625% chance of 32.5; 0.78125% chance of 33.5; 0.15625% chance of 34.5,[1.0],[3.0],"[0.95, 0.0015625, 0.0078125, 0.015625, 0.015625, 0.0078125, 0.0015625]","[9.0, 29.5, 30.5, 31.5, 32.5, 33.5, 34.5]"
P002,34,A,0,problem10000,29 for sure,50% chance of -22; 6.25% chance of 78.5; 18.75% chance of 79.5; 18.75% chance of 80.5; 6.25% chance of 81.5,[1.0],[29.0],"[0.5, 0.0625, 0.1875, 0.1875, 0.0625]","[-22.0, 78.5, 79.5, 80.5, 81.5]"
P002,35,A,0,problem5391,-3 for sure,75% chance of -22; 25% chance of 63,[1.0],[-3.0],"[0.75, 0.25]","[-22.0, 63.0]"
P002,36,A,0,problem1780,-7 for sure,25% chance of -35; 37.5% chance of 4.5; 37.5% chance of 5.5,[1.0],[-7.0],"[0.25, 0.375, 0.375]","[-35.0, 4.5, 5.5]"
P002,37,B,1,problem727,40% chance of 49; 60% chance of -18,60% chance of -17; 40% chance of 63,"[0.4, 0.6]","[49.0, -18.0]","[0.6, 0.4]","[-17.0, 63.0]"
P002,38,B,1,problem8015,10% chance of -33; 90% chance of 20,16 for sure,"[0.1, 0.9]","[-33.0, 20.0]",[1.0],[16.0]
P002,39,B,1,problem13492,90% chance of -22; 10% chance of 1,50% chance of 29; 50% chance of -47,"[0.9, 0.1]","[-22.0, 1.0]","[0.5, 0.5]","[29.0, -47.0]"
P002,40,A,0,problem10046,-1 for sure,10% chance of -6; 0.70312% chance of -7.5; 4.92188% chance of -6.5; 14.7656% chance of -5.5; 24.6094% chance of -4.5; 24.6094% chance of -3.5; 14.7656% chance of -2.5; 4.92188% chance of -1.5; 0.70312% chance of -0.5,[1.0],[-1.0],"[0.1, 0.0070312, 0.0492188, 0.1476563, 0.24609380000000003, 0.24609380000000003, 0.1476563, 0.0492188, 0.0070312]","[-6.0, -7.5, -6.5, -5.5, -4.5, -3.5, -2.5, -1.5, -0.5]"
P003,1,A,0,problem4742,75% chance of 30; 25% chance of -26,25% chance of 2; 37.5% chance of 26; 37.5% chance of 24,"[0.75, 0.25]","[30.0, -26.0]","[0.25, 0.375, 0.375]","[2.0, 26.0, 24.0]"
P003,2,B,1,problem12064,21 for sure,99% chance of 22; 1% chance of 91,[1.0],[21.0],"[0.99, 0.01]","[22.0, 91.0]"
P003,3,A,0,problem14482,20% chance of 27; 80% chance of -13,99% chance of -6; 0.125% chance of 19.5; 0.375% chance of 20.5; 0.375% chance of 21.5; 0.125% chance of 22.5,"[0.2, 0.8]","[27.0, -13.0]","[0.99, 0.00125, 0.00375, 0.00375, 0.00125]","[-6.0, 19.5, 20.5, 21.5, 22.5]"
P003,4,B,1,problem9489,99% chance of 18; 1% chance of 3,80% chance of -1; 0.15625% chance of 42.5; 1.09375% chance of 43.5; 3.28125% chance of 44.5; 5.46875% chance of 45.5; 5.46875% chance of 46.5; 3.28125% chance of 47.5; 1.09375% chance of 48.5; 0.15625% chance of 49.5,"[0.99, 0.01]","[18.0, 3.0]","[0.8, 0.0015625, 0.0109375, 0.0328125, 0.0546875, 0.0546875, 0.0328125, 0.0109375, 0.0015625]","[-1.0, 42.5, 43.5, 44.5, 45.5, 46.5, 47.5, 48.5, 49.5]"
P003,5,A,0,problem14121,75% chance of 9; 25% chance of 12,90% chance of 13; 10% chance of -10,"[0.75, 0.25]","[9.0, 12.0]","[0.9, 0.1]","[13.0, -10.0]"
P003,6,A,0,problem1536,80% chance of -37; 2.5% chance of 116.5; 7.5% chance of 117.5; 7.5% chance of 118.5; 2.5% chance of 119.5,-4 for sure,"[0.8, 0.025, 0.075, 0.075, 0.025]","[-37.0, 116.5, 117.5, 118.5, 119.5]",[1.0],[-4.0]
P003,7,A,0,problem10215,7 for sure,5% chance of -29; 47.5% chance of 2.5; 47.5% chance of 3.5,[1.0],[7.0],"[0.05, 0.475, 0.475]","[-29.0, 2.5, 3.5]"
P003,8,A,0,problem6825,-4 for sure,40% chance of -20; 7.5% chance of 1.5; 22.5% chance of 2.5; 22.5% chance of 3.5; 7.5% chance of 4.5,[1.0],[-4.0],"[0.4, 0.075, 0.225, 0.225, 0.075]","[-20.0, 1.5, 2.5, 3.5, 4.5]"
P003,9,B,1,problem9997,20% chance of 23; 80% chance of 19,80% chance of 8; 0.15625% chance of 48.5; 1.09375% chance of 49.5; 3.28125% chance of 50.5; 5.46875% chance of 51.5; 5.46875% chance of 52.5; 3.28125% chance of 53.5; 1.09375% chance of 54.5; 0.15625% chance of 55.5,"[0.2, 0.8]","[23.0, 19.0]","[0.8, 0.0015625, 0.0109375, 0.0328125, 0.0546875, 0.0546875, 0.0328125, 0.0109375, 0.0015625]","[8.0, 48.5, 49.5, 50.5, 51.5, 52.5, 53.5, 54.5, 55.5]"
P003,10,A,0,problem11986,24 for sure,5% chance of -32; 47.5% chance of 35; 23.75% chance of 33; 11.875% chance of 29; 5.9375% chance of 21; 2.96875% chance of 5; 2.96875% chance of -27,[1.0],[24.0],"[0.05, 0.475, 0.2375, 0.11875, 0.059375, 0.0296875, 0.0296875]","[-32.0, 35.0, 33.0, 29.0, 21.0, 5.0, -27.0]"
P003,11,B,1,problem1684,90% chance of -11; 10% chance of 3,-9 for sure,"[0.9, 0.1]","[-11.0, 3.0]",[1.0],[-9.0]
P003,12,A,0,problem661,40% chance of 54; 60% chance of -14,90% chance of 9; 10% chance of 49,"[0.4, 0.6]","[54.0, -14.0]","[0.9, 0.1]","[9.0, 49.0]"
P003,13,B,1,problem4530,75% chance of -6; 25% chance of -17,25% chance of -12; 37.5% chance of -3.5; 37.5% chance of -2.5,"[0.75, 0.25]","[-6.0, -17.0]","[0.25, 0.375, 0.375]","[-12.0, -3.5, -2.5]"
P003,14,A,0,problem13311,90% chance of -4; 10% chance of 42,-7 for sure,"[0.9, 0.1]","[-4.0, 42.0]",[1.0],[-7.0]
P003,15,A,0,problem4099,99% chance of 11; 1% chance of 50,3 for sure,"[0.99, 0.01]","[11.0, 50.0]",[1.0],[3.0]
P003,16,B,1,problem95,50% chance of -3; 6.25% chance of 28.5; 18.75% chance of 29.5; 18.75% chance of 30.5; 6.25% chance of 31.5,60% chance of 10; 40% chance of 7,"[0.5, 0.0625, 0.1875, 0.1875, 0.0625]","[-3.0, 28.5, 29.5, 30.5, 31.5]","[0.6, 0.4]","[10.0, 7.0]"
P003,17,A,0,problem4509,50% chance of -21; 50% chance of 26,20% chance of 51; 80% chance of -9,"[0.5, 0.5]","[-21.0, 26.0]","[0.2, 0.8]","[51.0, -9.0]"
P003,18,B,1,problem2909,99% chance of -2; 1% chance of 49,25% chance of -1; 75% chance of -6,"[0.99, 0.01]","[-2.0, 49.0]","[0.25, 0.75]","[-1.0, -6.0]"
P003,19,A,0,problem13755,40% chance of 80; 60% chance of -20,75% chance of 15; 25% chance of 17,"[0.4, 0.6]","[80.0, -20.0]","[0.75, 0.25]","[15.0, 17.0]"
P003,20,A,0,problem5617,50% chance of 5; 50% chance of 9,-1 for sure,"[0.5, 0.5]","[5.0, 9.0]",[1.0],[-1.0]
P003,21,B,1,problem789,75% chance of -7; 12.5% chance of 56.5; 12.5% chance of 57.5,3 for sure,"[0.75, 0.125, 0.125]","[-7.0, 56.5, 57.5]",[1.0],[3.0]
P003,22,A,0,problem49,-9 for sure,50% chance of -20; 25% chance of -4.5; 25% chance of -3.5,[1.0],[-9.0],"[0.5, 0.25, 0.25]","[-20.0, -4.5, -3.5]"
P003,23,B,1,problem5129,90% chance of 8; 5% chance of 28; 5% chance of 26,17 for sure,"[0.9, 0.05, 0.05]","[8.0, 28.0, 26.0]",[1.0],[17.0]
P003,24,B,1,problem8475,27 for sure,90% chance of 32; 10% chance of 46,[1.0],[27.0],"[0.9, 0.1]","[32.0, 46.0]"
P003,25,B,1,problem2775,80% chance of -16; 20% chance of -8,-9 for sure,"[0.8, 0.2]","[-16.0, -8.0]",[1.0],[-9.0]
P003,26,B,1,problem4715,25% chance of 89; 75% chance of 9,60% chance of -19; 5% chance of 108.5; 15% chance of 109.5; 15% chance of 110.5; 5% chance of 111.5,"[0.25, 0.75]","[89.0, 9.0]","[0.6, 0.05, 0.15, 0.15, 0.05]","[-19.0, 108.5, 109.5, 110.5, 111.5]"
P003,27,B,1,problem1904,1 for sure,99% chance of 5; 1% chance of 35,[1.0],[1.0],"[0.99, 0.01]","[5.0, 35.0]"
P003,28,B,1,problem2586,75% chance of -18; 25% chance of 43,95% chance of 0; 5% chance of -21,"[0.75, 0.25]","[-18.0, 43.0]","[0.95, 0.05]","[0.0, -21.0]"
P003,29,A,0,problem5266,80% chance of 12; 20% chance of -22,90% chance of 6; 1.25% chance of 30.5; 3.75% chance of 31.5; 3.75% chance of 32.5; 1.25% chance of 33.5,"[0.8, 0.2]","[12.0, -22.0]","[0.9, 0.0125, 0.0375, 0.0375, 0.0125]","[6.0, 30.5, 31.5, 32.5, 33.5]"
P003,30,A,0,problem11529,25% chance of 59; 75% chance of 4,40% chance of 4; 60% chance of 33,"[0.25, 0.75]","[59.0, 4.0]","[0.4, 0.6]","[4.0, 33.0]"
P003,31,A,0,problem10272,-1 for sure,5% chance of -20; 2.96875% chance of 2.5; 14.8438% chance of 3.5; 29.6875% chance of 4.5; 29.6875% chance of 5.5; 14.8438% chance of 6.5; 2.96875% chance of 7.5,[1.0],[-1.0],"[0.05, 0.0296875, 0.1484375, 0.296875, 0.296875, 0.1484375, 0.0296875]","[-20.0, 2.5, 3.5, 4.5, 5.5, 6.5, 7.5]"
P003,32,A,0,problem5321,75% chance of 3; 25% chance of 64,25% chance of 65; 75% chance of -2,"[0.75, 0.25]","[3.0, 64.0]","[0.25, 0.75]","[65.0, -2.0]"
P003,33,B,1,problem13843,60% chance of -17; 1.25% chance of 106.5; 6.25% chance of 107.5; 12.5% chance of 108.5; 12.5% chance of 109.5; 6.25% chance of 110.5; 1.25% chance of 111.5,25% chance of 39; 75% chance of 19,"[0.6, 0.0125, 0.0625, 0.125, 0.125, 0.0625, 0.0125]","[-17.0, 106.5, 107.5, 108.5, 109.5, 110.5, 111.5]","[0.25, 0.75]","[39.0, 19.0]"
P003,34,A,0,problem5746,-1 for sure,99% chance of 1; 1% chance of 48,[1.0],[-1.0],"[0.99, 0.01]","[1.0, 48.0]"
P003,35,A,0,problem10241,8 for sure,60% chance of -15; 20% chance of 18; 10% chance of 20; 10% chance of 24,[1.0],[8.0],"[0.6, 0.2, 0.1, 0.1]","[-15.0, 18.0, 20.0, 24.0]"
P003,36,A,0,problem10396,50% chance of -41; 50% chance of 96,27 for sure,"[0.5, 0.5]","[-41.0, 96.0]",[1.0],[27.0]
P003,37,B,1,problem1497,95% chance of -5; 5% chance of -22,90% chance of -20; 10% chance of 93,"[0.95, 0.05]","[-5.0, -22.0]","[0.9, 0.1]","[-20.0, 93.0]"
P003,38,B,1,problem3265,25% chance of 13; 75% chance of 30,90% chance of 26; 10% chance of 17,"[0.25, 0.75]","[13.0, 30.0]","[0.9, 0.1]","[26.0, 17.0]"
P003,39,A,0,problem10671,12 for sure,75% chance of -3; 0.78125% chance of 47.5; 3.90625% chance of 48.5; 7.8125% chance of 49.5; 7.8125% chance of 50.5; 3.90625% chance of 51.5; 0.78125% chance of 52.5,[1.0],[12.0],"[0.75, 0.0078125, 0.0390625, 0.078125, 0.078125, 0.0390625, 0.0078125]","[-3.0, 47.5, 48.5, 49.5, 50.5, 51.5, 52.5]"
P003,40,B,1,problem9504,10% chance of 81; 90% chance of 12,60% chance of -27; 40% chance of 90,"[0.1, 0.9]","[81.0, 12.0]","[0.6, 0.4]","[-27.0, 90.0]"
P004,1,A,0,problem13878,80% chance of 7; 20% chance of -2,50% chance of -26; 50% chance of 34,"[0.8, 0.2]","[7.0, -2.0]","[0.5, 0.5]","[-26.0, 34.0]"
P004,2,B,1,problem5477,1% chance of 3; 99% chance of 18,5% chance of 26; 95% chance of 26,"[0.01, 0.99]","[3.0, 18.0]","[0.05, 0.95]","[26.0, 26.0]"
P004,3,B,1,problem12666,25% chance of -12; 2.34375% chance of 36.5; 11.7188% chance of 37.5; 23.4375% chance of 38.5; 23.4375% chance of 39.5; 11.7188% chance of 40.5; 2.34375% chance of 41.5,1% chance of 33; 99% chance of 19,"[0.25, 0.0234375, 0.1171875, 0.234375, 0.234375, 0.1171875, 0.0234375]","[-12.0, 36.5, 37.5, 38.5, 39.5, 40.5, 41.5]","[0.01, 0.99]","[33.0, 19.0]"
P004,4,A,0,problem11511,15 for sure,75% chance of 1; 25% chance of 50,[1.0],[15.0],"[0.75, 0.25]","[1.0, 50.0]"
P004,5,B,1,problem1854,25% chance of -42; 37.5% chance of 15; 18.75% chance of 13; 9.375% chance of 9; 4.6875% chance of 1; 4.6875% chance of -15,40% chance of 35; 60% chance of -38,"[0.25, 0.375, 0.1875, 0.09375, 0.046875, 0.046875]","[-42.0, 15.0, 13.0, 9.0, 1.0, -15.0]","[0.4, 0.6]","[35.0, -38.0]"
P004,6,A,0,problem4177,95% chance of -11; 5% chance of 93,-5 for sure,"[0.95, 0.05]","[-11.0, 93.0]",[1.0],[-5.0]
P004,7,A,0,problem2115,25 for sure,75% chance of 1; 25% chance of 77,[1.0],[25.0],"[0.75, 0.25]","[1.0, 77.0]"
P004,8,A,0,problem11440,90% chance of 1; 1.25% chance of 24.5; 3.75% chance of 25.5; 3.75% chance of 26.5; 1.25% chance of 27.5,5 for sure,"[0.9, 0.0125, 0.0375, 0.0375, 0.0125]","[1.0, 24.5, 25.5, 26.5, 27.5]",[1.0],[5.0]
P004,9,B,1,problem8560,60% chance of -39; 40% chance of 62,3 for sure,"[0.6, 0.4]","[-39.0, 62.0]",[1.0],[3.0]
P004,10,A,0,problem5043,60% chance of 2; 40% chance of 19,99% chance of -3; 1% chance of -25,"[0.6, 0.4]","[2.0, 19.0]","[0.99, 0.01]","[-3.0, -25.0]"
P004,11,A,0,problem8573,95% chance of -5; 5% chance of 76,-1 for sure,"[0.95, 0.05]","[-5.0, 76.0]",[1.0],[-1.0]
P004,12,B,1,problem966,-9 for sure,80% chance of -20; 2.5% chance of 13.5; 7.5% chance of 14.5; 7.5% chance of 15.5; 2.5% chance of 16.5,[1.0],[-9.0],"[0.8, 0.025, 0.075, 0.075, 0.025]","[-20.0, 13.5, 14.5, 15.5, 16.5]"
P004,13,B,1,problem12522,99% chance of 22; 0.00781% chance of 51.5; 0.05469% chance of 52.5; 0.16406% chance of 53.5; 0.27344% chance of 54.5; 0.27344% chance of 55.5; 0.16406% chance of 56.5; 0.05469% chance of 57.5; 0.00781% chance of 58.5,60% chance of 33; 40% chance of 0,"[0.99, 7.81e-05, 0.0005469, 0.0016406, 0.0027344, 0.0027344, 0.0016406, 0.0005469, 7.81e-05]","[22.0, 51.5, 52.5, 53.5, 54.5, 55.5, 56.5, 57.5, 58.5]","[0.6, 0.4]","[33.0, 0.0]"
P004,14,B,1,problem6093,5% chance of 46; 95% chance of 12,40% chance of -33; 60% chance of 34,"[0.05, 0.95]","[46.0, 12.0]","[0.4, 0.6]","[-33.0, 34.0]"
P004,15,A,0,problem7254,90% chance of 16; 5% chance of 102; 2.5% chance of 104; 1.25% chance of 108; 0.625% chance of 116; 0.3125% chance of 132; 0.15625% chance of 164; 0.15625% chance of 228,21 for sure,"[0.9, 0.05, 0.025, 0.0125, 0.00625, 0.003125, 0.0015625, 0.0015625]","[16.0, 102.0, 104.0, 108.0, 116.0, 132.0, 164.0, 228.0]",[1.0],[21.0]
P004,16,A,0,problem12518,99% chance of 6; 1% chance of 21,7 for sure,"[0.99, 0.01]","[6.0, 21.0]",[1.0],[7.0]
P004,17,B,1,problem2492,50% chance of 9; 25% chance of 10.5; 25% chance of 11.5,16 for sure,"[0.5, 0.25, 0.25]","[9.0, 10.5, 11.5]",[1.0],[16.0]
P004,18,B,1,problem7099,23 for sure,80% chance of 14; 10% chance of 28.5; 10% chance of 29.5,[1.0],[23.0],"[0.8, 0.1, 0.1]","[14.0, 28.5, 29.5]"
P004,19,B,1,problem507,20% chance of -7; 80% chance of 22,25% chance of 91; 75% chance of 3,"[0.2, 0.8]","[-7.0, 22.0]","[0.25, 0.75]","[91.0, 3.0]"
P004,20,A,0,problem682,95% chance of 3; 5% chance of 3,-2 for sure,"[0.95, 0.05]","[3.0, 3.0]",[1.0],[-2.0]
P004,21,B,1,problem233,12 for sure,95% chance of 17; 5% chance of 81,[1.0],[12.0],"[0.95, 0.05]","[17.0, 81.0]"
P004,22,B,1,problem562,99% chance of -2; 0.5% chance of 3; 0.25% chance of 5; 0.125% chance of 9; 0.125% chance of 17,7 for sure,"[0.99, 0.005, 0.0025, 0.00125, 0.00125]","[-2.0, 3.0, 5.0, 9.0, 17.0]",[1.0],[7.0]
P004,23,A,0,problem387,20% chance of 9; 80% chance of -11,1% chance of -10; 99% chance of -9,"[0.2, 0.8]","[9.0, -11.0]","[0.01, 0.99]","[-10.0, -9.0]"
P004,24,A,0,problem9225,5% chance of 63; 95% chance of 7,5% chance of 3; 0.74219% chance of 10.5; 5.19531% chance of 11.5; 15.5859% chance of 12.5; 25.9766% chance of 13.5; 25.9766% chance of 14.5; 15.5859% chance of 15.5; 5.19531% chance of 16.5; 0.74219% chance of 17.5,"[0.05, 0.95]","[63.0, 7.0]","[0.05, 0.0074219, 0.0519531, 0.1558594, 0.2597656, 0.2597656, 0.1558594, 0.0519531, 0.0074219]","[3.0, 10.5, 11.5, 12.5, 13.5, 14.5, 15.5, 16.5, 17.5]"
P004,25,A,0,problem12969,80% chance of 22; 20% chance of 59,25 for sure,"[0.8, 0.2]","[22.0, 59.0]",[1.0],[25.0]
P004,26,B,1,problem1190,50% chance of -21; 50% chance of 53,16 for sure,"[0.5, 0.5]","[-21.0, 53.0]",[1.0],[16.0]
P004,27,B,1,problem14217,60% chance of -41; 40% chance of 15,-8 for sure,"[0.6, 0.4]","[-41.0, 15.0]",[1.0],[-8.0]
P004,28,B,1,problem6105,60% chance of 7; 40% chance of -35,95% chance of -25; 0.15625% chance of 99.5; 0.78125% chance of 100.5; 1.5625% chance of 101.5; 1.5625% chance of 102.5; 0.78125% chance of 103.5; 0.15625% chance of 104.5,"[0.6, 0.4]","[7.0, -35.0]","[0.95, 0.0015625, 0.0078125, 0.015625, 0.015625, 0.0078125, 0.0015625]","[-25.0, 99.5, 100.5, 101.5, 102.5, 103.5, 104.5]"
P004,29,A,0,problem1349,80% chance of -17; 10% chance of 69; 10% chance of 71,-10 for sure,"[0.8, 0.1, 0.1]","[-17.0, 69.0, 71.0]",[1.0],[-10.0]
P004,30,B,1,problem4898,95% chance of -11; 5% chance of 64,1% chance of 14; 99% chance of -8,"[0.95, 0.05]","[-11.0, 64.0]","[0.01, 0.99]","[14.0, -8.0]"
P004,31,B,1,problem11940,40% chance of 64; 60% chance of -31,95% chance of 1; 2.5% chance of 29; 2.5% chance of 27,"[0.4, 0.6]","[64.0, -31.0]","[0.95, 0.025, 0.025]","[1.0, 29.0, 27.0]"
P004,32,A,0,problem445,25% chance of -42; 37.5% chance of 13; 37.5% chance of 15,-4 for sure,"[0.25, 0.375, 0.375]","[-42.0, 13.0, 15.0]",[1.0],[-4.0]
P004,33,B,1,problem1227,10% chance of -18; 90% chance of 21,11 for sure,"[0.1, 0.9]","[-18.0, 21.0]",[1.0],[11.0]
P004,34,A,0,problem6134,4 for sure,90% chance of -10; 10% chance of 65,[1.0],[4.0],"[0.9, 0.1]","[-10.0, 65.0]"
P004,35,A,0,problem7548,1% chance of 35; 99% chance of 14,20% chance of -5; 80% chance of 30,"[0.01, 0.99]","[35.0, 14.0]","[0.2, 0.8]","[-5.0, 30.0]"
P004,36,A,0,problem3407,1% chance of 73; 99% chance of 22,50% chance of 7; 50% chance of 36,"[0.01, 0.99]","[73.0, 22.0]","[0.5, 0.5]","[7.0, 36.0]"
P004,37,B,1,problem5743,10% chance of 29; 90% chance of 26,90% chance of 24; 1.25% chance of 32.5; 3.75% chance of 33.5; 3.75% chance of 34.5; 1.25% chance of 35.5,"[0.1, 0.9]","[29.0, 26.0]","[0.9, 0.0125, 0.0375, 0.0375, 0.0125]","[24.0, 32.5, 33.5, 34.5, 35.5]"
P004,38,B,1,problem11217,5% chance of 13; 11.875% chance of 26.5; 35.625% chance of 27.5; 35.625% chance of 28.5; 11.875% chance of 29.5,1% chance of 110; 99% chance of 27,"[0.05, 0.11875, 0.35625, 0.35625, 0.11875]","[13.0, 26.5, 27.5, 28.5, 29.5]","[0.01, 0.99]","[110.0, 27.0]"
P004,39,B,1,problem13174,60% chance of 11; 40% chance of 28,16 for sure,"[0.6, 0.4]","[11.0, 28.0]",[1.0],[16.0]
P004,40,B,1,problem8218,10% chance of -35; 90% chance of 28,90% chance of 20; 10% chance of 7,"[0.1, 0.9]","[-35.0, 28.0]","[0.9, 0.1]","[20.0, 7.0]"
P005,1,A,0,problem2713,25% chance of 16; 75% chance of -4,50% chance of -39; 0.39062% chance of 35.5; 2.73438% chance of 36.5; 8.20312% chance of 37.5; 13.6719% chance of 38.5; 13.6719% chance of 39.5; 8.20312% chance of 40.5; 2.73438% chance of 41.5; 0.39062% chance of 42.5,"[0.25, 0.75]","[16.0, -4.0]","[0.5, 0.0039062000000000003, 0.027343799999999998, 0.0820312, 0.1367188, 0.1367188, 0.0820312, 0.027343799999999998, 0.0039062000000000003]","[-39.0, 35.5, 36.5, 37.5, 38.5, 39.5, 40.5, 41.5, 42.5]"
P005,2,B,1,problem7530,60% chance of 24; 40% chance of 2,80% chance of 1; 20% chance of 68,"[0.6, 0.4]","[24.0, 2.0]","[0.8, 0.2]","[1.0, 68.0]"
P005,3,A,0,problem8316,5% chance of -4; 47.5% chance of 6.5; 47.5% chance of 7.5,5 for sure,"[0.05, 0.475, 0.475]","[-4.0, 6.5, 7.5]",[1.0],[5.0]
P005,4,A,0,problem12980,50% chance of -32; 50% chance of 24,90% chance of -4; 10% chance of -27,"[0.5, 0.5]","[-32.0, 24.0]","[0.9, 0.1]","[-4.0, -27.0]"
P005,5,A,0,problem8315,80% chance of 27; 20% chance of 19,50% chance of 12; 25% chance of 26; 12.5% chance of 24; 12.5% chance of 20,"[0.8, 0.2]","[27.0, 19.0]","[0.5, 0.25, 0.125, 0.125]","[12.0, 26.0, 24.0, 20.0]"
P005,6,A,0,problem1723,99% chance of 6; 1% chance of 10,2 for sure,"[0.99, 0.01]","[6.0, 10.0]",[1.0],[2.0]
P005,7,B,1,problem5896,40% chance of -17; 0.46875% chance of 41.5; 3.28125% chance of 42.5; 9.84375% chance of 43.5; 16.4062% chance of 44.5; 16.4062% chance of 45.5; 9.84375% chance of 46.5; 3.28125% chance of 47.5; 0.46875% chance of 48.5,15 for sure,"[0.4, 0.0046875, 0.0328125, 0.0984375, 0.1640625, 0.1640625, 0.0984375, 0.0328125, 0.0046875]","[-17.0, 41.5, 42.5, 43.5, 44.5, 45.5, 46.5, 47.5, 48.5]",[1.0],[15.0]
P005,8,A,0,problem2583,99% chance of 12; 0.125% chance of 70.5; 0.375% chance of 71.5; 0.375% chance of 72.5; 0.125% chance of 73.5,13 for sure,"[0.99, 0.00125, 0.00375, 0.00375, 0.00125]","[12.0, 70.5, 71.5, 72.5, 73.5]",[1.0],[13.0]
P005,9,A,0,problem7129,40% chance of -5; 0.46875% chance of 15.5; 3.28125% chance of 16.5; 9.84375% chance of 17.5; 16.4062% chance of 18.5; 16.4062% chance of 19.5; 9.84375% chance of 20.5; 3.28125% chance of 21.5; 0.46875% chance of 22.5,5 for sure,"[0.4, 0.0046875, 0.0328125, 0.0984375, 0.1640625, 0.1640625, 0.0984375, 0.0328125, 0.0046875]","[-5.0, 15.5, 16.5, 17.5, 18.5, 19.5, 20.5, 21.5, 22.5]",[1.0],[5.0]
P005,10,B,1,problem13526,4 for sure,75% chance of -27; 25% chance of 98,[1.0],[4.0],"[0.75, 0.25]","[-27.0, 98.0]"
P005,11,B,1,problem4924,60% chance of -1; 40% chance of 4,20% chance of 32; 80% chance of -2,"[0.6, 0.4]","[-1.0, 4.0]","[0.2, 0.8]","[32.0, -2.0]"
P005,12,B,1,problem11647,50% chance of 39; 50% chance of 11,75% chance of 0; 12.5% chance of 60; 6.25% chance of 62; 3.125% chance of 66; 1.5625% chance of 74; 0.78125% chance of 90; 0.78125% chance of 122,"[0.5, 0.5]","[39.0, 11.0]","[0.75, 0.125, 0.0625, 0.03125, 0.015625, 0.0078125, 0.0078125]","[0.0, 60.0, 62.0, 66.0, 74.0, 90.0, 122.0]"
P005,13,A,0,problem2918,20% chance of 16; 80% chance of 3,20% chance of -33; 80% chance of 20,"[0.2, 0.8]","[16.0, 3.0]","[0.2, 0.8]","[-33.0, 20.0]"
P005,14,B,1,problem9378,80% chance of 20; 20% chance of -21,20% chance of -5; 80% chance of 15,"[0.8, 0.2]","[20.0, -21.0]","[0.2, 0.8]","[-5.0, 15.0]"
P005,15,A,0,problem13723,10% chance of -15; 90% chance of -7,-9 for sure,"[0.1, 0.9]","[-15.0, -7.0]",[1.0],[-9.0]
P005,16,B,1,problem8229,5% chance of 15; 95% chance of 9,95% chance of 16; 2.5% chance of 24.5; 2.5% chance of 25.5,"[0.05, 0.95]","[15.0, 9.0]","[0.95, 0.025, 0.025]","[16.0, 24.5, 25.5]"
P005,17,B,1,problem8059,25% chance of 35; 75% chance of 8,99% chance of 19; 1% chance of 71,"[0.25, 0.75]","[35.0, 8.0]","[0.99, 0.01]","[19.0, 71.0]"
P005,18,A,0,problem5616,60% chance of -39; 40% chance of 56,5 for sure,"[0.6, 0.4]","[-39.0, 56.0]",[1.0],[5.0]
P005,19,B,1,problem13727,21 for sure,25% chance of 7; 9.375% chance of 30.5; 28.125% chance of 31.5; 28.125% chance of 32.5; 9.375% chance of 33.5,[1.0],[21.0],"[0.25, 0.09375, 0.28125, 0.28125, 0.09375]","[7.0, 30.5, 31.5, 32.5, 33.5]"
P005,20,A,0,problem4994,10% chance of 6; 90% chance of 18,80% chance of 15; 20% chance of 12,"[0.1, 0.9]","[6.0, 18.0]","[0.8, 0.2]","[15.0, 12.0]"
P005,21,B,1,problem3165,-7 for sure,25% chance of -12; 0.58594% chance of 4.5; 4.10156% chance of 5.5; 12.3047% chance of 6.5; 20.5078% chance of 7.5; 20.5078% chance of 8.5; 12.3047% chance of 9.5; 4.10156% chance of 10.5; 0.58594% chance of 11.5,[1.0],[-7.0],"[0.25, 0.0058594, 0.0410156, 0.12304690000000001, 0.20507809999999999, 0.20507809999999999, 0.12304690000000001, 0.0410156, 0.0058594]","[-12.0, 4.5, 5.5, 6.5, 7.5, 8.5, 9.5, 10.5, 11.5]"
P005,22,A,0,problem11429,-10 for sure,99% chance of -13; 0.00781% chance of 81.5; 0.05469% chance of 82.5; 0.16406% chance of 83.5; 0.27344% chance of 84.5; 0.27344% chance of 85.5; 0.16406% chance of 86.5; 0.05469% chance of 87.5; 0.00781% chance of 88.5,[1.0],[-10.0],"[0.99, 7.81e-05, 0.0005469, 0.0016406, 0.0027344, 0.0027344, 0.0016406, 0.0005469, 7.81e-05]","[-13.0, 81.5, 82.5, 83.5, 84.5, 85.5, 86.5, 87.5, 88.5]"
P005,23,A,0,problem5385,5% chance of 33; 95% chance of -4,99% chance of -7; 1% chance of 62,"[0.05, 0.95]","[33.0, -4.0]","[0.99, 0.01]","[-7.0, 62.0]"
P005,24,A,0,problem7775,80% chance of -6; 20% chance of 17,5 for sure,"[0.8, 0.2]","[-6.0, 17.0]",[1.0],[5.0]
P005,25,B,1,problem5972,25% chance of -9; 37.5% chance of -11; 18.75% chance of -9; 9.375% chance of -5; 9.375% chance of 3,-3 for sure,"[0.25, 0.375, 0.1875, 0.09375, 0.09375]","[-9.0, -11.0, -9.0, -5.0, 3.0]",[1.0],[-3.0]
P005,26,B,1,problem8793,20% chance of -30; 80% chance of 62,10% chance of 57; 90% chance of 27,"[0.2, 0.8]","[-30.0, 62.0]","[0.1, 0.9]","[57.0, 27.0]"
P005,27,A,0,problem11566,25% chance of -50; 37.5% chance of 48.5; 37.5% chance of 49.5,5% chance of 43; 95% chance of 23,"[0.25, 0.375, 0.375]","[-50.0, 48.5, 49.5]","[0.05, 0.95]","[43.0, 23.0]"
P005,28,B,1,problem10407,5% chance of 46; 95% chance of -13,90% chance of -4; 5% chance of 28; 2.5% chance of 30; 1.25% chance of 34; 0.625% chance of 42; 0.3125% chance of 58; 0.3125% chance of 90,"[0.05, 0.95]","[46.0, -13.0]","[0.9, 0.05, 0.025, 0.0125, 0.00625, 0.003125, 0.003125]","[-4.0, 28.0, 30.0, 34.0, 42.0, 58.0, 90.0]"
P005,29,A,0,problem793,75% chance of 1; 25% chance of 47,25% chance of 93; 75% chance of -28,"[0.75, 0.25]","[1.0, 47.0]","[0.25, 0.75]","[93.0, -28.0]"
P005,30,A,0,problem6196,60% chance of -42; 1.25% chance of 99.5; 6.25% chance of 100.5; 12.5% chance of 101.5; 12.5% chance of 102.5; 6.25% chance of 103.5; 1.25% chance of 104.5,12 for sure,"[0.6, 0.0125, 0.0625, 0.125, 0.125, 0.0625, 0.0125]","[-42.0, 99.5, 100.5, 101.5, 102.5, 103.5, 104.5]",[1.0],[12.0]
P005,31,B,1,problem5705,75% chance of 18; 25% chance of 20,25 for sure,"[0.75, 0.25]","[18.0, 20.0]",[1.0],[25.0]
P005,32,B,1,problem6994,90% chance of 0; 10% chance of -2,60% chance of -41; 40% chance of 76,"[0.9, 0.1]","[0.0, -2.0]","[0.6, 0.4]","[-41.0, 76.0]"
P005,33,B,1,problem5652,90% chance of -11; 10% chance of 47,-9 for sure,"[0.9, 0.1]","[-11.0, 47.0]",[1.0],[-9.0]
P005,34,A,0,problem12634,40% chance of 4; 60% chance of 41,22 for sure,"[0.4, 0.6]","[4.0, 41.0]",[1.0],[22.0]
P005,35,B,1,problem3598,75% chance of 12; 3.125% chance of 37.5; 9.375% chance of 38.5; 9.375% chance of 39.5; 3.125% chance of 40.5,5% chance of 41; 95% chance of 14,"[0.75, 0.03125, 0.09375, 0.09375, 0.03125]","[12.0, 37.5, 38.5, 39.5, 40.5]","[0.05, 0.95]","[41.0, 14.0]"
P005,36,B,1,problem4682,80% chance of -14; 20% chance of 29,-7 for sure,"[0.8, 0.2]","[-14.0, 29.0]",[1.0],[-7.0]
P005,37,B,1,problem3776,80% chance of -11; 2.5% chance of 21.5; 7.5% chance of 22.5; 7.5% chance of 23.5; 2.5% chance of 24.5,-7 for sure,"[0.8, 0.025, 0.075, 0.075, 0.025]","[-11.0, 21.5, 22.5, 23.5, 24.5]",[1.0],[-7.0]
P005,38,A,0,problem8110,40% chance of 20; 60% chance of -5,95% chance of 3; 2.5% chance of 26; 1.25% chance of 28; 0.625% chance of 32; 0.625% chance of 40,"[0.4, 0.6]","[20.0, -5.0]","[0.95, 0.025, 0.0125, 0.00625, 0.00625]","[3.0, 26.0, 28.0, 32.0, 40.0]"
P005,39,A,0,problem7378,50% chance of 2; 50% chance of 64,75% chance of 40; 25% chance of -7,"[0.5, 0.5]","[2.0, 64.0]","[0.75, 0.25]","[40.0, -7.0]"
P005,40,A,0,problem8477,25 for sure,99% chance of 18; 1% chance of 33,[1.0],[25.0],"[0.99, 0.01]","[18.0, 33.0]"
P006,1,A,0,problem6857,1% chance of -21; 99% chance of 16,1% chance of 44; 99% chance of 15,"[0.01, 0.99]","[-21.0, 16.0]","[0.01, 0.99]","[44.0, 15.0]"
P006,2,B,1,problem11849,0 for sure,25% chance of -1; 75% chance of 6,[1.0],[0.0],"[0.25, 0.75]","[-1.0, 6.0]"
P006,3,B,1,problem9863,90% chance of 24; 10% chance of 32,25 for sure,"[0.9, 0.1]","[24.0, 32.0]",[1.0],[25.0]
P006,4,B,1,problem6543,95% chance of -2; 2.5% chance of 10; 1.25% chance of 12; 0.625% chance of 16; 0.625% chance of 24,95% chance of 2; 5% chance of -37,"[0.95, 0.025, 0.0125, 0.00625, 0.00625]","[-2.0, 10.0, 12.0, 16.0, 24.0]","[0.95, 0.05]","[2.0, -37.0]"
P006,5,B,1,problem4661,50% chance of 28; 50% chance of -2,25% chance of 18; 2.34375% chance of 22.5; 11.7188% chance of 23.5; 23.4375% chance of 24.5; 23.4375% chance of 25.5; 11.7188% chance of 26.5; 2.34375% chance of 27.5,"[0.5, 0.5]","[28.0, -2.0]","[0.25, 0.0234375, 0.1171875, 0.234375, 0.234375, 0.1171875, 0.0234375]","[18.0, 22.5, 23.5, 24.5, 25.5, 26.5, 27.5]"
P006,6,B,1,problem3078,0 for sure,40% chance of -33; 0.46875% chance of 19.5; 3.28125% chance of 20.5; 9.84375% chance of 21.5; 16.4062% chance of 22.5; 16.4062% chance of 23.5; 9.84375% chance of 24.5; 3.28125% chance of 25.5; 0.46875% chance of 26.5,[1.0],[0.0],"[0.4, 0.0046875, 0.0328125, 0.0984375, 0.1640625, 0.1640625, 0.0984375, 0.0328125, 0.0046875]","[-33.0, 19.5, 20.5, 21.5, 22.5, 23.5, 24.5, 25.5, 26.5]"
P006,7,B,1,problem7945,40% chance of 30; 60% chance of 0,60% chance of -16; 40% chance of 54,"[0.4, 0.6]","[30.0, 0.0]","[0.6, 0.4]","[-16.0, 54.0]"
P006,8,B,1,problem9303,-6 for sure,80% chance of -5; 20% chance of 34,[1.0],[-6.0],"[0.8, 0.2]","[-5.0, 34.0]"
P006,9,B,1,problem2922,27 for sure,20% chance of -2; 40% chance of 42; 20% chance of 44; 10% chance of 48; 5% chance of 56; 2.5% chance of 72; 1.25% chance of 104; 1.25% chance of 168,[1.0],[27.0],"[0.2, 0.4, 0.2, 0.1, 0.05, 0.025, 0.0125, 0.0125]","[-2.0, 42.0, 44.0, 48.0, 56.0, 72.0, 104.0, 168.0]"
P006,10,B,1,problem13469,17 for sure,80% chance of 5; 20% chance of 34,[1.0],[17.0],"[0.8, 0.2]","[5.0, 34.0]"
P006,11,B,1,problem11507,40% chance of 38; 60% chance of 8,25% chance of -25; 37.5% chance of 35; 18.75% chance of 37; 9.375% chance of 41; 4.6875% chance of 49; 2.34375% chance of 65; 2.34375% chance of 97,"[0.4, 0.6]","[38.0, 8.0]","[0.25, 0.375, 0.1875, 0.09375, 0.046875, 0.0234375, 0.0234375]","[-25.0, 35.0, 37.0, 41.0, 49.0, 65.0, 97.0]"
P006,12,B,1,problem6405,90% chance of 18; 5% chance of 49; 2.5% chance of 47; 2.5% chance of 43,75% chance of 32; 25% chance of 8,"[0.9, 0.05, 0.025, 0.025]","[18.0, 49.0, 47.0, 43.0]","[0.75, 0.25]","[32.0, 8.0]"
P006,13,A,0,problem6168,50% chance of 61; 50% chance of -43,40% chance of -3; 30% chance of 4.5; 30% chance of 5.5,"[0.5, 0.5]","[61.0, -43.0]","[0.4, 0.3, 0.3]","[-3.0, 4.5, 5.5]"
P006,14,B,1,problem10873,80% chance of -9; 10% chance of -4.5; 10% chance of -3.5,-5 for sure,"[0.8, 0.1, 0.1]","[-9.0, -4.5, -3.5]",[1.0],[-5.0]
P006,15,A,0,problem1632,50% chance of 36; 50% chance of -46,99% chance of -8; 1% chance of 17,"[0.5, 0.5]","[36.0, -46.0]","[0.99, 0.01]","[-8.0, 17.0]"
P006,16,A,0,problem7625,20 for sure,5% chance of -22; 95% chance of 17,[1.0],[20.0],"[0.05, 0.95]","[-22.0, 17.0]"
P006,17,A,0,problem5341,25% chance of 8; 75% chance of 32,1% chance of 86; 99% chance of 22,"[0.25, 0.75]","[8.0, 32.0]","[0.01, 0.99]","[86.0, 22.0]"
P006,18,B,1,problem4478,95% chance of 8; 5% chance of 71,25% chance of 72; 75% chance of -8,"[0.95, 0.05]","[8.0, 71.0]","[0.25, 0.75]","[72.0, -8.0]"
P006,19,B,1,problem233,12 for sure,95% chance of 17; 5% chance of 81,[1.0],[12.0],"[0.95, 0.05]","[17.0, 81.0]"
P006,20,A,0,problem4977,60% chance of 14; 40% chance of -36,80% chance of -24; 20% chance of 31,"[0.6, 0.4]","[14.0, -36.0]","[0.8, 0.2]","[-24.0, 31.0]"
P006,21,B,1,problem12521,12 for sure,95% chance of 8; 0.15625% chance of 93.5; 0.78125% chance of 94.5; 1.5625% chance of 95.5; 1.5625% chance of 96.5; 0.78125% chance of 97.5; 0.15625% chance of 98.5,[1.0],[12.0],"[0.95, 0.0015625, 0.0078125, 0.015625, 0.015625, 0.0078125, 0.0015625]","[8.0, 93.5, 94.5, 95.5, 96.5, 97.5, 98.5]"
P006,22,B,1,problem10145,90% chance of -8; 1.25% chance of 100.5; 3.75% chance of 101.5; 3.75% chance of 102.5; 1.25% chance of 103.5,40% chance of 22; 60% chance of -23,"[0.9, 0.0125, 0.0375, 0.0375, 0.0125]","[-8.0, 100.5, 101.5, 102.5, 103.5]","[0.4, 0.6]","[22.0, -23.0]"
P006,23,B,1,problem11223,-6 for sure,50% chance of -36; 6.25% chance of 30.5; 18.75% chance of 31.5; 18.75% chance of 32.5; 6.25% chance of 33.5,[1.0],[-6.0],"[0.5, 0.0625, 0.1875, 0.1875, 0.0625]","[-36.0, 30.5, 31.5, 32.5, 33.5]"
P006,24,B,1,problem6953,20% chance of 113; 80% chance of -17,50% chance of 10; 25% chance of 12.5; 25% chance of 13.5,"[0.2, 0.8]","[113.0, -17.0]","[0.5, 0.25, 0.25]","[10.0, 12.5, 13.5]"
P006,25,B,1,problem8347,24 for sure,60% chance of 18; 20% chance of 35.5; 20% chance of 36.5,[1.0],[24.0],"[0.6, 0.2, 0.2]","[18.0, 35.5, 36.5]"
P006,26,B,1,problem12124,10% chance of 42; 90% chance of 16,20% chance of 6; 80% chance of 19,"[0.1, 0.9]","[42.0, 16.0]","[0.2, 0.8]","[6.0, 19.0]"
P006,27,B,1,problem2137,8 for sure,40% chance of -2; 60% chance of 16,[1.0],[8.0],"[0.4, 0.6]","[-2.0, 16.0]"
P006,28,B,1,problem4778,14 for sure,90% chance of 21; 10% chance of 46,[1.0],[14.0],"[0.9, 0.1]","[21.0, 46.0]"
P006,29,A,0,problem741,28 for sure,80% chance of 1; 20% chance of 86,[1.0],[28.0],"[0.8, 0.2]","[1.0, 86.0]"
P006,30,B,1,problem3391,14 for sure,40% chance of -2; 60% chance of 34,[1.0],[14.0],"[0.4, 0.6]","[-2.0, 34.0]"
P006,31,A,0,problem11565,90% chance of 2; 5% chance of 43.5; 5% chance of 44.5,15 for sure,"[0.9, 0.05, 0.05]","[2.0, 43.5, 44.5]",[1.0],[15.0]
P006,32,A,0,problem1253,60% chance of -12; 40% chance of -1,5% chance of -7; 95% chance of -10,"[0.6, 0.4]","[-12.0, -1.0]","[0.05, 0.95]","[-7.0, -10.0]"
P006,33,B,1,problem2937,10% chance of -29; 90% chance of 34,80% chance of 37; 20% chance of -2,"[0.1, 0.9]","[-29.0, 34.0]","[0.8, 0.2]","[37.0, -2.0]"
P006,34,B,1,problem10380,90% chance of 15; 10% chance of -5,1% chance of 2; 49.5% chance of 9.5; 49.5% chance of 10.5,"[0.9, 0.1]","[15.0, -5.0]","[0.01, 0.495, 0.495]","[2.0, 9.5, 10.5]"
P006,35,A,0,problem4145,60% chance of 19; 40% chance of 24,20 for sure,"[0.6, 0.4]","[19.0, 24.0]",[1.0],[20.0]
P006,36,A,0,problem14312,50% chance of 76; 50% chance of -36,50% chance of -6; 25% chance of 18; 12.5% chance of 20; 6.25% chance of 24; 3.125% chance of 32; 1.5625% chance of 48; 1.5625% chance of 80,"[0.5, 0.5]","[76.0, -36.0]","[0.5, 0.25, 0.125, 0.0625, 0.03125, 0.015625, 0.015625]","[-6.0, 18.0, 20.0, 24.0, 32.0, 48.0, 80.0]"
P006,37,B,1,problem5788,-5 for sure,80% chance of -18; 20% chance of 43,[1.0],[-5.0],"[0.8, 0.2]","[-18.0, 43.0]"
P006,38,A,0,problem9411,40% chance of 34; 60% chance of -36,25% chance of -37; 75% chance of 0,"[0.4, 0.6]","[34.0, -36.0]","[0.25, 0.75]","[-37.0, 0.0]"
P006,39,B,1,problem3464,10% chance of 20; 90% chance of -2,75% chance of 0; 0.78125% chance of 9.5; 3.90625% chance of 10.5; 7.8125% chance of 11.5; 7.8125% chance of 12.5; 3.90625% chance of 13.5; 0.78125% chance of 14.5,"[0.1, 0.9]","[20.0, -2.0]","[0.75, 0.0078125, 0.0390625, 0.078125, 0.078125, 0.0390625, 0.0078125]","[0.0, 9.5, 10.5, 11.5, 12.5, 13.5, 14.5]"
P006,40,B,1,problem7953,10 for sure,75% chance of 3; 25% chance of 34,[1.0],[10.0],"[0.75, 0.25]","[3.0, 34.0]"
P007,1,B,1,problem5580,50% chance of -47; 6.25% chance of 87.5; 18.75% chance of 88.5; 18.75% chance of 89.5; 6.25% chance of 90.5,75% chance of 29; 25% chance of 18,"[0.5, 0.0625, 0.1875, 0.1875, 0.0625]","[-47.0, 87.5, 88.5, 89.5, 90.5]","[0.75, 0.25]","[29.0, 18.0]"
P007,2,B,1,problem9194,90% chance of -14; 1.25% chance of -14.5; 3.75% chance of -13.5; 3.75% chance of -12.5; 1.25% chance of -11.5,-6 for sure,"[0.9, 0.0125, 0.0375, 0.0375, 0.0125]","[-14.0, -14.5, -13.5, -12.5, -11.5]",[1.0],[-6.0]
P007,3,A,0,problem9066,6 for sure,50% chance of -15; 50% chance of 31,[1.0],[6.0],"[0.5, 0.5]","[-15.0, 31.0]"
P007,4,B,1,problem11077,80% chance of 7; 20% chance of 17,25% chance of 41; 75% chance of 6,"[0.8, 0.2]","[7.0, 17.0]","[0.25, 0.75]","[41.0, 6.0]"
P007,5,A,0,problem12588,25% chance of 0; 37.5% chance of 33; 18.75% chance of 35; 9.375% chance of 39; 4.6875% chance of 47; 2.34375% chance of 63; 1.17188% chance of 95; 1.17188% chance of 159,30 for sure,"[0.25, 0.375, 0.1875, 0.09375, 0.046875, 0.0234375, 0.0117188, 0.0117188]","[0.0, 33.0, 35.0, 39.0, 47.0, 63.0, 95.0, 159.0]",[1.0],[30.0]
P007,6,A,0,problem10282,50% chance of 17; 50% chance of 28,8 for sure,"[0.5, 0.5]","[17.0, 28.0]",[1.0],[8.0]
P007,7,B,1,problem6021,75% chance of -40; 25% chance of 115,-1 for sure,"[0.75, 0.25]","[-40.0, 115.0]",[1.0],[-1.0]
P007,8,B,1,problem13983,25% chance of -8; 0.58594% chance of 4.5; 4.10156% chance of 5.5; 12.3047% chance of 6.5; 20.5078% chance of 7.5; 20.5078% chance of 8.5; 12.3047% chance of 9.5; 4.10156% chance of 10.5; 0.58594% chance of 11.5,15 for sure,"[0.25, 0.0058594, 0.0410156, 0.12304690000000001, 0.20507809999999999, 0.20507809999999999, 0.12304690000000001, 0.0410156, 0.0058594]","[-8.0, 4.5, 5.5, 6.5, 7.5, 8.5, 9.5, 10.5, 11.5]",[1.0],[15.0]
P007,9,A,0,problem6359,-6 for sure,40% chance of -50; 60% chance of 23,[1.0],[-6.0],"[0.4, 0.6]","[-50.0, 23.0]"
P007,10,A,0,problem2882,20% chance of 25; 40% chance of 22; 20% chance of 24; 10% chance of 28; 5% chance of 36; 2.5% chance of 52; 2.5% chance of 84,1% chance of 28; 99% chance of 26,"[0.2, 0.4, 0.2, 0.1, 0.05, 0.025, 0.025]","[25.0, 22.0, 24.0, 28.0, 36.0, 52.0, 84.0]","[0.01, 0.99]","[28.0, 26.0]"
P007,11,A,0,problem4323,50% chance of -14; 50% chance of 27,25% chance of 53; 75% chance of -7,"[0.5, 0.5]","[-14.0, 27.0]","[0.25, 0.75]","[53.0, -7.0]"
P007,12,A,0,problem13515,22 for sure,80% chance of 9; 20% chance of 75,[1.0],[22.0],"[0.8, 0.2]","[9.0, 75.0]"
P007,13,A,0,problem4424,3 for sure,25% chance of -30; 9.375% chance of 17.5; 28.125% chance of 18.5; 28.125% chance of 19.5; 9.375% chance of 20.5,[1.0],[3.0],"[0.25, 0.09375, 0.28125, 0.28125, 0.09375]","[-30.0, 17.5, 18.5, 19.5, 20.5]"
P007,14,B,1,problem9717,50% chance of 39; 50% chance of -9,75% chance of 10; 25% chance of 41,"[0.5, 0.5]","[39.0, -9.0]","[0.75, 0.25]","[10.0, 41.0]"
P007,15,A,0,problem8075,1% chance of 63; 99% chance of -3,40% chance of -49; 60% chance of 26,"[0.01, 0.99]","[63.0, -3.0]","[0.4, 0.6]","[-49.0, 26.0]"
P007,16,B,1,problem13753,20% chance of 101; 80% chance of 8,80% chance of 28; 20% chance of 33,"[0.2, 0.8]","[101.0, 8.0]","[0.8, 0.2]","[28.0, 33.0]"
P007,17,B,1,problem8391,12 for sure,99% chance of 6; 1% chance of 45,[1.0],[12.0],"[0.99, 0.01]","[6.0, 45.0]"
P007,18,A,0,problem942,-3 for sure,99% chance of -8; 1% chance of -1,[1.0],[-3.0],"[0.99, 0.01]","[-8.0, -1.0]"
P007,19,B,1,problem9967,40% chance of 44; 60% chance of -3,16 for sure,"[0.4, 0.6]","[44.0, -3.0]",[1.0],[16.0]
P007,20,A,0,problem4797,10% chance of 30; 90% chance of 16,50% chance of -31; 50% chance of 61,"[0.1, 0.9]","[30.0, 16.0]","[0.5, 0.5]","[-31.0, 61.0]"
P007,21,A,0,problem12072,20% chance of -30; 80% chance of -4,20% chance of 64; 80% chance of -19,"[0.2, 0.8]","[-30.0, -4.0]","[0.2, 0.8]","[64.0, -19.0]"
P007,22,B,1,problem1000,1% chance of -3; 99% chance of 4,4 for sure,"[0.01, 0.99]","[-3.0, 4.0]",[1.0],[4.0]
P007,23,B,1,problem6244,6 for sure,50% chance of 2; 25% chance of 15.5; 25% chance of 16.5,[1.0],[6.0],"[0.5, 0.25, 0.25]","[2.0, 15.5, 16.5]"
P007,24,B,1,problem9725,20% chance of -15; 80% chance of 7,-5 for sure,"[0.2, 0.8]","[-15.0, 7.0]",[1.0],[-5.0]
P007,25,A,0,problem8541,21 for sure,20% chance of 8; 2.5% chance of 26.5; 12.5% chance of 27.5; 25% chance of 28.5; 25% chance of 29.5; 12.5% chance of 30.5; 2.5% chance of 31.5,[1.0],[21.0],"[0.2, 0.025, 0.125, 0.25, 0.25, 0.125, 0.025]","[8.0, 26.5, 27.5, 28.5, 29.5, 30.5, 31.5]"
P007,26,A,0,problem13550,60% chance of 19; 40% chance of 1,25% chance of -6; 75% chance of 20,"[0.6, 0.4]","[19.0, 1.0]","[0.25, 0.75]","[-6.0, 20.0]"
P007,27,B,1,problem5248,60% chance of 46; 40% chance of -24,20% chance of -4; 80% chance of 28,"[0.6, 0.4]","[46.0, -24.0]","[0.2, 0.8]","[-4.0, 28.0]"
P007,28,B,1,problem6735,50% chance of -14; 1.5625% chance of 53.5; 7.8125% chance of 54.5; 15.625% chance of 55.5; 15.625% chance of 56.5; 7.8125% chance of 57.5; 1.5625% chance of 58.5,20% chance of 47; 80% chance of 18,"[0.5, 0.015625, 0.078125, 0.15625, 0.15625, 0.078125, 0.015625]","[-14.0, 53.5, 54.5, 55.5, 56.5, 57.5, 58.5]","[0.2, 0.8]","[47.0, 18.0]"
P007,29,B,1,problem11346,50% chance of -14; 25% chance of 13; 12.5% chance of 11; 6.25% chance of 7; 6.25% chance of -1,3 for sure,"[0.5, 0.25, 0.125, 0.0625, 0.0625]","[-14.0, 13.0, 11.0, 7.0, -1.0]",[1.0],[3.0]
P007,30,B,1,problem11244,40% chance of 42; 60% chance of -16,25% chance of -25; 75% chance of 12,"[0.4, 0.6]","[42.0, -16.0]","[0.25, 0.75]","[-25.0, 12.0]"
P007,31,A,0,problem1480,22 for sure,50% chance of 5; 25% chance of 26.5; 25% chance of 27.5,[1.0],[22.0],"[0.5, 0.25, 0.25]","[5.0, 26.5, 27.5]"
P007,32,B,1,problem3908,20% chance of -19; 0.625% chance of -5.5; 4.375% chance of -4.5; 13.125% chance of -3.5; 21.875% chance of -2.5; 21.875% chance of -1.5; 13.125% chance of -0.5; 4.375% chance of 0.5; 0.625% chance of 1.5,90% chance of -4; 10% chance of -10,"[0.2, 0.00625, 0.04375, 0.13125, 0.21875, 0.21875, 0.13125, 0.04375, 0.00625]","[-19.0, -5.5, -4.5, -3.5, -2.5, -1.5, -0.5, 0.5, 1.5]","[0.9, 0.1]","[-4.0, -10.0]"
P007,33,A,0,problem9397,90% chance of 0; 5% chance of 29.5; 5% chance of 30.5,-5 for sure,"[0.9, 0.05, 0.05]","[0.0, 29.5, 30.5]",[1.0],[-5.0]
P007,34,A,0,problem2616,40% chance of -33; 60% chance of 13,-3 for sure,"[0.4, 0.6]","[-33.0, 13.0]",[1.0],[-3.0]
P007,35,A,0,problem4221,20 for sure,60% chance of -16; 20% chance of 68; 10% chance of 66; 5% chance of 62; 2.5% chance of 54; 1.25% chance of 38; 1.25% chance of 6,[1.0],[20.0],"[0.6, 0.2, 0.1, 0.05, 0.025, 0.0125, 0.0125]","[-16.0, 68.0, 66.0, 62.0, 54.0, 38.0, 6.0]"
P007,36,A,0,problem2729,20% chance of -1; 80% chance of 34,19 for sure,"[0.2, 0.8]","[-1.0, 34.0]",[1.0],[19.0]
P007,37,A,0,problem6778,5% chance of 16; 95% chance of 24,60% chance of 42; 40% chance of -5,"[0.05, 0.95]","[16.0, 24.0]","[0.6, 0.4]","[42.0, -5.0]"
P007,38,A,0,problem8184,5% chance of -30; 95% chance of 0,-2 for sure,"[0.05, 0.95]","[-30.0, 0.0]",[1.0],[-2.0]
P007,39,A,0,problem9641,95% chance of 25; 5% chance of 31,28 for sure,"[0.95, 0.05]","[25.0, 31.0]",[1.0],[28.0]
P007,40,A,0,problem22,0 for sure,75% chance of -27; 25% chance of 63,[1.0],[0.0],"[0.75, 0.25]","[-27.0, 63.0]"
P008,1,B,1,problem6904,60% chance of -38; 40% chance of 68,0 for sure,"[0.6, 0.4]","[-38.0, 68.0]",[1.0],[0.0]
P008,2,A,0,problem3658,40% chance of 30; 1.875% chance of 32.5; 9.375% chance of 33.5; 18.75% chance of 34.5; 18.75% chance of 35.5; 9.375% chance of 36.5; 1.875% chance of 37.5,99% chance of 27; 1% chance of 19,"[0.4, 0.01875, 0.09375, 0.1875, 0.1875, 0.09375, 0.01875]","[30.0, 32.5, 33.5, 34.5, 35.5, 36.5, 37.5]","[0.99, 0.01]","[27.0, 19.0]"
P008,3,B,1,problem12680,75% chance of -8; 25% chance of 65,9 for sure,"[0.75, 0.25]","[-8.0, 65.0]",[1.0],[9.0]
P008,4,B,1,problem8720,1% chance of 3; 3.09375% chance of 19.5; 15.4688% chance of 20.5; 30.9375% chance of 21.5; 30.9375% chance of 22.5; 15.4688% chance of 23.5; 3.09375% chance of 24.5,75% chance of 25; 25% chance of 1,"[0.01, 0.0309375, 0.1546875, 0.309375, 0.309375, 0.1546875, 0.0309375]","[3.0, 19.5, 20.5, 21.5, 22.5, 23.5, 24.5]","[0.75, 0.25]","[25.0, 1.0]"
P008,5,A,0,problem9929,-2 for sure,80% chance of -31; 20% chance of 62,[1.0],[-2.0],"[0.8, 0.2]","[-31.0, 62.0]"
P008,6,A,0,problem7721,95% chance of -3; 0.625% chance of 36.5; 1.875% chance of 37.5; 1.875% chance of 38.5; 0.625% chance of 39.5,40% chance of 69; 60% chance of -46,"[0.95, 0.00625, 0.01875, 0.01875, 0.00625]","[-3.0, 36.5, 37.5, 38.5, 39.5]","[0.4, 0.6]","[69.0, -46.0]"
P008,7,A,0,problem10329,80% chance of 28; 20% chance of 28,50% chance of -16; 25% chance of 76; 12.5% chance of 74; 6.25% chance of 70; 3.125% chance of 62; 3.125% chance of 46,"[0.8, 0.2]","[28.0, 28.0]","[0.5, 0.25, 0.125, 0.0625, 0.03125, 0.03125]","[-16.0, 76.0, 74.0, 70.0, 62.0, 46.0]"
P008,8,A,0,problem4116,7 for sure,75% chance of -1; 12.5% chance of 42; 6.25% chance of 40; 3.125% chance of 36; 1.5625% chance of 28; 0.78125% chance of 12; 0.78125% chance of -20,[1.0],[7.0],"[0.75, 0.125, 0.0625, 0.03125, 0.015625, 0.0078125, 0.0078125]","[-1.0, 42.0, 40.0, 36.0, 28.0, 12.0, -20.0]"
P008,9,B,1,problem4881,80% chance of -6; 20% chance of 73,40% chance of 14; 60% chance of 1,"[0.8, 0.2]","[-6.0, 73.0]","[0.4, 0.6]","[14.0, 1.0]"
P008,10,B,1,problem10604,40% chance of -31; 60% chance of 9,1 for sure,"[0.4, 0.6]","[-31.0, 9.0]",[1.0],[1.0]
P008,11,A,0,problem5210,5% chance of 102; 95% chance of 20,60% chance of 14; 1.25% chance of 16.5; 6.25% chance of 17.5; 12.5% chance of 18.5; 12.5% chance of 19.5; 6.25% chance of 20.5; 1.25% chance of 21.5,"[0.05, 0.95]","[102.0, 20.0]","[0.6, 0.0125, 0.0625, 0.125, 0.125, 0.0625, 0.0125]","[14.0, 16.5, 17.5, 18.5, 19.5, 20.5, 21.5]"
P008,12,B,1,problem13441,20% chance of 72; 80% chance of 9,60% chance of 24; 20% chance of 37.5; 20% chance of 38.5,"[0.2, 0.8]","[72.0, 9.0]","[0.6, 0.2, 0.2]","[24.0, 37.5, 38.5]"
P008,13,A,0,problem8914,16 for sure,40% chance of -16; 0.46875% chance of 46.5; 3.28125% chance of 47.5; 9.84375% chance of 48.5; 16.4062% chance of 49.5; 16.4062% chance of 50.5; 9.84375% chance of 51.5; 3.28125% chance of 52.5; 0.46875% chance of 53.5,[1.0],[16.0],"[0.4, 0.0046875, 0.0328125, 0.0984375, 0.1640625, 0.1640625, 0.0984375, 0.0328125, 0.0046875]","[-16.0, 46.5, 47.5, 48.5, 49.5, 50.5, 51.5, 52.5, 53.5]"
P008,14,B,1,problem11297,10% chance of 0; 45% chance of 7; 45% chance of 9,9 for sure,"[0.1, 0.45, 0.45]","[0.0, 7.0, 9.0]",[1.0],[9.0]
P008,15,A,0,problem5568,28 for sure,75% chance of 23; 25% chance of 27,[1.0],[28.0],"[0.75, 0.25]","[23.0, 27.0]"
P008,16,A,0,problem6184,7 for sure,99% chance of 9; 1% chance of 45,[1.0],[7.0],"[0.99, 0.01]","[9.0, 45.0]"
P008,17,B,1,problem13075,17 for sure,90% chance of 7; 10% chance of 39,[1.0],[17.0],"[0.9, 0.1]","[7.0, 39.0]"
P008,18,A,0,problem3990,20 for sure,50% chance of -39; 50% chance of 78,[1.0],[20.0],"[0.5, 0.5]","[-39.0, 78.0]"
P008,19,B,1,problem9840,60% chance of -35; 40% chance of 35,75% chance of 2; 25% chance of -42,"[0.6, 0.4]","[-35.0, 35.0]","[0.75, 0.25]","[2.0, -42.0]"
P008,20,B,1,problem95,50% chance of -3; 6.25% chance of 28.5; 18.75% chance of 29.5; 18.75% chance of 30.5; 6.25% chance of 31.5,60% chance of 10; 40% chance of 7,"[0.5, 0.0625, 0.1875, 0.1875, 0.0625]","[-3.0, 28.5, 29.5, 30.5, 31.5]","[0.6, 0.4]","[10.0, 7.0]"
P008,21,B,1,problem6565,80% chance of 18; 20% chance of 15,10% chance of 1; 0.70312% chance of 18.5; 4.92188% chance of 19.5; 14.7656% chance of 20.5; 24.6094% chance of 21.5; 24.6094% chance of 22.5; 14.7656% chance of 23.5; 4.92188% chance of 24.5; 0.70312% chance of 25.5,"[0.8, 0.2]","[18.0, 15.0]","[0.1, 0.0070312, 0.0492188, 0.1476563, 0.24609380000000003, 0.24609380000000003, 0.1476563, 0.0492188, 0.0070312]","[1.0, 18.5, 19.5, 20.5, 21.5, 22.5, 23.5, 24.5, 25.5]"
P008,22,A,0,problem13243,23 for sure,75% chance of 18; 25% chance of 70,[1.0],[23.0],"[0.75, 0.25]","[18.0, 70.0]"
P008,23,B,1,problem1327,60% chance of 30; 40% chance of 23,5% chance of 31; 95% chance of 42,"[0.6, 0.4]","[30.0, 23.0]","[0.05, 0.95]","[31.0, 42.0]"
P008,24,B,1,problem9334,75% chance of -28; 12.5% chance of 93.5; 12.5% chance of 94.5,60% chance of 5; 40% chance of 0,"[0.75, 0.125, 0.125]","[-28.0, 93.5, 94.5]","[0.6, 0.4]","[5.0, 0.0]"
P008,25,A,0,problem13120,1 for sure,20% chance of -44; 80% chance of 9,[1.0],[1.0],"[0.2, 0.8]","[-44.0, 9.0]"
P008,26,A,0,problem295,40% chance of 9; 30% chance of 17.5; 30% chance of 18.5,14 for sure,"[0.4, 0.3, 0.3]","[9.0, 17.5, 18.5]",[1.0],[14.0]
P008,27,A,0,problem3254,25% chance of 61; 75% chance of 6,75% chance of 1; 25% chance of 57,"[0.25, 0.75]","[61.0, 6.0]","[0.75, 0.25]","[1.0, 57.0]"
P008,28,B,1,problem8891,9 for sure,95% chance of 6; 5% chance of 15,[1.0],[9.0],"[0.95, 0.05]","[6.0, 15.0]"
P008,29,A,0,problem7654,12 for sure,99% chance of 5; 1% chance of 28,[1.0],[12.0],"[0.99, 0.01]","[5.0, 28.0]"
P008,30,B,1,problem572,26 for sure,95% chance of 21; 2.5% chance of 98.5; 2.5% chance of 99.5,[1.0],[26.0],"[0.95, 0.025, 0.025]","[21.0, 98.5, 99.5]"
P008,31,B,1,problem11990,95% chance of -15; 5% chance of 31,-6 for sure,"[0.95, 0.05]","[-15.0, 31.0]",[1.0],[-6.0]
P008,32,B,1,problem10535,50% chance of 60; 50% chance of -22,25% chance of 0; 37.5% chance of 22; 18.75% chance of 20; 9.375% chance of 16; 4.6875% chance of 8; 4.6875% chance of -8,"[0.5, 0.5]","[60.0, -22.0]","[0.25, 0.375, 0.1875, 0.09375, 0.046875, 0.046875]","[0.0, 22.0, 20.0, 16.0, 8.0, -8.0]"
P008,33,B,1,problem1598,90% chance of 17; 10% chance of -4,95% chance of 18; 0.03906% chance of 56.5; 0.27344% chance of 57.5; 0.82031% chance of 58.5; 1.36719% chance of 59.5; 1.36719% chance of 60.5; 0.82031% chance of 61.5; 0.27344% chance of 62.5; 0.03906% chance of 63.5,"[0.9, 0.1]","[17.0, -4.0]","[0.95, 0.00039059999999999995, 0.0027344, 0.0082031, 0.013671899999999999, 0.013671899999999999, 0.0082031, 0.0027344, 0.00039059999999999995]","[18.0, 56.5, 57.5, 58.5, 59.5, 60.5, 61.5, 62.5, 63.5]"
P008,34,A,0,problem14170,13 for sure,50% chance of 0; 25% chance of 22; 12.5% chance of 20; 6.25% chance of 16; 3.125% chance of 8; 3.125% chance of -8,[1.0],[13.0],"[0.5, 0.25, 0.125, 0.0625, 0.03125, 0.03125]","[0.0, 22.0, 20.0, 16.0, 8.0, -8.0]"
P008,35,A,0,problem11758,80% chance of 29; 20% chance of 44,95% chance of 29; 5% chance of 27,"[0.8, 0.2]","[29.0, 44.0]","[0.95, 0.05]","[29.0, 27.0]"
P008,36,B,1,problem1217,5% chance of 2; 95% chance of 23,5% chance of 117; 95% chance of 17,"[0.05, 0.95]","[2.0, 23.0]","[0.05, 0.95]","[117.0, 17.0]"
P008,37,A,0,problem13743,18 for sure,75% chance of 5; 25% chance of 82,[1.0],[18.0],"[0.75, 0.25]","[5.0, 82.0]"
P008,38,A,0,problem11228,50% chance of 7; 50% chance of 36,5% chance of 74; 95% chance of 14,"[0.5, 0.5]","[7.0, 36.0]","[0.05, 0.95]","[74.0, 14.0]"
P008,39,A,0,problem7925,40% chance of 11; 60% chance of 8,9 for sure,"[0.4, 0.6]","[11.0, 8.0]",[1.0],[9.0]
P008,40,B,1,problem12932,90% chance of 11; 10% chance of 65,21 for sure,"[0.9, 0.1]","[11.0, 65.0]",[1.0],[21.0]
P009,1,A,0,problem10607,95% chance of 21; 5% chance of 23,1% chance of 43; 99% chance of 15,"[0.95, 0.05]","[21.0, 23.0]","[0.01, 0.99]","[43.0, 15.0]"
P009,2,B,1,problem14489,29 for sure,95% chance of 34; 0.625% chance of 45.5; 1.875% chance of 46.5; 1.875% chance of 47.5; 0.625% chance of 48.5,[1.0],[29.0],"[0.95, 0.00625, 0.01875, 0.01875, 0.00625]","[34.0, 45.5, 46.5, 47.5, 48.5]"
P009,3,A,0,problem4334,25% chance of -5; 75% chance of -8,75% chance of -22; 25% chance of 57,"[0.25, 0.75]","[-5.0, -8.0]","[0.75, 0.25]","[-22.0, 57.0]"
P009,4,A,0,problem3569,1% chance of 28; 99% chance of -3,99% chance of -5; 0.5% chance of 22; 0.25% chance of 20; 0.125% chance of 16; 0.125% chance of 8,"[0.01, 0.99]","[28.0, -3.0]","[0.99, 0.005, 0.0025, 0.00125, 0.00125]","[-5.0, 22.0, 20.0, 16.0, 8.0]"
P009,5,A,0,problem6472,1% chance of 19; 49.5% chance of 24; 24.75% chance of 26; 12.375% chance of 30; 12.375% chance of 38,17 for sure,"[0.01, 0.495, 0.2475, 0.12375, 0.12375]","[19.0, 24.0, 26.0, 30.0, 38.0]",[1.0],[17.0]
P009,6,A,0,problem9002,1 for sure,25% chance of -6; 75% chance of 8,[1.0],[1.0],"[0.25, 0.75]","[-6.0, 8.0]"
P009,7,B,1,problem3104,19 for sure,50% chance of 30; 50% chance of 33,[1.0],[19.0],"[0.5, 0.5]","[30.0, 33.0]"
P009,8,A,0,problem8601,99% chance of 38; 0.5% chance of 87.5; 0.5% chance of 88.5,27 for sure,"[0.99, 0.005, 0.005]","[38.0, 87.5, 88.5]",[1.0],[27.0]
P009,9,A,0,problem5801,12 for sure,80% chance of 9; 20% chance of 12,[1.0],[12.0],"[0.8, 0.2]","[9.0, 12.0]"
P009,10,A,0,problem14241,0 for sure,75% chance of -23; 25% chance of 83,[1.0],[0.0],"[0.75, 0.25]","[-23.0, 83.0]"
P009,11,A,0,problem705,90% chance of 13; 5% chance of 18; 5% chance of 16,6 for sure,"[0.9, 0.05, 0.05]","[13.0, 18.0, 16.0]",[1.0],[6.0]
P009,12,A,0,problem13532,80% chance of 23; 20% chance of 27,21 for sure,"[0.8, 0.2]","[23.0, 27.0]",[1.0],[21.0]
P009,13,A,0,problem9706,90% chance of 22; 10% chance of 12,80% chance of 12; 10% chance of 52; 5% chance of 54; 2.5% chance of 58; 1.25% chance of 66; 0.625% chance of 82; 0.625% chance of 114,"[0.9, 0.1]","[22.0, 12.0]","[0.8, 0.1, 0.05, 0.025, 0.0125, 0.00625, 0.00625]","[12.0, 52.0, 54.0, 58.0, 66.0, 82.0, 114.0]"
P009,14,B,1,problem6635,10% chance of -1; 90% chance of 7,10 for sure,"[0.1, 0.9]","[-1.0, 7.0]",[1.0],[10.0]
P009,15,A,0,problem1746,-1 for sure,90% chance of -21; 10% chance of 98,[1.0],[-1.0],"[0.9, 0.1]","[-21.0, 98.0]"
P009,16,B,1,problem9694,95% chance of 1; 5% chance of 51,1% chance of 71; 99% chance of 9,"[0.95, 0.05]","[1.0, 51.0]","[0.01, 0.99]","[71.0, 9.0]"
P009,17,B,1,problem12320,60% chance of 0; 20% chance of -1; 10% chance of 1; 5% chance of 5; 2.5% chance of 13; 1.25% chance of 29; 0.625% chance of 61; 0.625% chance of 125,99% chance of 9; 1% chance of -40,"[0.6, 0.2, 0.1, 0.05, 0.025, 0.0125, 0.00625, 0.00625]","[0.0, -1.0, 1.0, 5.0, 13.0, 29.0, 61.0, 125.0]","[0.99, 0.01]","[9.0, -40.0]"
P009,18,A,0,problem5381,3 for sure,20% chance of -5; 10% chance of 5.5; 30% chance of 6.5; 30% chance of 7.5; 10% chance of 8.5,[1.0],[3.0],"[0.2, 0.1, 0.3, 0.3, 0.1]","[-5.0, 5.5, 6.5, 7.5, 8.5]"
P009,19,A,0,problem212,30 for sure,25% chance of 4; 75% chance of 40,[1.0],[30.0],"[0.25, 0.75]","[4.0, 40.0]"
P009,20,A,0,problem5240,40% chance of 25; 60% chance of -18,90% chance of -9; 10% chance of 11,"[0.4, 0.6]","[25.0, -18.0]","[0.9, 0.1]","[-9.0, 11.0]"
P009,21,B,1,problem13032,80% chance of 29; 20% chance of 19,90% chance of 22; 10% chance of 82,"[0.8, 0.2]","[29.0, 19.0]","[0.9, 0.1]","[22.0, 82.0]"
P009,22,A,0,problem3102,5% chance of 17; 95% chance of 28,60% chance of 27; 40% chance of 20,"[0.05, 0.95]","[17.0, 28.0]","[0.6, 0.4]","[27.0, 20.0]"
P009,23,B,1,problem6265,40% chance of 11; 60% chance of 51,29 for sure,"[0.4, 0.6]","[11.0, 51.0]",[1.0],[29.0]
P009,24,A,0,problem9102,25% chance of 12; 37.5% chance of 34; 18.75% chance of 32; 9.375% chance of 28; 4.6875% chance of 20; 2.34375% chance of 4; 2.34375% chance of -28,60% chance of 49; 40% chance of -13,"[0.25, 0.375, 0.1875, 0.09375, 0.046875, 0.0234375, 0.0234375]","[12.0, 34.0, 32.0, 28.0, 20.0, 4.0, -28.0]","[0.6, 0.4]","[49.0, -13.0]"
P009,25,A,0,problem11676,25% chance of -9; 2.34375% chance of 12.5; 11.7188% chance of 13.5; 23.4375% chance of 14.5; 23.4375% chance of 15.5; 11.7188% chance of 16.5; 2.34375% chance of 17.5,1 for sure,"[0.25, 0.0234375, 0.1171875, 0.234375, 0.234375, 0.1171875, 0.0234375]","[-9.0, 12.5, 13.5, 14.5, 15.5, 16.5, 17.5]",[1.0],[1.0]
P009,26,B,1,problem7843,25% chance of 101; 75% chance of -6,20% chance of -7; 80% chance of 30,"[0.25, 0.75]","[101.0, -6.0]","[0.2, 0.8]","[-7.0, 30.0]"
P009,27,A,0,problem4034,5% chance of 25; 95% chance of 20,75% chance of -13; 25% chance of 82,"[0.05, 0.95]","[25.0, 20.0]","[0.75, 0.25]","[-13.0, 82.0]"
P009,28,A,0,problem7237,19 for sure,40% chance of -13; 7.5% chance of 49.5; 22.5% chance of 50.5; 22.5% chance of 51.5; 7.5% chance of 52.5,[1.0],[19.0],"[0.4, 0.075, 0.225, 0.225, 0.075]","[-13.0, 49.5, 50.5, 51.5, 52.5]"
P009,29,B,1,problem6201,95% chance of 20; 5% chance of -2,10% chance of 15; 90% chance of 27,"[0.95, 0.05]","[20.0, -2.0]","[0.1, 0.9]","[15.0, 27.0]"
P009,30,B,1,problem14123,13 for sure,90% chance of 11; 10% chance of 51,[1.0],[13.0],"[0.9, 0.1]","[11.0, 51.0]"
P009,31,A,0,problem12031,90% chance of 20; 10% chance of 54,20 for sure,"[0.9, 0.1]","[20.0, 54.0]",[1.0],[20.0]
P009,32,B,1,problem5316,75% chance of -1; 12.5% chance of 24; 12.5% chance of 26,5 for sure,"[0.75, 0.125, 0.125]","[-1.0, 24.0, 26.0]",[1.0],[5.0]
P009,33,A,0,problem11521,50% chance of -32; 0.39062% chance of 9.5; 2.73438% chance of 10.5; 8.20312% chance of 11.5; 13.6719% chance of 12.5; 13.6719% chance of 13.5; 8.20312% chance of 14.5; 2.73438% chance of 15.5; 0.39062% chance of 16.5,80% chance of 4; 20% chance of -46,"[0.5, 0.0039062000000000003, 0.027343799999999998, 0.0820312, 0.1367188, 0.1367188, 0.0820312, 0.027343799999999998, 0.0039062000000000003]","[-32.0, 9.5, 10.5, 11.5, 12.5, 13.5, 14.5, 15.5, 16.5]","[0.8, 0.2]","[4.0, -46.0]"
P009,34,B,1,problem12818,25% chance of 97; 75% chance of -16,90% chance of 14; 1.25% chance of 47.5; 3.75% chance of 48.5; 3.75% chance of 49.5; 1.25% chance of 50.5,"[0.25, 0.75]","[97.0, -16.0]","[0.9, 0.0125, 0.0375, 0.0375, 0.0125]","[14.0, 47.5, 48.5, 49.5, 50.5]"
P009,35,A,0,problem2269,90% chance of 25; 10% chance of 58,10% chance of 32; 90% chance of 22,"[0.9, 0.1]","[25.0, 58.0]","[0.1, 0.9]","[32.0, 22.0]"
P009,36,A,0,problem13945,95% chance of 12; 0.03906% chance of 9.5; 0.27344% chance of 10.5; 0.82031% chance of 11.5; 1.36719% chance of 12.5; 1.36719% chance of 13.5; 0.82031% chance of 14.5; 0.27344% chance of 15.5; 0.03906% chance of 16.5,3 for sure,"[0.95, 0.00039059999999999995, 0.0027344, 0.0082031, 0.013671899999999999, 0.013671899999999999, 0.0082031, 0.0027344, 0.00039059999999999995]","[12.0, 9.5, 10.5, 11.5, 12.5, 13.5, 14.5, 15.5, 16.5]",[1.0],[3.0]
P009,37,A,0,problem4897,1% chance of 14; 99% chance of -8,95% chance of -11; 5% chance of 64,"[0.01, 0.99]","[14.0, -8.0]","[0.95, 0.05]","[-11.0, 64.0]"
P009,38,B,1,problem2581,80% chance of 40; 20% chance of -30,1% chance of -6; 49.5% chance of 32; 49.5% chance of 30,"[0.8, 0.2]","[40.0, -30.0]","[0.01, 0.495, 0.495]","[-6.0, 32.0, 30.0]"
P009,39,B,1,problem1008,10% chance of -30; 90% chance of 5,99% chance of -3; 1% chance of -35,"[0.1, 0.9]","[-30.0, 5.0]","[0.99, 0.01]","[-3.0, -35.0]"
P009,40,A,0,problem6768,27 for sure,95% chance of 21; 5% chance of 61,[1.0],[27.0],"[0.95, 0.05]","[21.0, 61.0]"
P010,1,A,0,problem3820,50% chance of 8; 50% chance of 60,22 for sure,"[0.5, 0.5]","[8.0, 60.0]",[1.0],[22.0]
P010,2,B,1,problem8053,8 for sure,60% chance of -31; 20% chance of 52; 20% chance of 54,[1.0],[8.0],"[0.6, 0.2, 0.2]","[-31.0, 52.0, 54.0]"
P010,3,A,0,problem1409,25% chance of -17; 75% chance of 1,-7 for sure,"[0.25, 0.75]","[-17.0, 1.0]",[1.0],[-7.0]
P010,4,B,1,problem948,13 for sure,99% chance of 12; 1% chance of 30,[1.0],[13.0],"[0.99, 0.01]","[12.0, 30.0]"
P010,5,B,1,problem11979,60% chance of -20; 40% chance of 23,8 for sure,"[0.6, 0.4]","[-20.0, 23.0]",[1.0],[8.0]
P010,6,B,1,problem13265,50% chance of 54; 50% chance of -12,90% chance of 19; 5% chance of 20; 5% chance of 22,"[0.5, 0.5]","[54.0, -12.0]","[0.9, 0.05, 0.05]","[19.0, 20.0, 22.0]"
P010,7,B,1,problem10705,75% chance of -6; 25% chance of -5,20% chance of 59; 80% chance of -26,"[0.75, 0.25]","[-6.0, -5.0]","[0.2, 0.8]","[59.0, -26.0]"
P010,8,B,1,problem6832,90% chance of -12; 10% chance of 37,4 for sure,"[0.9, 0.1]","[-12.0, 37.0]",[1.0],[4.0]
P010,9,B,1,problem2927,90% chance of 1; 10% chance of -25,5% chance of -39; 2.96875% chance of -0.5; 14.8438% chance of 0.5; 29.6875% chance of 1.5; 29.6875% chance of 2.5; 14.8438% chance of 3.5; 2.96875% chance of 4.5,"[0.9, 0.1]","[1.0, -25.0]","[0.05, 0.0296875, 0.1484375, 0.296875, 0.296875, 0.1484375, 0.0296875]","[-39.0, -0.5, 0.5, 1.5, 2.5, 3.5, 4.5]"
P010,10,A,0,problem7423,3 for sure,80% chance of -7; 10% chance of 21; 5% chance of 23; 2.5% chance of 27; 1.25% chance of 35; 0.625% chance of 51; 0.3125% chance of 83; 0.3125% chance of 147,[1.0],[3.0],"[0.8, 0.1, 0.05, 0.025, 0.0125, 0.00625, 0.003125, 0.003125]","[-7.0, 21.0, 23.0, 27.0, 35.0, 51.0, 83.0, 147.0]"
P010,11,A,0,problem1298,50% chance of 4; 50% chance of -14,-5 for sure,"[0.5, 0.5]","[4.0, -14.0]",[1.0],[-5.0]
P010,12,A,0,problem861,0 for sure,99% chance of -4; 1% chance of 92,[1.0],[0.0],"[0.99, 0.01]","[-4.0, 92.0]"
P010,13,B,1,problem7711,-7 for sure,25% chance of -12; 75% chance of -4,[1.0],[-7.0],"[0.25, 0.75]","[-12.0, -4.0]"
P010,14,A,0,problem1825,95% chance of 10; 5% chance of 38,40% chance of 54; 60% chance of -16,"[0.95, 0.05]","[10.0, 38.0]","[0.4, 0.6]","[54.0, -16.0]"
P010,15,B,1,problem5989,99% chance of 25; 1% chance of 66,25% chance of 58; 75% chance of 10,"[0.99, 0.01]","[25.0, 66.0]","[0.25, 0.75]","[58.0, 10.0]"
P010,16,A,0,problem768,5% chance of -30; 47.5% chance of 14; 23.75% chance of 16; 11.875% chance of 20; 5.9375% chance of 28; 5.9375% chance of 44,0 for sure,"[0.05, 0.475, 0.2375, 0.11875, 0.059375, 0.059375]","[-30.0, 14.0, 16.0, 20.0, 28.0, 44.0]",[1.0],[0.0]
P010,17,B,1,problem7592,-9 for sure,75% chance of -31; 12.5% chance of 68.5; 12.5% chance of 69.5,[1.0],[-9.0],"[0.75, 0.125, 0.125]","[-31.0, 68.5, 69.5]"
P010,18,B,1,problem10963,-4 for sure,90% chance of -10; 5% chance of 27.5; 5% chance of 28.5,[1.0],[-4.0],"[0.9, 0.05, 0.05]","[-10.0, 27.5, 28.5]"
P010,19,A,0,problem11848,50% chance of 35; 50% chance of 17,50% chance of -30; 50% chance of 81,"[0.5, 0.5]","[35.0, 17.0]","[0.5, 0.5]","[-30.0, 81.0]"
P010,20,A,0,problem8519,0.78125% chance of -12.5; 5.46875% chance of -11.5; 16.4062% chance of -10.5; 27.3438% chance of -9.5; 27.3438% chance of -8.5; 16.4062% chance of -7.5; 5.46875% chance of -6.5; 0.78125% chance of -5.5,25% chance of -6; 75% chance of -10,"[0.0078125, 0.0546875, 0.1640625, 0.2734375, 0.2734375, 0.1640625, 0.0546875, 0.0078125]","[-12.5, -11.5, -10.5, -9.5, -8.5, -7.5, -6.5, -5.5]","[0.25, 0.75]","[-6.0, -10.0]"
P010,21,B,1,problem5546,25% chance of -2; 75% chance of 10,8 for sure,"[0.25, 0.75]","[-2.0, 10.0]",[1.0],[8.0]
P010,22,B,1,problem1928,10% chance of 67; 90% chance of 6,99% chance of 13; 0.5% chance of 48; 0.25% chance of 46; 0.125% chance of 42; 0.125% chance of 34,"[0.1, 0.9]","[67.0, 6.0]","[0.99, 0.005, 0.0025, 0.00125, 0.00125]","[13.0, 48.0, 46.0, 42.0, 34.0]"
P010,23,B,1,problem13994,-10 for sure,75% chance of -32; 12.5% chance of 76; 12.5% chance of 78,[1.0],[-10.0],"[0.75, 0.125, 0.125]","[-32.0, 76.0, 78.0]"
P010,24,A,0,problem8701,1% chance of -25; 99% chance of 2,-7 for sure,"[0.01, 0.99]","[-25.0, 2.0]",[1.0],[-7.0]
P010,25,A,0,problem12045,40% chance of 36; 60% chance of 19,90% chance of 18; 1.25% chance of 18.5; 3.75% chance of 19.5; 3.75% chance of 20.5; 1.25% chance of 21.5,"[0.4, 0.6]","[36.0, 19.0]","[0.9, 0.0125, 0.0375, 0.0375, 0.0125]","[18.0, 18.5, 19.5, 20.5, 21.5]"
P010,26,B,1,problem3019,40% chance of -3; 30% chance of 52.5; 30% chance of 53.5,60% chance of 36; 40% chance of 18,"[0.4, 0.3, 0.3]","[-3.0, 52.5, 53.5]","[0.6, 0.4]","[36.0, 18.0]"
P010,27,A,0,problem10226,7 for sure,75% chance of -3; 12.5% chance of 17; 6.25% chance of 15; 3.125% chance of 11; 1.5625% chance of 3; 1.5625% chance of -13,[1.0],[7.0],"[0.75, 0.125, 0.0625, 0.03125, 0.015625, 0.015625]","[-3.0, 17.0, 15.0, 11.0, 3.0, -13.0]"
P010,28,B,1,problem1444,50% chance of 52; 50% chance of -48,95% chance of 7; 0.03906% chance of 76.5; 0.27344% chance of 77.5; 0.82031% chance of 78.5; 1.36719% chance of 79.5; 1.36719% chance of 80.5; 0.82031% chance of 81.5; 0.27344% chance of 82.5; 0.03906% chance of 83.5,"[0.5, 0.5]","[52.0, -48.0]","[0.95, 0.00039059999999999995, 0.0027344, 0.0082031, 0.013671899999999999, 0.013671899999999999, 0.0082031, 0.0027344, 0.00039059999999999995]","[7.0, 76.5, 77.5, 78.5, 79.5, 80.5, 81.5, 82.5, 83.5]"
P010,29,B,1,problem1555,90% chance of -14; 10% chance of 92,0 for sure,"[0.9, 0.1]","[-14.0, 92.0]",[1.0],[0.0]
P010,30,B,1,problem10480,40% chance of 21; 60% chance of 18,5% chance of 24; 47.5% chance of 36; 23.75% chance of 34; 11.875% chance of 30; 5.9375% chance of 22; 5.9375% chance of 6,"[0.4, 0.6]","[21.0, 18.0]","[0.05, 0.475, 0.2375, 0.11875, 0.059375, 0.059375]","[24.0, 36.0, 34.0, 30.0, 22.0, 6.0]"
P010,31,A,0,problem11370,60% chance of -15; 0.3125% chance of 25.5; 2.1875% chance of 26.5; 6.5625% chance of 27.5; 10.9375% chance of 28.5; 10.9375% chance of 29.5; 6.5625% chance of 30.5; 2.1875% chance of 31.5; 0.3125% chance of 32.5,75% chance of 13; 25% chance of -39,"[0.6, 0.003125, 0.021875, 0.065625, 0.109375, 0.109375, 0.065625, 0.021875, 0.003125]","[-15.0, 25.5, 26.5, 27.5, 28.5, 29.5, 30.5, 31.5, 32.5]","[0.75, 0.25]","[13.0, -39.0]"
P010,32,A,0,problem11959,23 for sure,25% chance of -17; 75% chance of 39,[1.0],[23.0],"[0.25, 0.75]","[-17.0, 39.0]"
P010,33,A,0,problem11663,10% chance of -13; 45% chance of 17; 45% chance of 19,13 for sure,"[0.1, 0.45, 0.45]","[-13.0, 17.0, 19.0]",[1.0],[13.0]
P010,34,B,1,problem12182,27 for sure,90% chance of 25; 10% chance of 92,[1.0],[27.0],"[0.9, 0.1]","[25.0, 92.0]"
P010,35,B,1,problem2362,90% chance of 35; 5% chance of 40.5; 5% chance of 41.5,5% chance of 66; 95% chance of 26,"[0.9, 0.05, 0.05]","[35.0, 40.5, 41.5]","[0.05, 0.95]","[66.0, 26.0]"
P010,36,A,0,problem3367,40% chance of 3; 30% chance of 41.5; 30% chance of 42.5,40% chance of 96; 60% chance of -17,"[0.4, 0.3, 0.3]","[3.0, 41.5, 42.5]","[0.4, 0.6]","[96.0, -17.0]"
P010,37,B,1,problem14363,1% chance of 80; 99% chance of 8,90% chance of 9; 10% chance of 18,"[0.01, 0.99]","[80.0, 8.0]","[0.9, 0.1]","[9.0, 18.0]"
P010,38,B,1,problem9077,15 for sure,10% chance of -26; 45% chance of 21; 22.5% chance of 23; 11.25% chance of 27; 5.625% chance of 35; 2.8125% chance of 51; 2.8125% chance of 83,[1.0],[15.0],"[0.1, 0.45, 0.225, 0.1125, 0.05625, 0.028125, 0.028125]","[-26.0, 21.0, 23.0, 27.0, 35.0, 51.0, 83.0]"
P010,39,A,0,problem10716,60% chance of -1; 20% chance of 61; 10% chance of 63; 10% chance of 67,23 for sure,"[0.6, 0.2, 0.1, 0.1]","[-1.0, 61.0, 63.0, 67.0]",[1.0],[23.0]
P010,40,B,1,problem5222,20% chance of -24; 80% chance of 24,20% chance of 48; 80% chance of 17,"[0.2, 0.8]","[-24.0, 24.0]","[0.2, 0.8]","[48.0, 17.0]"
P011,1,B,1,problem5704,5% chance of 47; 95% chance of 4,40% chance of -18; 7.5% chance of 25.5; 22.5% chance of 26.5; 22.5% chance of 27.5; 7.5% chance of 28.5,"[0.05, 0.95]","[47.0, 4.0]","[0.4, 0.075, 0.225, 0.225, 0.075]","[-18.0, 25.5, 26.5, 27.5, 28.5]"
P011,2,B,1,problem9828,90% chance of 16; 5% chance of 63; 2.5% chance of 61; 1.25% chance of 57; 0.625% chance of 49; 0.3125% chance of 33; 0.3125% chance of 1,26 for sure,"[0.9, 0.05, 0.025, 0.0125, 0.00625, 0.003125, 0.003125]","[16.0, 63.0, 61.0, 57.0, 49.0, 33.0, 1.0]",[1.0],[26.0]
P011,3,B,1,problem10489,60% chance of -35; 0.3125% chance of 102.5; 2.1875% chance of 103.5; 6.5625% chance of 104.5; 10.9375% chance of 105.5; 10.9375% chance of 106.5; 6.5625% chance of 107.5; 2.1875% chance of 108.5; 0.3125% chance of 109.5,60% chance of 25; 40% chance of 25,"[0.6, 0.003125, 0.021875, 0.065625, 0.109375, 0.109375, 0.065625, 0.021875, 0.003125]","[-35.0, 102.5, 103.5, 104.5, 105.5, 106.5, 107.5, 108.5, 109.5]","[0.6, 0.4]","[25.0, 25.0]"
P011,4,A,0,problem14278,20% chance of 62; 80% chance of 12,99% chance of 17; 1% chance of 28,"[0.2, 0.8]","[62.0, 12.0]","[0.99, 0.01]","[17.0, 28.0]"
P011,5,A,0,problem9974,9 for sure,90% chance of -6; 10% chance of 63,[1.0],[9.0],"[0.9, 0.1]","[-6.0, 63.0]"
P011,6,B,1,problem1503,95% chance of 15; 5% chance of 42,18 for sure,"[0.95, 0.05]","[15.0, 42.0]",[1.0],[18.0]
P011,7,A,0,problem11763,95% chance of -1; 5% chance of 55,10% chance of 24; 90% chance of 5,"[0.95, 0.05]","[-1.0, 55.0]","[0.1, 0.9]","[24.0, 5.0]"
P011,8,A,0,problem4205,95% chance of -12; 0.625% chance of 43.5; 1.875% chance of 44.5; 1.875% chance of 45.5; 0.625% chance of 46.5,-8 for sure,"[0.95, 0.00625, 0.01875, 0.01875, 0.00625]","[-12.0, 43.5, 44.5, 45.5, 46.5]",[1.0],[-8.0]
P011,9,A,0,problem13565,25% chance of 12; 75% chance of 27,60% chance of 47; 40% chance of 4,"[0.25, 0.75]","[12.0, 27.0]","[0.6, 0.4]","[47.0, 4.0]"
P011,10,B,1,problem631,95% chance of 12; 5% chance of -35,25% chance of -6; 75% chance of 25,"[0.95, 0.05]","[12.0, -35.0]","[0.25, 0.75]","[-6.0, 25.0]"
P011,11,A,0,problem765,60% chance of 1; 40% chance of 77,30 for sure,"[0.6, 0.4]","[1.0, 77.0]",[1.0],[30.0]
P011,12,B,1,problem1228,12 for sure,3.125% chance of 9.5; 15.625% chance of 10.5; 31.25% chance of 11.5; 31.25% chance of 12.5; 15.625% chance of 13.5; 3.125% chance of 14.5,[1.0],[12.0],"[0.03125, 0.15625, 0.3125, 0.3125, 0.15625, 0.03125]","[9.5, 10.5, 11.5, 12.5, 13.5, 14.5]"
P011,13,B,1,problem13162,60% chance of -18; 40% chance of 3,-10 for sure,"[0.6, 0.4]","[-18.0, 3.0]",[1.0],[-10.0]
P011,14,A,0,problem13307,-1 for sure,99% chance of -6; 0.03125% chance of 74.5; 0.15625% chance of 75.5; 0.3125% chance of 76.5; 0.3125% chance of 77.5; 0.15625% chance of 78.5; 0.03125% chance of 79.5,[1.0],[-1.0],"[0.99, 0.0003125, 0.0015625, 0.003125, 0.003125, 0.0015625, 0.0003125]","[-6.0, 74.5, 75.5, 76.5, 77.5, 78.5, 79.5]"
P011,15,A,0,problem5302,40% chance of -21; 7.5% chance of 17.5; 22.5% chance of 18.5; 22.5% chance of 19.5; 7.5% chance of 20.5,0 for sure,"[0.4, 0.075, 0.225, 0.225, 0.075]","[-21.0, 17.5, 18.5, 19.5, 20.5]",[1.0],[0.0]
P011,16,A,0,problem2770,99% chance of 29; 1% chance of 40,30 for sure,"[0.99, 0.01]","[29.0, 40.0]",[1.0],[30.0]
P011,17,B,1,problem12359,95% chance of -12; 5% chance of 32,-9 for sure,"[0.95, 0.05]","[-12.0, 32.0]",[1.0],[-9.0]
P011,18,B,1,problem9046,25% chance of -37; 75% chance of 11,80% chance of 5; 20% chance of -5,"[0.25, 0.75]","[-37.0, 11.0]","[0.8, 0.2]","[5.0, -5.0]"
P011,19,B,1,problem1893,21 for sure,50% chance of -4; 50% chance of 33,[1.0],[21.0],"[0.5, 0.5]","[-4.0, 33.0]"
P011,20,B,1,problem1539,40% chance of 1; 60% chance of 12,50% chance of 15; 50% chance of 7,"[0.4, 0.6]","[1.0, 12.0]","[0.5, 0.5]","[15.0, 7.0]"
P011,21,A,0,problem5663,-9 for sure,5% chance of -29; 47.5% chance of -12; 23.75% chance of -14; 11.875% chance of -18; 5.9375% chance of -26; 5.9375% chance of -42,[1.0],[-9.0],"[0.05, 0.475, 0.2375, 0.11875, 0.059375, 0.059375]","[-29.0, -12.0, -14.0, -18.0, -26.0, -42.0]"
P011,22,B,1,problem5746,-1 for sure,99% chance of 1; 1% chance of 48,[1.0],[-1.0],"[0.99, 0.01]","[1.0, 48.0]"
P011,23,A,0,problem4022,75% chance of -4; 25% chance of 67,2 for sure,"[0.75, 0.25]","[-4.0, 67.0]",[1.0],[2.0]
P011,24,B,1,problem1778,99% chance of 8; 1% chance of 52,13 for sure,"[0.99, 0.01]","[8.0, 52.0]",[1.0],[13.0]
P011,25,A,0,problem3401,5 for sure,25% chance of -16; 75% chance of 11,[1.0],[5.0],"[0.25, 0.75]","[-16.0, 11.0]"
P011,26,B,1,problem14090,99% chance of 12; 1% chance of 59,25 for sure,"[0.99, 0.01]","[12.0, 59.0]",[1.0],[25.0]
P011,27,A,0,problem13090,50% chance of -49; 50% chance of 75,95% chance of 10; 5% chance of 9,"[0.5, 0.5]","[-49.0, 75.0]","[0.95, 0.05]","[10.0, 9.0]"
P011,28,B,1,problem12930,20% chance of 20; 80% chance of 15,5% chance of 3; 95% chance of 26,"[0.2, 0.8]","[20.0, 15.0]","[0.05, 0.95]","[3.0, 26.0]"
P011,29,A,0,problem14192,90% chance of 6; 10% chance of 21,3 for sure,"[0.9, 0.1]","[6.0, 21.0]",[1.0],[3.0]
P011,30,B,1,problem6524,50% chance of -33; 50% chance of 62,13 for sure,"[0.5, 0.5]","[-33.0, 62.0]",[1.0],[13.0]
P011,31,A,0,problem502,-5 for sure,25% chance of -15; 2.34375% chance of -6.5; 11.7188% chance of -5.5; 23.4375% chance of -4.5; 23.4375% chance of -3.5; 11.7188% chance of -2.5; 2.34375% chance of -1.5,[1.0],[-5.0],"[0.25, 0.0234375, 0.1171875, 0.234375, 0.234375, 0.1171875, 0.0234375]","[-15.0, -6.5, -5.5, -4.5, -3.5, -2.5, -1.5]"
P011,32,A,0,problem1080,-9 for sure,99% chance of -11; 1% chance of 6,[1.0],[-9.0],"[0.99, 0.01]","[-11.0, 6.0]"
P011,33,A,0,problem14141,25% chance of 24; 75% chance of 8,90% chance of 6; 0.07812% chance of 28.5; 0.54688% chance of 29.5; 1.64062% chance of 30.5; 2.73438% chance of 31.5; 2.73438% chance of 32.5; 1.64062% chance of 33.5; 0.54688% chance of 34.5; 0.07812% chance of 35.5,"[0.25, 0.75]","[24.0, 8.0]","[0.9, 0.0007811999999999999, 0.0054688, 0.0164062, 0.027343799999999998, 0.027343799999999998, 0.0164062, 0.0054688, 0.0007811999999999999]","[6.0, 28.5, 29.5, 30.5, 31.5, 32.5, 33.5, 34.5, 35.5]"
P011,34,B,1,problem7738,20% chance of 24; 80% chance of 18,99% chance of 24; 1% chance of 56,"[0.2, 0.8]","[24.0, 18.0]","[0.99, 0.01]","[24.0, 56.0]"
P011,35,B,1,problem4575,40% chance of 9; 60% chance of 20,16 for sure,"[0.4, 0.6]","[9.0, 20.0]",[1.0],[16.0]
P011,36,B,1,problem5162,10% chance of 67; 90% chance of 11,50% chance of -41; 25% chance of 72; 12.5% chance of 74; 6.25% chance of 78; 3.125% chance of 86; 1.5625% chance of 102; 0.78125% chance of 134; 0.78125% chance of 198,"[0.1, 0.9]","[67.0, 11.0]","[0.5, 0.25, 0.125, 0.0625, 0.03125, 0.015625, 0.0078125, 0.0078125]","[-41.0, 72.0, 74.0, 78.0, 86.0, 102.0, 134.0, 198.0]"
P011,37,B,1,problem6151,80% chance of 29; 20% chance of -17,75% chance of 26; 25% chance of 50,"[0.8, 0.2]","[29.0, -17.0]","[0.75, 0.25]","[26.0, 50.0]"
P011,38,B,1,problem4500,75% chance of -12; 0.19531% chance of 4.5; 1.36719% chance of 5.5; 4.10156% chance of 6.5; 6.83594% chance of 7.5; 6.83594% chance of 8.5; 4.10156% chance of 9.5; 1.36719% chance of 10.5; 0.19531% chance of 11.5,-3 for sure,"[0.75, 0.0019531000000000001, 0.013671899999999999, 0.0410156, 0.0683594, 0.0683594, 0.0410156, 0.013671899999999999, 0.0019531000000000001]","[-12.0, 4.5, 5.5, 6.5, 7.5, 8.5, 9.5, 10.5, 11.5]",[1.0],[-3.0]
P011,39,A,0,problem9632,-8 for sure,99% chance of -10; 1% chance of 8,[1.0],[-8.0],"[0.99, 0.01]","[-10.0, 8.0]"
P011,40,B,1,problem142,20% chance of -22; 80% chance of 42,25 for sure,"[0.2, 0.8]","[-22.0, 42.0]",[1.0],[25.0]
P012,1,A,0,problem12875,1% chance of -8; 49.5% chance of 0; 24.75% chance of -2; 12.375% chance of -6; 12.375% chance of -14,10% chance of 31; 90% chance of -5,"[0.01, 0.495, 0.2475, 0.12375, 0.12375]","[-8.0, 0.0, -2.0, -6.0, -14.0]","[0.1, 0.9]","[31.0, -5.0]"
P012,2,B,1,problem9172,80% chance of 1; 0.15625% chance of 41.5; 1.09375% chance of 42.5; 3.28125% chance of 43.5; 5.46875% chance of 44.5; 5.46875% chance of 45.5; 3.28125% chance of 46.5; 1.09375% chance of 47.5; 0.15625% chance of 48.5,7 for sure,"[0.8, 0.0015625, 0.0109375, 0.0328125, 0.0546875, 0.0546875, 0.0328125, 0.0109375, 0.0015625]","[1.0, 41.5, 42.5, 43.5, 44.5, 45.5, 46.5, 47.5, 48.5]",[1.0],[7.0]
P012,3,A,0,problem14158,95% chance of 5; 5% chance of 2,50% chance of -20; 0.39062% chance of 26.5; 2.73438% chance of 27.5; 8.20312% chance of 28.5; 13.6719% chance of 29.5; 13.6719% chance of 30.5; 8.20312% chance of 31.5; 2.73438% chance of 32.5; 0.39062% chance of 33.5,"[0.95, 0.05]","[5.0, 2.0]","[0.5, 0.0039062000000000003, 0.027343799999999998, 0.0820312, 0.1367188, 0.1367188, 0.0820312, 0.027343799999999998, 0.0039062000000000003]","[-20.0, 26.5, 27.5, 28.5, 29.5, 30.5, 31.5, 32.5, 33.5]"
P012,4,A,0,problem14180,9 for sure,25% chance of 14; 37.5% chance of 20; 18.75% chance of 18; 9.375% chance of 14; 4.6875% chance of 6; 2.34375% chance of -10; 2.34375% chance of -42,[1.0],[9.0],"[0.25, 0.375, 0.1875, 0.09375, 0.046875, 0.0234375, 0.0234375]","[14.0, 20.0, 18.0, 14.0, 6.0, -10.0, -42.0]"
P012,5,A,0,problem296,25% chance of 105; 75% chance of 0,1% chance of 29; 99% chance of 32,"[0.25, 0.75]","[105.0, 0.0]","[0.01, 0.99]","[29.0, 32.0]"
P012,6,B,1,problem11378,12.5% chance of -9.5; 37.5% chance of -8.5; 37.5% chance of -7.5; 12.5% chance of -6.5,40% chance of -5; 60% chance of -10,"[0.125, 0.375, 0.375, 0.125]","[-9.5, -8.5, -7.5, -6.5]","[0.4, 0.6]","[-5.0, -10.0]"
P012,7,B,1,problem1739,50% chance of -26; 50% chance of 92,10% chance of 61; 90% chance of 27,"[0.5, 0.5]","[-26.0, 92.0]","[0.1, 0.9]","[61.0, 27.0]"
P012,8,A,0,problem4346,80% chance of 14; 20% chance of 76,23 for sure,"[0.8, 0.2]","[14.0, 76.0]",[1.0],[23.0]
P012,9,B,1,problem2301,99% chance of 9; 0.5% chance of 64; 0.25% chance of 66; 0.125% chance of 70; 0.0625% chance of 78; 0.03125% chance of 94; 0.03125% chance of 126,18 for sure,"[0.99, 0.005, 0.0025, 0.00125, 0.000625, 0.0003125, 0.0003125]","[9.0, 64.0, 66.0, 70.0, 78.0, 94.0, 126.0]",[1.0],[18.0]
P012,10,A,0,problem821,24 for sure,90% chance of 16; 10% chance of 34,[1.0],[24.0],"[0.9, 0.1]","[16.0, 34.0]"
P012,11,A,0,problem1486,28 for sure,75% chance of 26; 0.19531% chance of 70.5; 1.36719% chance of 71.5; 4.10156% chance of 72.5; 6.83594% chance of 73.5; 6.83594% chance of 74.5; 4.10156% chance of 75.5; 1.36719% chance of 76.5; 0.19531% chance of 77.5,[1.0],[28.0],"[0.75, 0.0019531000000000001, 0.013671899999999999, 0.0410156, 0.0683594, 0.0683594, 0.0410156, 0.013671899999999999, 0.0019531000000000001]","[26.0, 70.5, 71.5, 72.5, 73.5, 74.5, 75.5, 76.5, 77.5]"
P012,12,B,1,problem9486,50% chance of -28; 25% chance of 14; 12.5% chance of 16; 6.25% chance of 20; 3.125% chance of 28; 1.5625% chance of 44; 1.5625% chance of 76,-3 for sure,"[0.5, 0.25, 0.125, 0.0625, 0.03125, 0.015625, 0.015625]","[-28.0, 14.0, 16.0, 20.0, 28.0, 44.0, 76.0]",[1.0],[-3.0]
P012,13,A,0,problem11934,21 for sure,99% chance of 19; 1% chance of 55,[1.0],[21.0],"[0.99, 0.01]","[19.0, 55.0]"
P012,14,B,1,problem4914,50% chance of 32; 25% chance of 30; 25% chance of 26,90% chance of 30; 10% chance of 26,"[0.5, 0.25, 0.25]","[32.0, 30.0, 26.0]","[0.9, 0.1]","[30.0, 26.0]"
P012,15,B,1,problem12177,80% chance of -2; 20% chance of 47,1% chance of 42; 99% chance of 5,"[0.8, 0.2]","[-2.0, 47.0]","[0.01, 0.99]","[42.0, 5.0]"
P012,16,A,0,problem12592,80% chance of -4; 20% chance of 33,-6 for sure,"[0.8, 0.2]","[-4.0, 33.0]",[1.0],[-6.0]
P012,17,B,1,problem11942,19 for sure,50% chance of 18.5; 50% chance of 19.5,[1.0],[19.0],"[0.5, 0.5]","[18.5, 19.5]"
P012,18,A,0,problem10584,40% chance of 6; 60% chance of 39,75% chance of 56; 25% chance of -47,"[0.4, 0.6]","[6.0, 39.0]","[0.75, 0.25]","[56.0, -47.0]"
P012,19,B,1,problem6425,20% chance of -45; 80% chance of 12,1% chance of 28; 99% chance of 3,"[0.2, 0.8]","[-45.0, 12.0]","[0.01, 0.99]","[28.0, 3.0]"
P012,20,B,1,problem9228,-7 for sure,60% chance of -12; 40% chance of 1,[1.0],[-7.0],"[0.6, 0.4]","[-12.0, 1.0]"
P012,21,A,0,problem10022,14 for sure,50% chance of -9; 50% chance of 39,[1.0],[14.0],"[0.5, 0.5]","[-9.0, 39.0]"
P012,22,A,0,problem4015,90% chance of 4; 0.07812% chance of 79.5; 0.54688% chance of 80.5; 1.64062% chance of 81.5; 2.73438% chance of 82.5; 2.73438% chance of 83.5; 1.64062% chance of 84.5; 0.54688% chance of 85.5; 0.07812% chance of 86.5,80% chance of 24; 20% chance of -31,"[0.9, 0.0007811999999999999, 0.0054688, 0.0164062, 0.027343799999999998, 0.027343799999999998, 0.0164062, 0.0054688, 0.0007811999999999999]","[4.0, 79.5, 80.5, 81.5, 82.5, 83.5, 84.5, 85.5, 86.5]","[0.8, 0.2]","[24.0, -31.0]"
P012,23,A,0,problem9806,20% chance of -39; 80% chance of 8,5% chance of 1; 95% chance of -8,"[0.2, 0.8]","[-39.0, 8.0]","[0.05, 0.95]","[1.0, -8.0]"
P012,24,B,1,problem13678,20% chance of -29; 80% chance of 3,1% chance of 50; 99% chance of 3,"[0.2, 0.8]","[-29.0, 3.0]","[0.01, 0.99]","[50.0, 3.0]"
P012,25,B,1,problem13313,60% chance of 0; 40% chance of 65,27 for sure,"[0.6, 0.4]","[0.0, 65.0]",[1.0],[27.0]
P012,26,A,0,problem9571,24 for sure,50% chance of 3; 50% chance of 60,[1.0],[24.0],"[0.5, 0.5]","[3.0, 60.0]"
P012,27,A,0,problem3113,25% chance of -8; 37.5% chance of -6; 37.5% chance of -8,90% chance of -6; 10% chance of -16,"[0.25, 0.375, 0.375]","[-8.0, -6.0, -8.0]","[0.9, 0.1]","[-6.0, -16.0]"
P012,28,A,0,problem14487,80% chance of 11; 20% chance of 114,29 for sure,"[0.8, 0.2]","[11.0, 114.0]",[1.0],[29.0]
P012,29,B,1,problem9321,75% chance of 17; 0.19531% chance of 87.5; 1.36719% chance of 88.5; 4.10156% chance of 89.5; 6.83594% chance of 90.5; 6.83594% chance of 91.5; 4.10156% chance of 92.5; 1.36719% chance of 93.5; 0.19531% chance of 94.5,30 for sure,"[0.75, 0.0019531000000000001, 0.013671899999999999, 0.0410156, 0.0683594, 0.0683594, 0.0410156, 0.013671899999999999, 0.0019531000000000001]","[17.0, 87.5, 88.5, 89.5, 90.5, 91.5, 92.5, 93.5, 94.5]",[1.0],[30.0]
P012,30,A,0,problem6064,26 for sure,20% chance of -23; 80% chance of 40,[1.0],[26.0],"[0.2, 0.8]","[-23.0, 40.0]"
P012,31,A,0,problem7323,23 for sure,80% chance of 10; 0.15625% chance of 51.5; 1.09375% chance of 52.5; 3.28125% chance of 53.5; 5.46875% chance of 54.5; 5.46875% chance of 55.5; 3.28125% chance of 56.5; 1.09375% chance of 57.5; 0.15625% chance of 58.5,[1.0],[23.0],"[0.8, 0.0015625, 0.0109375, 0.0328125, 0.0546875, 0.0546875, 0.0328125, 0.0109375, 0.0015625]","[10.0, 51.5, 52.5, 53.5, 54.5, 55.5, 56.5, 57.5, 58.5]"
P012,32,B,1,problem9033,10% chance of -39; 90% chance of 18,15 for sure,"[0.1, 0.9]","[-39.0, 18.0]",[1.0],[15.0]
P012,33,A,0,problem3365,25% chance of 5; 75% chance of 24,50% chance of 39; 50% chance of 1,"[0.25, 0.75]","[5.0, 24.0]","[0.5, 0.5]","[39.0, 1.0]"
P012,34,B,1,problem12774,95% chance of 5; 0.625% chance of 47.5; 1.875% chance of 48.5; 1.875% chance of 49.5; 0.625% chance of 50.5,25% chance of 23; 75% chance of 7,"[0.95, 0.00625, 0.01875, 0.01875, 0.00625]","[5.0, 47.5, 48.5, 49.5, 50.5]","[0.25, 0.75]","[23.0, 7.0]"
P012,35,A,0,problem14205,26 for sure,99% chance of 25; 0.03125% chance of 59.5; 0.15625% chance of 60.5; 0.3125% chance of 61.5; 0.3125% chance of 62.5; 0.15625% chance of 63.5; 0.03125% chance of 64.5,[1.0],[26.0],"[0.99, 0.0003125, 0.0015625, 0.003125, 0.003125, 0.0015625, 0.0003125]","[25.0, 59.5, 60.5, 61.5, 62.5, 63.5, 64.5]"
P012,36,B,1,problem5336,80% chance of 16; 20% chance of 31,20% chance of 99; 80% chance of 4,"[0.8, 0.2]","[16.0, 31.0]","[0.2, 0.8]","[99.0, 4.0]"
P012,37,A,0,problem6268,5 for sure,20% chance of -19; 80% chance of 17,[1.0],[5.0],"[0.2, 0.8]","[-19.0, 17.0]"
P012,38,A,0,problem8032,20% chance of 15; 2.5% chance of 12.5; 12.5% chance of 13.5; 25% chance of 14.5; 25% chance of 15.5; 12.5% chance of 16.5; 2.5% chance of 17.5,40% chance of 86; 60% chance of -12,"[0.2, 0.025, 0.125, 0.25, 0.25, 0.125, 0.025]","[15.0, 12.5, 13.5, 14.5, 15.5, 16.5, 17.5]","[0.4, 0.6]","[86.0, -12.0]"
P012,39,A,0,problem2215,20% chance of 21; 80% chance of -9,95% chance of -8; 2.5% chance of 70; 2.5% chance of 68,"[0.2, 0.8]","[21.0, -9.0]","[0.95, 0.025, 0.025]","[-8.0, 70.0, 68.0]"
P012,40,B,1,problem11275,20% chance of -2; 80% chance of -1,-1 for sure,"[0.2, 0.8]","[-2.0, -1.0]",[1.0],[-1.0]
P013,1,A,0,problem5851,20% chance of 57; 80% chance of -14,80% chance of -4; 20% chance of 12,"[0.2, 0.8]","[57.0, -14.0]","[0.8, 0.2]","[-4.0, 12.0]"
P013,2,B,1,problem13180,5% chance of 75; 95% chance of 14,90% chance of 8; 10% chance of 95,"[0.05, 0.95]","[75.0, 14.0]","[0.9, 0.1]","[8.0, 95.0]"
P013,3,A,0,problem6490,50% chance of 29; 50% chance of -35,10% chance of -10; 90% chance of -1,"[0.5, 0.5]","[29.0, -35.0]","[0.1, 0.9]","[-10.0, -1.0]"
P013,4,B,1,problem4621,25% chance of 23; 75% chance of -6,90% chance of -3; 0.3125% chance of 98.5; 1.5625% chance of 99.5; 3.125% chance of 100.5; 3.125% chance of 101.5; 1.5625% chance of 102.5; 0.3125% chance of 103.5,"[0.25, 0.75]","[23.0, -6.0]","[0.9, 0.003125, 0.015625, 0.03125, 0.03125, 0.015625, 0.003125]","[-3.0, 98.5, 99.5, 100.5, 101.5, 102.5, 103.5]"
P013,5,B,1,problem4015,90% chance of 4; 0.07812% chance of 79.5; 0.54688% chance of 80.5; 1.64062% chance of 81.5; 2.73438% chance of 82.5; 2.73438% chance of 83.5; 1.64062% chance of 84.5; 0.54688% chance of 85.5; 0.07812% chance of 86.5,80% chance of 24; 20% chance of -31,"[0.9, 0.0007811999999999999, 0.0054688, 0.0164062, 0.027343799999999998, 0.027343799999999998, 0.0164062, 0.0054688, 0.0007811999999999999]","[4.0, 79.5, 80.5, 81.5, 82.5, 83.5, 84.5, 85.5, 86.5]","[0.8, 0.2]","[24.0, -31.0]"
P013,6,B,1,problem10506,1% chance of 98; 99% chance of -8,25% chance of -13; 2.34375% chance of -6.5; 11.7188% chance of -5.5; 23.4375% chance of -4.5; 23.4375% chance of -3.5; 11.7188% chance of -2.5; 2.34375% chance of -1.5,"[0.01, 0.99]","[98.0, -8.0]","[0.25, 0.0234375, 0.1171875, 0.234375, 0.234375, 0.1171875, 0.0234375]","[-13.0, -6.5, -5.5, -4.5, -3.5, -2.5, -1.5]"
P013,7,A,0,problem14381,22 for sure,90% chance of 7; 10% chance of 51,[1.0],[22.0],"[0.9, 0.1]","[7.0, 51.0]"
P013,8,B,1,problem4937,1% chance of 3; 49.5% chance of 7; 24.75% chance of 9; 12.375% chance of 13; 6.1875% chance of 21; 6.1875% chance of 37,9 for sure,"[0.01, 0.495, 0.2475, 0.12375, 0.061875, 0.061875]","[3.0, 7.0, 9.0, 13.0, 21.0, 37.0]",[1.0],[9.0]
P013,9,B,1,problem4604,-5 for sure,90% chance of -14; 10% chance of 13,[1.0],[-5.0],"[0.9, 0.1]","[-14.0, 13.0]"
P013,10,A,0,problem684,27 for sure,20% chance of -8; 0.625% chance of 25.5; 4.375% chance of 26.5; 13.125% chance of 27.5; 21.875% chance of 28.5; 21.875% chance of 29.5; 13.125% chance of 30.5; 4.375% chance of 31.5; 0.625% chance of 32.5,[1.0],[27.0],"[0.2, 0.00625, 0.04375, 0.13125, 0.21875, 0.21875, 0.13125, 0.04375, 0.00625]","[-8.0, 25.5, 26.5, 27.5, 28.5, 29.5, 30.5, 31.5, 32.5]"
P013,11,B,1,problem2874,20% chance of 87; 80% chance of -23,90% chance of 2; 5% chance of 15; 2.5% chance of 17; 1.25% chance of 21; 0.625% chance of 29; 0.3125% chance of 45; 0.3125% chance of 77,"[0.2, 0.8]","[87.0, -23.0]","[0.9, 0.05, 0.025, 0.0125, 0.00625, 0.003125, 0.003125]","[2.0, 15.0, 17.0, 21.0, 29.0, 45.0, 77.0]"
P013,12,A,0,problem12643,50% chance of -4; 50% chance of 54,25% chance of 69; 75% chance of 17,"[0.5, 0.5]","[-4.0, 54.0]","[0.25, 0.75]","[69.0, 17.0]"
P013,13,A,0,problem6953,20% chance of 113; 80% chance of -17,50% chance of 10; 25% chance of 12.5; 25% chance of 13.5,"[0.2, 0.8]","[113.0, -17.0]","[0.5, 0.25, 0.25]","[10.0, 12.5, 13.5]"
P013,14,A,0,problem1951,20% chance of 67; 80% chance of -12,50% chance of 6; 50% chance of 10,"[0.2, 0.8]","[67.0, -12.0]","[0.5, 0.5]","[6.0, 10.0]"
P013,15,A,0,problem11473,95% chance of 20; 5% chance of 69,25% chance of 23; 75% chance of 23,"[0.95, 0.05]","[20.0, 69.0]","[0.25, 0.75]","[23.0, 23.0]"
P013,16,B,1,problem9322,19 for sure,5% chance of 3; 95% chance of 28,[1.0],[19.0],"[0.05, 0.95]","[3.0, 28.0]"
P013,17,A,0,problem7243,90% chance of 29; 0.07812% chance of 33.5; 0.54688% chance of 34.5; 1.64062% chance of 35.5; 2.73438% chance of 36.5; 2.73438% chance of 37.5; 1.64062% chance of 38.5; 0.54688% chance of 39.5; 0.07812% chance of 40.5,29 for sure,"[0.9, 0.0007811999999999999, 0.0054688, 0.0164062, 0.027343799999999998, 0.027343799999999998, 0.0164062, 0.0054688, 0.0007811999999999999]","[29.0, 33.5, 34.5, 35.5, 36.5, 37.5, 38.5, 39.5, 40.5]",[1.0],[29.0]
P013,18,A,0,problem5594,80% chance of 15; 20% chance of 5,50% chance of 12.5; 50% chance of 13.5,"[0.8, 0.2]","[15.0, 5.0]","[0.5, 0.5]","[12.5, 13.5]"
P013,19,A,0,problem1075,24 for sure,1% chance of -7; 49.5% chance of 18; 24.75% chance of 20; 12.375% chance of 24; 12.375% chance of 32,[1.0],[24.0],"[0.01, 0.495, 0.2475, 0.12375, 0.12375]","[-7.0, 18.0, 20.0, 24.0, 32.0]"
P013,20,A,0,problem1310,95% chance of 20; 0.625% chance of 95.5; 1.875% chance of 96.5; 1.875% chance of 97.5; 0.625% chance of 98.5,90% chance of 19; 10% chance of -25,"[0.95, 0.00625, 0.01875, 0.01875, 0.00625]","[20.0, 95.5, 96.5, 97.5, 98.5]","[0.9, 0.1]","[19.0, -25.0]"
P013,21,B,1,problem11535,50% chance of 5; 50% chance of 28,21 for sure,"[0.5, 0.5]","[5.0, 28.0]",[1.0],[21.0]
P013,22,B,1,problem7327,60% chance of 23; 40% chance of 30,28 for sure,"[0.6, 0.4]","[23.0, 30.0]",[1.0],[28.0]
P013,23,A,0,problem2771,80% chance of 0; 20% chance of 30,11 for sure,"[0.8, 0.2]","[0.0, 30.0]",[1.0],[11.0]
P013,24,A,0,problem3310,11 for sure,75% chance of -11; 25% chance of 46,[1.0],[11.0],"[0.75, 0.25]","[-11.0, 46.0]"
P013,25,B,1,problem5471,99% chance of 6; 1% chance of 92,50% chance of 19; 50% chance of -13,"[0.99, 0.01]","[6.0, 92.0]","[0.5, 0.5]","[19.0, -13.0]"
P013,26,B,1,problem9530,23 for sure,50% chance of -11; 25% chance of 53; 25% chance of 51,[1.0],[23.0],"[0.5, 0.25, 0.25]","[-11.0, 53.0, 51.0]"
P013,27,B,1,problem1331,27 for sure,75% chance of 12; 12.5% chance of 48; 6.25% chance of 50; 3.125% chance of 54; 1.5625% chance of 62; 0.78125% chance of 78; 0.39062% chance of 110; 0.39062% chance of 174,[1.0],[27.0],"[0.75, 0.125, 0.0625, 0.03125, 0.015625, 0.0078125, 0.0039062000000000003, 0.0039062000000000003]","[12.0, 48.0, 50.0, 54.0, 62.0, 78.0, 110.0, 174.0]"
P013,28,A,0,problem5333,40% chance of -8; 1.875% chance of 32.5; 9.375% chance of 33.5; 18.75% chance of 34.5; 18.75% chance of 35.5; 9.375% chance of 36.5; 1.875% chance of 37.5,13 for sure,"[0.4, 0.01875, 0.09375, 0.1875, 0.1875, 0.09375, 0.01875]","[-8.0, 32.5, 33.5, 34.5, 35.5, 36.5, 37.5]",[1.0],[13.0]
P013,29,A,0,problem240,50% chance of -16; 50% chance of 30,10 for sure,"[0.5, 0.5]","[-16.0, 30.0]",[1.0],[10.0]
P013,30,A,0,problem13398,18 for sure,40% chance of 5; 60% chance of 23,[1.0],[18.0],"[0.4, 0.6]","[5.0, 23.0]"
P013,31,A,0,problem4493,29 for sure,60% chance of 19; 40% chance of 36,[1.0],[29.0],"[0.6, 0.4]","[19.0, 36.0]"
P013,32,A,0,problem9733,40% chance of 89; 60% chance of -11,95% chance of 30; 0.15625% chance of 50.5; 0.78125% chance of 51.5; 1.5625% chance of 52.5; 1.5625% chance of 53.5; 0.78125% chance of 54.5; 0.15625% chance of 55.5,"[0.4, 0.6]","[89.0, -11.0]","[0.95, 0.0015625, 0.0078125, 0.015625, 0.015625, 0.0078125, 0.0015625]","[30.0, 50.5, 51.5, 52.5, 53.5, 54.5, 55.5]"
P013,33,B,1,problem7142,18 for sure,50% chance of 0; 50% chance of 59,[1.0],[18.0],"[0.5, 0.5]","[0.0, 59.0]"
P013,34,B,1,problem8755,60% chance of 46; 40% chance of 4,80% chance of 23; 20% chance of 71,"[0.6, 0.4]","[46.0, 4.0]","[0.8, 0.2]","[23.0, 71.0]"
P013,35,B,1,problem13301,25% chance of -16; 75% chance of -1,3 for sure,"[0.25, 0.75]","[-16.0, -1.0]",[1.0],[3.0]
P013,36,B,1,problem2388,24 for sure,90% chance of 25; 0.3125% chance of 25.5; 1.5625% chance of 26.5; 3.125% chance of 27.5; 3.125% chance of 28.5; 1.5625% chance of 29.5; 0.3125% chance of 30.5,[1.0],[24.0],"[0.9, 0.003125, 0.015625, 0.03125, 0.03125, 0.015625, 0.003125]","[25.0, 25.5, 26.5, 27.5, 28.5, 29.5, 30.5]"
P013,37,B,1,problem4342,80% chance of 7; 0.15625% chance of 33.5; 1.09375% chance of 34.5; 3.28125% chance of 35.5; 5.46875% chance of 36.5; 5.46875% chance of 37.5; 3.28125% chance of 38.5; 1.09375% chance of 39.5; 0.15625% chance of 40.5,5% chance of 69; 95% chance of 11,"[0.8, 0.0015625, 0.0109375, 0.0328125, 0.0546875, 0.0546875, 0.0328125, 0.0109375, 0.0015625]","[7.0, 33.5, 34.5, 35.5, 36.5, 37.5, 38.5, 39.5, 40.5]","[0.05, 0.95]","[69.0, 11.0]"
P013,38,A,0,problem13934,2 for sure,75% chance of -23; 25% chance of 54,[1.0],[2.0],"[0.75, 0.25]","[-23.0, 54.0]"
P013,39,B,1,problem7861,25% chance of 61; 75% chance of 1,60% chance of -10; 40% chance of 37,"[0.25, 0.75]","[61.0, 1.0]","[0.6, 0.4]","[-10.0, 37.0]"
P013,40,B,1,problem5103,95% chance of -12; 0.15625% chance of -0.5; 0.78125% chance of 0.5; 1.5625% chance of 1.5; 1.5625% chance of 2.5; 0.78125% chance of 3.5; 0.15625% chance of 4.5,-3 for sure,"[0.95, 0.0015625, 0.0078125, 0.015625, 0.015625, 0.0078125, 0.0015625]","[-12.0, -0.5, 0.5, 1.5, 2.5, 3.5, 4.5]",[1.0],[-3.0]
P014,1,B,1,problem3561,20% chance of -19; 40% chance of 19; 20% chance of 17; 10% chance of 13; 5% chance of 5; 2.5% chance of -11; 2.5% chance of -43,1 for sure,"[0.2, 0.4, 0.2, 0.1, 0.05, 0.025, 0.025]","[-19.0, 19.0, 17.0, 13.0, 5.0, -11.0, -43.0]",[1.0],[1.0]
P014,2,A,0,problem5924,-8 for sure,60% chance of -38; 40% chance of 24,[1.0],[-8.0],"[0.6, 0.4]","[-38.0, 24.0]"
P014,3,A,0,problem6597,16 for sure,25% chance of 16; 75% chance of 20,[1.0],[16.0],"[0.25, 0.75]","[16.0, 20.0]"
P014,4,B,1,problem699,60% chance of -41; 20% chance of 56; 20% chance of 58,2 for sure,"[0.6, 0.2, 0.2]","[-41.0, 56.0, 58.0]",[1.0],[2.0]
P014,5,B,1,problem4087,20% chance of 1; 40% chance of 13; 20% chance of 11; 10% chance of 7; 5% chance of -1; 2.5% chance of -17; 2.5% chance of -49,17 for sure,"[0.2, 0.4, 0.2, 0.1, 0.05, 0.025, 0.025]","[1.0, 13.0, 11.0, 7.0, -1.0, -17.0, -49.0]",[1.0],[17.0]
P014,6,A,0,problem11319,10 for sure,95% chance of 1; 5% chance of 37,[1.0],[10.0],"[0.95, 0.05]","[1.0, 37.0]"
P014,7,B,1,problem10948,-7 for sure,99% chance of -10; 1% chance of 46,[1.0],[-7.0],"[0.99, 0.01]","[-10.0, 46.0]"
P014,8,A,0,problem13775,-10 for sure,99% chance of -17; 1% chance of 17,[1.0],[-10.0],"[0.99, 0.01]","[-17.0, 17.0]"
P014,9,B,1,problem12207,50% chance of -9; 6.25% chance of 21.5; 18.75% chance of 22.5; 18.75% chance of 23.5; 6.25% chance of 24.5,5 for sure,"[0.5, 0.0625, 0.1875, 0.1875, 0.0625]","[-9.0, 21.5, 22.5, 23.5, 24.5]",[1.0],[5.0]
P014,10,A,0,problem3550,95% chance of -9; 2.5% chance of 60; 1.25% chance of 62; 0.625% chance of 66; 0.3125% chance of 74; 0.15625% chance of 90; 0.15625% chance of 122,-5 for sure,"[0.95, 0.025, 0.0125, 0.00625, 0.003125, 0.0015625, 0.0015625]","[-9.0, 60.0, 62.0, 66.0, 74.0, 90.0, 122.0]",[1.0],[-5.0]
P014,11,A,0,problem2041,19 for sure,10% chance of 6; 0.70312% chance of 4.5; 4.92188% chance of 5.5; 14.7656% chance of 6.5; 24.6094% chance of 7.5; 24.6094% chance of 8.5; 14.7656% chance of 9.5; 4.92188% chance of 10.5; 0.70312% chance of 11.5,[1.0],[19.0],"[0.1, 0.0070312, 0.0492188, 0.1476563, 0.24609380000000003, 0.24609380000000003, 0.1476563, 0.0492188, 0.0070312]","[6.0, 4.5, 5.5, 6.5, 7.5, 8.5, 9.5, 10.5, 11.5]"
P014,12,A,0,problem8736,60% chance of 24; 1.25% chance of 28.5; 6.25% chance of 29.5; 12.5% chance of 30.5; 12.5% chance of 31.5; 6.25% chance of 32.5; 1.25% chance of 33.5,1% chance of 66; 99% chance of 26,"[0.6, 0.0125, 0.0625, 0.125, 0.125, 0.0625, 0.0125]","[24.0, 28.5, 29.5, 30.5, 31.5, 32.5, 33.5]","[0.01, 0.99]","[66.0, 26.0]"
P014,13,B,1,problem3576,40% chance of 5; 60% chance of -17,10% chance of -38; 90% chance of -6,"[0.4, 0.6]","[5.0, -17.0]","[0.1, 0.9]","[-38.0, -6.0]"
P014,14,A,0,problem10271,-1 for sure,99% chance of -4; 1% chance of 47,[1.0],[-1.0],"[0.99, 0.01]","[-4.0, 47.0]"
P014,15,B,1,problem1781,27 for sure,50% chance of -30; 1.5625% chance of 85.5; 7.8125% chance of 86.5; 15.625% chance of 87.5; 15.625% chance of 88.5; 7.8125% chance of 89.5; 1.5625% chance of 90.5,[1.0],[27.0],"[0.5, 0.015625, 0.078125, 0.15625, 0.15625, 0.078125, 0.015625]","[-30.0, 85.5, 86.5, 87.5, 88.5, 89.5, 90.5]"
P014,16,A,0,problem8735,-1 for sure,1% chance of -15; 99% chance of -2,[1.0],[-1.0],"[0.01, 0.99]","[-15.0, -2.0]"
P014,17,B,1,problem6464,25% chance of 39; 75% chance of 6,99% chance of 15; 1% chance of 25,"[0.25, 0.75]","[39.0, 6.0]","[0.99, 0.01]","[15.0, 25.0]"
P014,18,B,1,problem6230,99% chance of 2; 1% chance of 23,9 for sure,"[0.99, 0.01]","[2.0, 23.0]",[1.0],[9.0]
P014,19,A,0,problem4168,25% chance of -39; 37.5% chance of 59; 18.75% chance of 61; 18.75% chance of 65,28 for sure,"[0.25, 0.375, 0.1875, 0.1875]","[-39.0, 59.0, 61.0, 65.0]",[1.0],[28.0]
P014,20,B,1,problem9809,18 for sure,95% chance of 22; 5% chance of 37,[1.0],[18.0],"[0.95, 0.05]","[22.0, 37.0]"
P014,21,B,1,problem10519,27 for sure,95% chance of 27; 5% chance of 39,[1.0],[27.0],"[0.95, 0.05]","[27.0, 39.0]"
P014,22,A,0,problem5191,30 for sure,99% chance of 32; 0.5% chance of 60.5; 0.5% chance of 61.5,[1.0],[30.0],"[0.99, 0.005, 0.005]","[32.0, 60.5, 61.5]"
P014,23,B,1,problem8917,99% chance of 30; 1% chance of 81,60% chance of 53; 40% chance of -7,"[0.99, 0.01]","[30.0, 81.0]","[0.6, 0.4]","[53.0, -7.0]"
P014,24,B,1,problem7268,20% chance of 47; 80% chance of 21,95% chance of 23; 5% chance of 86,"[0.2, 0.8]","[47.0, 21.0]","[0.95, 0.05]","[23.0, 86.0]"
P014,25,B,1,problem4207,-3 for sure,95% chance of 3; 5% chance of 25,[1.0],[-3.0],"[0.95, 0.05]","[3.0, 25.0]"
P014,26,A,0,problem6492,60% chance of 47; 40% chance of -38,80% chance of 0; 0.15625% chance of 35.5; 1.09375% chance of 36.5; 3.28125% chance of 37.5; 5.46875% chance of 38.5; 5.46875% chance of 39.5; 3.28125% chance of 40.5; 1.09375% chance of 41.5; 0.15625% chance of 42.5,"[0.6, 0.4]","[47.0, -38.0]","[0.8, 0.0015625, 0.0109375, 0.0328125, 0.0546875, 0.0546875, 0.0328125, 0.0109375, 0.0015625]","[0.0, 35.5, 36.5, 37.5, 38.5, 39.5, 40.5, 41.5, 42.5]"
P014,27,B,1,problem2176,-4 for sure,25% chance of -1; 9.375% chance of 2.5; 28.125% chance of 3.5; 28.125% chance of 4.5; 9.375% chance of 5.5,[1.0],[-4.0],"[0.25, 0.09375, 0.28125, 0.28125, 0.09375]","[-1.0, 2.5, 3.5, 4.5, 5.5]"
P014,28,A,0,problem13600,90% chance of -11; 1.25% chance of 103.5; 3.75% chance of 104.5; 3.75% chance of 105.5; 1.25% chance of 106.5,7 for sure,"[0.9, 0.0125, 0.0375, 0.0375, 0.0125]","[-11.0, 103.5, 104.5, 105.5, 106.5]",[1.0],[7.0]
P014,29,B,1,problem7689,50% chance of -27; 6.25% chance of 16.5; 18.75% chance of 17.5; 18.75% chance of 18.5; 6.25% chance of 19.5,-5 for sure,"[0.5, 0.0625, 0.1875, 0.1875, 0.0625]","[-27.0, 16.5, 17.5, 18.5, 19.5]",[1.0],[-5.0]
P014,30,A,0,problem9133,-5 for sure,25% chance of -10; 37.5% chance of 7; 18.75% chance of 5; 9.375% chance of 1; 9.375% chance of -7,[1.0],[-5.0],"[0.25, 0.375, 0.1875, 0.09375, 0.09375]","[-10.0, 7.0, 5.0, 1.0, -7.0]"
P014,31,A,0,problem12359,95% chance of -12; 5% chance of 32,-9 for sure,"[0.95, 0.05]","[-12.0, 32.0]",[1.0],[-9.0]
P014,32,A,0,problem9755,-2 for sure,75% chance of -19; 0.19531% chance of 50.5; 1.36719% chance of 51.5; 4.10156% chance of 52.5; 6.83594% chance of 53.5; 6.83594% chance of 54.5; 4.10156% chance of 55.5; 1.36719% chance of 56.5; 0.19531% chance of 57.5,[1.0],[-2.0],"[0.75, 0.0019531000000000001, 0.013671899999999999, 0.0410156, 0.0683594, 0.0683594, 0.0410156, 0.013671899999999999, 0.0019531000000000001]","[-19.0, 50.5, 51.5, 52.5, 53.5, 54.5, 55.5, 56.5, 57.5]"
P014,33,A,0,problem343,60% chance of 21; 20% chance of 45; 20% chance of 47,99% chance of 29; 1% chance of 11,"[0.6, 0.2, 0.2]","[21.0, 45.0, 47.0]","[0.99, 0.01]","[29.0, 11.0]"
P014,34,A,0,problem10906,25% chance of 19; 75% chance of -5,60% chance of -8; 20% chance of 10; 10% chance of 8; 10% chance of 4,"[0.25, 0.75]","[19.0, -5.0]","[0.6, 0.2, 0.1, 0.1]","[-8.0, 10.0, 8.0, 4.0]"
P014,35,A,0,problem8079,90% chance of 14; 10% chance of 55,16 for sure,"[0.9, 0.1]","[14.0, 55.0]",[1.0],[16.0]
P014,36,A,0,problem2188,10% chance of 15; 90% chance of 5,40% chance of 1; 60% chance of 5,"[0.1, 0.9]","[15.0, 5.0]","[0.4, 0.6]","[1.0, 5.0]"
P014,37,A,0,problem11521,50% chance of -32; 0.39062% chance of 9.5; 2.73438% chance of 10.5; 8.20312% chance of 11.5; 13.6719% chance of 12.5; 13.6719% chance of 13.5; 8.20312% chance of 14.5; 2.73438% chance of 15.5; 0.39062% chance of 16.5,80% chance of 4; 20% chance of -46,"[0.5, 0.0039062000000000003, 0.027343799999999998, 0.0820312, 0.1367188, 0.1367188, 0.0820312, 0.027343799999999998, 0.0039062000000000003]","[-32.0, 9.5, 10.5, 11.5, 12.5, 13.5, 14.5, 15.5, 16.5]","[0.8, 0.2]","[4.0, -46.0]"
P014,38,B,1,problem11299,95% chance of -14; 5% chance of 29,-5 for sure,"[0.95, 0.05]","[-14.0, 29.0]",[1.0],[-5.0]
P014,39,A,0,problem11225,95% chance of 22; 5% chance of 70,27 for sure,"[0.95, 0.05]","[22.0, 70.0]",[1.0],[27.0]
P014,40,A,0,problem2819,60% chance of -6; 5% chance of 53.5; 15% chance of 54.5; 15% chance of 55.5; 5% chance of 56.5,5% chance of 92; 95% chance of 18,"[0.6, 0.05, 0.15, 0.15, 0.05]","[-6.0, 53.5, 54.5, 55.5, 56.5]","[0.05, 0.95]","[92.0, 18.0]"
P015,1,B,1,problem3418,75% chance of -12; 12.5% chance of 4; 6.25% chance of 6; 3.125% chance of 10; 1.5625% chance of 18; 1.5625% chance of 34,-9 for sure,"[0.75, 0.125, 0.0625, 0.03125, 0.015625, 0.015625]","[-12.0, 4.0, 6.0, 10.0, 18.0, 34.0]",[1.0],[-9.0]
P015,2,B,1,problem11856,40% chance of 2; 30% chance of 19; 30% chance of 17,60% chance of 15; 40% chance of -10,"[0.4, 0.3, 0.3]","[2.0, 19.0, 17.0]","[0.6, 0.4]","[15.0, -10.0]"
P015,3,B,1,problem12285,10% chance of 9; 90% chance of 28,24 for sure,"[0.1, 0.9]","[9.0, 28.0]",[1.0],[24.0]
P015,4,B,1,problem11969,50% chance of -9; 50% chance of 15,5 for sure,"[0.5, 0.5]","[-9.0, 15.0]",[1.0],[5.0]
P015,5,A,0,problem9417,80% chance of 28; 20% chance of 15,95% chance of 30; 2.5% chance of 32; 1.25% chance of 34; 0.625% chance of 38; 0.3125% chance of 46; 0.15625% chance of 62; 0.07812% chance of 94; 0.07812% chance of 158,"[0.8, 0.2]","[28.0, 15.0]","[0.95, 0.025, 0.0125, 0.00625, 0.003125, 0.0015625, 0.0007811999999999999, 0.0007811999999999999]","[30.0, 32.0, 34.0, 38.0, 46.0, 62.0, 94.0, 158.0]"
P015,6,A,0,problem4296,99% chance of 22; 1% chance of 5,50% chance of 21.5; 50% chance of 22.5,"[0.99, 0.01]","[22.0, 5.0]","[0.5, 0.5]","[21.5, 22.5]"
P015,7,B,1,problem3720,60% chance of 13; 40% chance of 38,16 for sure,"[0.6, 0.4]","[13.0, 38.0]",[1.0],[16.0]
P015,8,A,0,problem7264,1% chance of 59; 99% chance of -1,60% chance of -19; 20% chance of 10; 10% chance of 8; 5% chance of 4; 5% chance of -4,"[0.01, 0.99]","[59.0, -1.0]","[0.6, 0.2, 0.1, 0.05, 0.05]","[-19.0, 10.0, 8.0, 4.0, -4.0]"
P015,9,A,0,problem1884,26 for sure,90% chance of 29; 1.25% chance of 61.5; 3.75% chance of 62.5; 3.75% chance of 63.5; 1.25% chance of 64.5,[1.0],[26.0],"[0.9, 0.0125, 0.0375, 0.0375, 0.0125]","[29.0, 61.5, 62.5, 63.5, 64.5]"
P015,10,A,0,problem1457,99% chance of 16; 1% chance of 3,80% chance of -2; 2.5% chance of 44.5; 7.5% chance of 45.5; 7.5% chance of 46.5; 2.5% chance of 47.5,"[0.99, 0.01]","[16.0, 3.0]","[0.8, 0.025, 0.075, 0.075, 0.025]","[-2.0, 44.5, 45.5, 46.5, 47.5]"
P015,11,A,0,problem8499,11 for sure,80% chance of 4; 10% chance of 24.5; 10% chance of 25.5,[1.0],[11.0],"[0.8, 0.1, 0.1]","[4.0, 24.5, 25.5]"
P015,12,A,0,problem2769,90% chance of 26; 10% chance of 58,10% chance of 40; 90% chance of 20,"[0.9, 0.1]","[26.0, 58.0]","[0.1, 0.9]","[40.0, 20.0]"
P015,13,A,0,problem8746,10% chance of 46; 90% chance of 18,80% chance of 16; 20% chance of 34,"[0.1, 0.9]","[46.0, 18.0]","[0.8, 0.2]","[16.0, 34.0]"
P015,14,A,0,problem4573,5% chance of 67; 95% chance of 28,1% chance of -24; 49.5% chance of 26; 24.75% chance of 28; 12.375% chance of 32; 6.1875% chance of 40; 3.09375% chance of 56; 1.54688% chance of 88; 1.54688% chance of 152,"[0.05, 0.95]","[67.0, 28.0]","[0.01, 0.495, 0.2475, 0.12375, 0.061875, 0.0309375, 0.0154688, 0.0154688]","[-24.0, 26.0, 28.0, 32.0, 40.0, 56.0, 88.0, 152.0]"
P015,15,A,0,problem6309,60% chance of 7; 40% chance of -16,90% chance of 4; 0.3125% chance of 9.5; 1.5625% chance of 10.5; 3.125% chance of 11.5; 3.125% chance of 12.5; 1.5625% chance of 13.5; 0.3125% chance of 14.5,"[0.6, 0.4]","[7.0, -16.0]","[0.9, 0.003125, 0.015625, 0.03125, 0.03125, 0.015625, 0.003125]","[4.0, 9.5, 10.5, 11.5, 12.5, 13.5, 14.5]"
P015,16,A,0,problem8490,25% chance of 64; 75% chance of -32,75% chance of -17; 12.5% chance of 10; 6.25% chance of 12; 6.25% chance of 16,"[0.25, 0.75]","[64.0, -32.0]","[0.75, 0.125, 0.0625, 0.0625]","[-17.0, 10.0, 12.0, 16.0]"
P015,17,A,0,problem8432,90% chance of 4; 10% chance of 46,40% chance of 13; 60% chance of 11,"[0.9, 0.1]","[4.0, 46.0]","[0.4, 0.6]","[13.0, 11.0]"
P015,18,A,0,problem415,95% chance of 27; 5% chance of 61,29 for sure,"[0.95, 0.05]","[27.0, 61.0]",[1.0],[29.0]
P015,19,A,0,problem7470,0 for sure,40% chance of -50; 7.5% chance of 16.5; 22.5% chance of 17.5; 22.5% chance of 18.5; 7.5% chance of 19.5,[1.0],[0.0],"[0.4, 0.075, 0.225, 0.225, 0.075]","[-50.0, 16.5, 17.5, 18.5, 19.5]"
P015,20,A,0,problem13857,90% chance of 32; 10% chance of -48,75% chance of 35; 12.5% chance of 35; 6.25% chance of 37; 6.25% chance of 41,"[0.9, 0.1]","[32.0, -48.0]","[0.75, 0.125, 0.0625, 0.0625]","[35.0, 35.0, 37.0, 41.0]"
P015,21,A,0,problem7656,-7 for sure,20% chance of -38; 10% chance of -11.5; 30% chance of -10.5; 30% chance of -9.5; 10% chance of -8.5,[1.0],[-7.0],"[0.2, 0.1, 0.3, 0.3, 0.1]","[-38.0, -11.5, -10.5, -9.5, -8.5]"
P015,22,B,1,problem9006,90% chance of -1; 0.3125% chance of 67.5; 1.5625% chance of 68.5; 3.125% chance of 69.5; 3.125% chance of 70.5; 1.5625% chance of 71.5; 0.3125% chance of 72.5,40% chance of 51; 60% chance of -32,"[0.9, 0.003125, 0.015625, 0.03125, 0.03125, 0.015625, 0.003125]","[-1.0, 67.5, 68.5, 69.5, 70.5, 71.5, 72.5]","[0.4, 0.6]","[51.0, -32.0]"
P015,23,A,0,problem13535,95% chance of 1; 2.5% chance of 16.5; 2.5% chance of 17.5,3 for sure,"[0.95, 0.025, 0.025]","[1.0, 16.5, 17.5]",[1.0],[3.0]
P015,24,A,0,problem13705,60% chance of -16; 40% chance of 110,50% chance of 68; 50% chance of -12,"[0.6, 0.4]","[-16.0, 110.0]","[0.5, 0.5]","[68.0, -12.0]"
P015,25,B,1,problem9246,75% chance of -23; 25% chance of 23,-10 for sure,"[0.75, 0.25]","[-23.0, 23.0]",[1.0],[-10.0]
P015,26,A,0,problem6152,60% chance of 29; 40% chance of 22,90% chance of 16; 10% chance of 100,"[0.6, 0.4]","[29.0, 22.0]","[0.9, 0.1]","[16.0, 100.0]"
P015,27,B,1,problem6487,80% chance of 1; 20% chance of 58,10 for sure,"[0.8, 0.2]","[1.0, 58.0]",[1.0],[10.0]
P015,28,B,1,problem7942,26 for sure,20% chance of 49; 80% chance of 20,[1.0],[26.0],"[0.2, 0.8]","[49.0, 20.0]"
P015,29,A,0,problem6105,60% chance of 7; 40% chance of -35,95% chance of -25; 0.15625% chance of 99.5; 0.78125% chance of 100.5; 1.5625% chance of 101.5; 1.5625% chance of 102.5; 0.78125% chance of 103.5; 0.15625% chance of 104.5,"[0.6, 0.4]","[7.0, -35.0]","[0.95, 0.0015625, 0.0078125, 0.015625, 0.015625, 0.0078125, 0.0015625]","[-25.0, 99.5, 100.5, 101.5, 102.5, 103.5, 104.5]"
P015,30,A,0,problem5317,8 for sure,90% chance of -12; 5% chance of 104; 5% chance of 102,[1.0],[8.0],"[0.9, 0.05, 0.05]","[-12.0, 104.0, 102.0]"
P015,31,B,1,problem2855,-10 for sure,75% chance of -48; 25% chance of 75,[1.0],[-10.0],"[0.75, 0.25]","[-48.0, 75.0]"
P015,32,A,0,problem9871,95% chance of 25; 5% chance of -36,20% chance of -3; 40% chance of 38.5; 40% chance of 39.5,"[0.95, 0.05]","[25.0, -36.0]","[0.2, 0.4, 0.4]","[-3.0, 38.5, 39.5]"
P015,33,B,1,problem12207,50% chance of -9; 6.25% chance of 21.5; 18.75% chance of 22.5; 18.75% chance of 23.5; 6.25% chance of 24.5,5 for sure,"[0.5, 0.0625, 0.1875, 0.1875, 0.0625]","[-9.0, 21.5, 22.5, 23.5, 24.5]",[1.0],[5.0]
P015,34,B,1,problem7715,25% chance of 5; 2.34375% chance of 10.5; 11.7188% chance of 11.5; 23.4375% chance of 12.5; 23.4375% chance of 13.5; 11.7188% chance of 14.5; 2.34375% chance of 15.5,40% chance of 39; 60% chance of -4,"[0.25, 0.0234375, 0.1171875, 0.234375, 0.234375, 0.1171875, 0.0234375]","[5.0, 10.5, 11.5, 12.5, 13.5, 14.5, 15.5]","[0.4, 0.6]","[39.0, -4.0]"
P015,35,A,0,problem3679,40% chance of 69; 60% chance of 1,5% chance of 11; 95% chance of 20,"[0.4, 0.6]","[69.0, 1.0]","[0.05, 0.95]","[11.0, 20.0]"
P015,36,B,1,problem5393,25 for sure,99% chance of 20; 1% chance of 64,[1.0],[25.0],"[0.99, 0.01]","[20.0, 64.0]"
P015,37,B,1,problem6878,6 for sure,75% chance of 2; 25% chance of 44,[1.0],[6.0],"[0.75, 0.25]","[2.0, 44.0]"
P015,38,B,1,problem9784,75% chance of -9; 25% chance of 57,5% chance of 79; 95% chance of 8,"[0.75, 0.25]","[-9.0, 57.0]","[0.05, 0.95]","[79.0, 8.0]"
P015,39,B,1,problem4809,19 for sure,50% chance of 11; 50% chance of 27,[1.0],[19.0],"[0.5, 0.5]","[11.0, 27.0]"
P015,40,A,0,problem2997,95% chance of 27; 5% chance of 29,99% chance of 29; 1% chance of 1,"[0.95, 0.05]","[27.0, 29.0]","[0.99, 0.01]","[29.0, 1.0]"
P016,1,A,0,problem12496,50% chance of -21; 25% chance of 75.5; 25% chance of 76.5,29 for sure,"[0.5, 0.25, 0.25]","[-21.0, 75.5, 76.5]",[1.0],[29.0]
P016,2,A,0,problem2975,60% chance of -12; 40% chance of 107,30 for sure,"[0.6, 0.4]","[-12.0, 107.0]",[1.0],[30.0]
P016,3,B,1,problem4271,20% chance of -14; 40% chance of 3; 20% chance of 1; 10% chance of -3; 5% chance of -11; 5% chance of -27,-7 for sure,"[0.2, 0.4, 0.2, 0.1, 0.05, 0.05]","[-14.0, 3.0, 1.0, -3.0, -11.0, -27.0]",[1.0],[-7.0]
P016,4,B,1,problem4590,0.78125% chance of 7.5; 5.46875% chance of 8.5; 16.4062% chance of 9.5; 27.3438% chance of 10.5; 27.3438% chance of 11.5; 16.4062% chance of 12.5; 5.46875% chance of 13.5; 0.78125% chance of 14.5,99% chance of 11; 1% chance of -11,"[0.0078125, 0.0546875, 0.1640625, 0.2734375, 0.2734375, 0.1640625, 0.0546875, 0.0078125]","[7.5, 8.5, 9.5, 10.5, 11.5, 12.5, 13.5, 14.5]","[0.99, 0.01]","[11.0, -11.0]"
P016,5,A,0,problem10413,5% chance of 24; 47.5% chance of 27; 23.75% chance of 29; 11.875% chance of 33; 5.9375% chance of 41; 2.96875% chance of 57; 2.96875% chance of 89,25% chance of 33; 75% chance of 20,"[0.05, 0.475, 0.2375, 0.11875, 0.059375, 0.0296875, 0.0296875]","[24.0, 27.0, 29.0, 33.0, 41.0, 57.0, 89.0]","[0.25, 0.75]","[33.0, 20.0]"
P016,6,B,1,problem7768,20 for sure,25% chance of -16; 75% chance of 41,[1.0],[20.0],"[0.25, 0.75]","[-16.0, 41.0]"
P016,7,B,1,problem13470,1% chance of -44; 3.09375% chance of 26.5; 15.4688% chance of 27.5; 30.9375% chance of 28.5; 30.9375% chance of 29.5; 15.4688% chance of 30.5; 3.09375% chance of 31.5,28 for sure,"[0.01, 0.0309375, 0.1546875, 0.309375, 0.309375, 0.1546875, 0.0309375]","[-44.0, 26.5, 27.5, 28.5, 29.5, 30.5, 31.5]",[1.0],[28.0]
P016,8,B,1,problem14222,20% chance of -17; 40% chance of -1; 20% chance of 1; 10% chance of 5; 10% chance of 13,2 for sure,"[0.2, 0.4, 0.2, 0.1, 0.1]","[-17.0, -1.0, 1.0, 5.0, 13.0]",[1.0],[2.0]
P016,9,A,0,problem1168,50% chance of 7; 0.39062% chance of 15.5; 2.73438% chance of 16.5; 8.20312% chance of 17.5; 13.6719% chance of 18.5; 13.6719% chance of 19.5; 8.20312% chance of 20.5; 2.73438% chance of 21.5; 0.39062% chance of 22.5,11 for sure,"[0.5, 0.0039062000000000003, 0.027343799999999998, 0.0820312, 0.1367188, 0.1367188, 0.0820312, 0.027343799999999998, 0.0039062000000000003]","[7.0, 15.5, 16.5, 17.5, 18.5, 19.5, 20.5, 21.5, 22.5]",[1.0],[11.0]
P016,10,B,1,problem4057,75% chance of -13; 25% chance of 47,9 for sure,"[0.75, 0.25]","[-13.0, 47.0]",[1.0],[9.0]
P016,11,B,1,problem88,5% chance of 7; 0.74219% chance of 5.5; 5.19531% chance of 6.5; 15.5859% chance of 7.5; 25.9766% chance of 8.5; 25.9766% chance of 9.5; 15.5859% chance of 10.5; 5.19531% chance of 11.5; 0.74219% chance of 12.5,11 for sure,"[0.05, 0.0074219, 0.0519531, 0.1558594, 0.2597656, 0.2597656, 0.1558594, 0.0519531, 0.0074219]","[7.0, 5.5, 6.5, 7.5, 8.5, 9.5, 10.5, 11.5, 12.5]",[1.0],[11.0]
P016,12,A,0,problem9533,5% chance of -14; 95% chance of 29,20 for sure,"[0.05, 0.95]","[-14.0, 29.0]",[1.0],[20.0]
P016,13,B,1,problem11301,2 for sure,10% chance of -19; 11.25% chance of 20.5; 33.75% chance of 21.5; 33.75% chance of 22.5; 11.25% chance of 23.5,[1.0],[2.0],"[0.1, 0.1125, 0.3375, 0.3375, 0.1125]","[-19.0, 20.5, 21.5, 22.5, 23.5]"
P016,14,B,1,problem7550,14 for sure,75% chance of -1; 0.78125% chance of 97.5; 3.90625% chance of 98.5; 7.8125% chance of 99.5; 7.8125% chance of 100.5; 3.90625% chance of 101.5; 0.78125% chance of 102.5,[1.0],[14.0],"[0.75, 0.0078125, 0.0390625, 0.078125, 0.078125, 0.0390625, 0.0078125]","[-1.0, 97.5, 98.5, 99.5, 100.5, 101.5, 102.5]"
P016,15,A,0,problem2552,90% chance of -6; 10% chance of 119,9 for sure,"[0.9, 0.1]","[-6.0, 119.0]",[1.0],[9.0]
P016,16,B,1,problem758,4 for sure,80% chance of -6; 0.15625% chance of 37.5; 1.09375% chance of 38.5; 3.28125% chance of 39.5; 5.46875% chance of 40.5; 5.46875% chance of 41.5; 3.28125% chance of 42.5; 1.09375% chance of 43.5; 0.15625% chance of 44.5,[1.0],[4.0],"[0.8, 0.0015625, 0.0109375, 0.0328125, 0.0546875, 0.0546875, 0.0328125, 0.0109375, 0.0015625]","[-6.0, 37.5, 38.5, 39.5, 40.5, 41.5, 42.5, 43.5, 44.5]"
P016,17,A,0,problem1146,90% chance of 1; 1.25% chance of 77.5; 3.75% chance of 78.5; 3.75% chance of 79.5; 1.25% chance of 80.5,40% chance of 65; 60% chance of -35,"[0.9, 0.0125, 0.0375, 0.0375, 0.0125]","[1.0, 77.5, 78.5, 79.5, 80.5]","[0.4, 0.6]","[65.0, -35.0]"
P016,18,A,0,problem2758,1% chance of -1; 0.77344% chance of 1.5; 5.41406% chance of 2.5; 16.2422% chance of 3.5; 27.0703% chance of 4.5; 27.0703% chance of 5.5; 16.2422% chance of 6.5; 5.41406% chance of 7.5; 0.77344% chance of 8.5,1 for sure,"[0.01, 0.0077344, 0.054140600000000004, 0.1624219, 0.2707031, 0.2707031, 0.1624219, 0.054140600000000004, 0.0077344]","[-1.0, 1.5, 2.5, 3.5, 4.5, 5.5, 6.5, 7.5, 8.5]",[1.0],[1.0]
P016,19,A,0,problem679,19 for sure,20% chance of -36; 80% chance of 44,[1.0],[19.0],"[0.2, 0.8]","[-36.0, 44.0]"
P016,20,B,1,problem5477,1% chance of 3; 99% chance of 18,5% chance of 26; 95% chance of 26,"[0.01, 0.99]","[3.0, 18.0]","[0.05, 0.95]","[26.0, 26.0]"
P016,21,A,0,problem4389,23 for sure,90% chance of 13; 0.3125% chance of 19.5; 1.5625% chance of 20.5; 3.125% chance of 21.5; 3.125% chance of 22.5; 1.5625% chance of 23.5; 0.3125% chance of 24.5,[1.0],[23.0],"[0.9, 0.003125, 0.015625, 0.03125, 0.03125, 0.015625, 0.003125]","[13.0, 19.5, 20.5, 21.5, 22.5, 23.5, 24.5]"
P016,22,A,0,problem13877,75% chance of -2; 25% chance of 90,21 for sure,"[0.75, 0.25]","[-2.0, 90.0]",[1.0],[21.0]
P016,23,B,1,problem1537,80% chance of -37; 2.5% chance of 116.5; 7.5% chance of 117.5; 7.5% chance of 118.5; 2.5% chance of 119.5,-4 for sure,"[0.8, 0.025, 0.075, 0.075, 0.025]","[-37.0, 116.5, 117.5, 118.5, 119.5]",[1.0],[-4.0]
P016,24,A,0,problem12381,30 for sure,20% chance of -24; 80% chance of 57,[1.0],[30.0],"[0.2, 0.8]","[-24.0, 57.0]"
P016,25,A,0,problem6326,75% chance of 13; 25% chance of 1,95% chance of 7; 5% chance of 21,"[0.75, 0.25]","[13.0, 1.0]","[0.95, 0.05]","[7.0, 21.0]"
P016,26,B,1,problem13797,80% chance of -9; 10% chance of 65; 5% chance of 67; 2.5% chance of 71; 1.25% chance of 79; 0.625% chance of 95; 0.3125% chance of 127; 0.3125% chance of 191,0 for sure,"[0.8, 0.1, 0.05, 0.025, 0.0125, 0.00625, 0.003125, 0.003125]","[-9.0, 65.0, 67.0, 71.0, 79.0, 95.0, 127.0, 191.0]",[1.0],[0.0]
P016,27,A,0,problem13888,60% chance of -14; 40% chance of 0,-8 for sure,"[0.6, 0.4]","[-14.0, 0.0]",[1.0],[-8.0]
P016,28,B,1,problem1873,25% chance of 1; 75% chance of 11,25% chance of 27; 75% chance of 7,"[0.25, 0.75]","[1.0, 11.0]","[0.25, 0.75]","[27.0, 7.0]"
P016,29,B,1,problem3265,25% chance of 13; 75% chance of 30,90% chance of 26; 10% chance of 17,"[0.25, 0.75]","[13.0, 30.0]","[0.9, 0.1]","[26.0, 17.0]"
P016,30,B,1,problem5386,25% chance of 57; 75% chance of -16,75% chance of -1; 25% chance of 24,"[0.25, 0.75]","[57.0, -16.0]","[0.75, 0.25]","[-1.0, 24.0]"
P016,31,B,1,problem8568,29 for sure,25% chance of 17; 75% chance of 39,[1.0],[29.0],"[0.25, 0.75]","[17.0, 39.0]"
P016,32,B,1,problem6967,50% chance of -18; 50% chance of 70,27 for sure,"[0.5, 0.5]","[-18.0, 70.0]",[1.0],[27.0]
P016,33,A,0,problem10935,-2 for sure,95% chance of -5; 0.15625% chance of 8.5; 0.78125% chance of 9.5; 1.5625% chance of 10.5; 1.5625% chance of 11.5; 0.78125% chance of 12.5; 0.15625% chance of 13.5,[1.0],[-2.0],"[0.95, 0.0015625, 0.0078125, 0.015625, 0.015625, 0.0078125, 0.0015625]","[-5.0, 8.5, 9.5, 10.5, 11.5, 12.5, 13.5]"
P016,34,B,1,problem3899,1% chance of 7; 49.5% chance of 5; 24.75% chance of 7; 12.375% chance of 11; 6.1875% chance of 19; 6.1875% chance of 35,20% chance of 20; 80% chance of 11,"[0.01, 0.495, 0.2475, 0.12375, 0.061875, 0.061875]","[7.0, 5.0, 7.0, 11.0, 19.0, 35.0]","[0.2, 0.8]","[20.0, 11.0]"
P016,35,B,1,problem13954,1% chance of 0; 99% chance of -9,50% chance of -13; 50% chance of -3,"[0.01, 0.99]","[0.0, -9.0]","[0.5, 0.5]","[-13.0, -3.0]"
P016,36,B,1,problem10250,60% chance of -12; 40% chance of 5,-6 for sure,"[0.6, 0.4]","[-12.0, 5.0]",[1.0],[-6.0]
P016,37,B,1,problem11280,40% chance of 40; 60% chance of -2,75% chance of 3; 25% chance of 54,"[0.4, 0.6]","[40.0, -2.0]","[0.75, 0.25]","[3.0, 54.0]"
P016,38,A,0,problem11286,20% chance of -35; 80% chance of 1,50% chance of 17; 50% chance of -31,"[0.2, 0.8]","[-35.0, 1.0]","[0.5, 0.5]","[17.0, -31.0]"
P016,39,B,1,problem6366,18 for sure,99% chance of 13; 1% chance of 61,[1.0],[18.0],"[0.99, 0.01]","[13.0, 61.0]"
P016,40,A,0,problem11356,21 for sure,25% chance of -31; 75% chance of 51,[1.0],[21.0],"[0.25, 0.75]","[-31.0, 51.0]"
P017,1,B,1,problem5896,40% chance of -17; 0.46875% chance of 41.5; 3.28125% chance of 42.5; 9.84375% chance of 43.5; 16.4062% chance of 44.5; 16.4062% chance of 45.5; 9.84375% chance of 46.5; 3.28125% chance of 47.5; 0.46875% chance of 48.5,15 for sure,"[0.4, 0.0046875, 0.0328125, 0.0984375, 0.1640625, 0.1640625, 0.0984375, 0.0328125, 0.0046875]","[-17.0, 41.5, 42.5, 43.5, 44.5, 45.5, 46.5, 47.5, 48.5]",[1.0],[15.0]
P017,2,B,1,problem3408,20% chance of -6; 2.5% chance of 5.5; 12.5% chance of 6.5; 25% chance of 7.5; 25% chance of 8.5; 12.5% chance of 9.5; 2.5% chance of 10.5,50% chance of 16; 50% chance of 14,"[0.2, 0.025, 0.125, 0.25, 0.25, 0.125, 0.025]","[-6.0, 5.5, 6.5, 7.5, 8.5, 9.5, 10.5]","[0.5, 0.5]","[16.0, 14.0]"
P017,3,A,0,problem490,1% chance of 40; 99% chance of 13,50% chance of 3; 50% chance of 34,"[0.01, 0.99]","[40.0, 13.0]","[0.5, 0.5]","[3.0, 34.0]"
P017,4,A,0,problem10682,75% chance of -4; 25% chance of 66,24 for sure,"[0.75, 0.25]","[-4.0, 66.0]",[1.0],[24.0]
P017,5,B,1,problem12261,20 for sure,95% chance of 22; 5% chance of 38,[1.0],[20.0],"[0.95, 0.05]","[22.0, 38.0]"
P017,6,A,0,problem13675,25% chance of 107; 75% chance of -1,10% chance of 15; 90% chance of 41,"[0.25, 0.75]","[107.0, -1.0]","[0.1, 0.9]","[15.0, 41.0]"
P017,7,B,1,problem740,75% chance of -18; 25% chance of 52,-1 for sure,"[0.75, 0.25]","[-18.0, 52.0]",[1.0],[-1.0]
P017,8,A,0,problem6984,99% chance of 9; 0.03125% chance of 70.5; 0.15625% chance of 71.5; 0.3125% chance of 72.5; 0.3125% chance of 73.5; 0.15625% chance of 74.5; 0.03125% chance of 75.5,13 for sure,"[0.99, 0.0003125, 0.0015625, 0.003125, 0.003125, 0.0015625, 0.0003125]","[9.0, 70.5, 71.5, 72.5, 73.5, 74.5, 75.5]",[1.0],[13.0]
P017,9,B,1,problem256,16 for sure,80% chance of 4; 20% chance of 50,[1.0],[16.0],"[0.8, 0.2]","[4.0, 50.0]"
P017,10,A,0,problem13902,16 for sure,10% chance of -11; 90% chance of 20,[1.0],[16.0],"[0.1, 0.9]","[-11.0, 20.0]"
P017,11,B,1,problem12051,25% chance of 18; 2.34375% chance of 16.5; 11.7188% chance of 17.5; 23.4375% chance of 18.5; 23.4375% chance of 19.5; 11.7188% chance of 20.5; 2.34375% chance of 21.5,22 for sure,"[0.25, 0.0234375, 0.1171875, 0.234375, 0.234375, 0.1171875, 0.0234375]","[18.0, 16.5, 17.5, 18.5, 19.5, 20.5, 21.5]",[1.0],[22.0]
P017,12,A,0,problem7187,0.78125% chance of 26.5; 5.46875% chance of 27.5; 16.4062% chance of 28.5; 27.3438% chance of 29.5; 27.3438% chance of 30.5; 16.4062% chance of 31.5; 5.46875% chance of 32.5; 0.78125% chance of 33.5,80% chance of 41; 20% chance of -14,"[0.0078125, 0.0546875, 0.1640625, 0.2734375, 0.2734375, 0.1640625, 0.0546875, 0.0078125]","[26.5, 27.5, 28.5, 29.5, 30.5, 31.5, 32.5, 33.5]","[0.8, 0.2]","[41.0, -14.0]"
P017,13,B,1,problem3859,10% chance of 78; 90% chance of 8,60% chance of -13; 20% chance of 47; 10% chance of 49; 5% chance of 53; 2.5% chance of 61; 2.5% chance of 77,"[0.1, 0.9]","[78.0, 8.0]","[0.6, 0.2, 0.1, 0.05, 0.025, 0.025]","[-13.0, 47.0, 49.0, 53.0, 61.0, 77.0]"
P017,14,B,1,problem6975,50% chance of 71; 50% chance of -33,50% chance of 11; 50% chance of 40,"[0.5, 0.5]","[71.0, -33.0]","[0.5, 0.5]","[11.0, 40.0]"
P017,15,B,1,problem2966,75% chance of -37; 25% chance of 75,-10 for sure,"[0.75, 0.25]","[-37.0, 75.0]",[1.0],[-10.0]
P017,16,A,0,problem14205,26 for sure,99% chance of 25; 0.03125% chance of 59.5; 0.15625% chance of 60.5; 0.3125% chance of 61.5; 0.3125% chance of 62.5; 0.15625% chance of 63.5; 0.03125% chance of 64.5,[1.0],[26.0],"[0.99, 0.0003125, 0.0015625, 0.003125, 0.003125, 0.0015625, 0.0003125]","[25.0, 59.5, 60.5, 61.5, 62.5, 63.5, 64.5]"
P017,17,A,0,problem12464,25% chance of -5; 0.58594% chance of 38.5; 4.10156% chance of 39.5; 12.3047% chance of 40.5; 20.5078% chance of 41.5; 20.5078% chance of 42.5; 12.3047% chance of 43.5; 4.10156% chance of 44.5; 0.58594% chance of 45.5,50% chance of 28; 50% chance of 8,"[0.25, 0.0058594, 0.0410156, 0.12304690000000001, 0.20507809999999999, 0.20507809999999999, 0.12304690000000001, 0.0410156, 0.0058594]","[-5.0, 38.5, 39.5, 40.5, 41.5, 42.5, 43.5, 44.5, 45.5]","[0.5, 0.5]","[28.0, 8.0]"
P017,18,A,0,problem12736,95% chance of 26; 2.5% chance of 45.5; 2.5% chance of 46.5,21 for sure,"[0.95, 0.025, 0.025]","[26.0, 45.5, 46.5]",[1.0],[21.0]
P017,19,A,0,problem14229,75% chance of -11; 25% chance of 9,-7 for sure,"[0.75, 0.25]","[-11.0, 9.0]",[1.0],[-7.0]
P017,20,A,0,problem14487,80% chance of 11; 20% chance of 114,29 for sure,"[0.8, 0.2]","[11.0, 114.0]",[1.0],[29.0]
P017,21,B,1,problem11755,27 for sure,50% chance of -22; 6.25% chance of 85.5; 18.75% chance of 86.5; 18.75% chance of 87.5; 6.25% chance of 88.5,[1.0],[27.0],"[0.5, 0.0625, 0.1875, 0.1875, 0.0625]","[-22.0, 85.5, 86.5, 87.5, 88.5]"
P017,22,B,1,problem8522,95% chance of 19; 5% chance of 10,95% chance of 25; 2.5% chance of 50; 1.25% chance of 52; 0.625% chance of 56; 0.3125% chance of 64; 0.15625% chance of 80; 0.15625% chance of 112,"[0.95, 0.05]","[19.0, 10.0]","[0.95, 0.025, 0.0125, 0.00625, 0.003125, 0.0015625, 0.0015625]","[25.0, 50.0, 52.0, 56.0, 64.0, 80.0, 112.0]"
P017,23,B,1,problem9046,25% chance of -37; 75% chance of 11,80% chance of 5; 20% chance of -5,"[0.25, 0.75]","[-37.0, 11.0]","[0.8, 0.2]","[5.0, -5.0]"
P017,24,B,1,problem8005,90% chance of 1; 5% chance of 18; 2.5% chance of 20; 1.25% chance of 24; 0.625% chance of 32; 0.3125% chance of 48; 0.3125% chance of 80,8 for sure,"[0.9, 0.05, 0.025, 0.0125, 0.00625, 0.003125, 0.003125]","[1.0, 18.0, 20.0, 24.0, 32.0, 48.0, 80.0]",[1.0],[8.0]
P017,25,A,0,problem7102,20% chance of 74; 80% chance of 13,10% chance of 21; 11.25% chance of 35.5; 33.75% chance of 36.5; 33.75% chance of 37.5; 11.25% chance of 38.5,"[0.2, 0.8]","[74.0, 13.0]","[0.1, 0.1125, 0.3375, 0.3375, 0.1125]","[21.0, 35.5, 36.5, 37.5, 38.5]"
P017,26,A,0,problem5152,90% chance of 32; 10% chance of 70,60% chance of 38; 40% chance of 11,"[0.9, 0.1]","[32.0, 70.0]","[0.6, 0.4]","[38.0, 11.0]"
P017,27,A,0,problem8943,75% chance of -1; 0.19531% chance of 42.5; 1.36719% chance of 43.5; 4.10156% chance of 44.5; 6.83594% chance of 45.5; 6.83594% chance of 46.5; 4.10156% chance of 47.5; 1.36719% chance of 48.5; 0.19531% chance of 49.5,10% chance of 42; 90% chance of 10,"[0.75, 0.0019531000000000001, 0.013671899999999999, 0.0410156, 0.0683594, 0.0683594, 0.0410156, 0.013671899999999999, 0.0019531000000000001]","[-1.0, 42.5, 43.5, 44.5, 45.5, 46.5, 47.5, 48.5, 49.5]","[0.1, 0.9]","[42.0, 10.0]"
P017,28,A,0,problem1189,10% chance of 46; 90% chance of 0,60% chance of -24; 40% chance of 34,"[0.1, 0.9]","[46.0, 0.0]","[0.6, 0.4]","[-24.0, 34.0]"
P017,29,B,1,problem8466,13 for sure,60% chance of -3; 40% chance of 35,[1.0],[13.0],"[0.6, 0.4]","[-3.0, 35.0]"
P017,30,A,0,problem2707,4 for sure,20% chance of -11; 80% chance of -6,[1.0],[4.0],"[0.2, 0.8]","[-11.0, -6.0]"
P017,31,A,0,problem7660,95% chance of 18; 2.5% chance of 81; 1.25% chance of 79; 0.625% chance of 75; 0.3125% chance of 67; 0.3125% chance of 51,22 for sure,"[0.95, 0.025, 0.0125, 0.00625, 0.003125, 0.003125]","[18.0, 81.0, 79.0, 75.0, 67.0, 51.0]",[1.0],[22.0]
P017,32,B,1,problem3171,8 for sure,50% chance of -5; 1.5625% chance of 17.5; 7.8125% chance of 18.5; 15.625% chance of 19.5; 15.625% chance of 20.5; 7.8125% chance of 21.5; 1.5625% chance of 22.5,[1.0],[8.0],"[0.5, 0.015625, 0.078125, 0.15625, 0.15625, 0.078125, 0.015625]","[-5.0, 17.5, 18.5, 19.5, 20.5, 21.5, 22.5]"
P017,33,B,1,problem6885,90% chance of 8; 10% chance of 62,20 for sure,"[0.9, 0.1]","[8.0, 62.0]",[1.0],[20.0]
P017,34,B,1,problem6585,17 for sure,60% chance of 17; 1.25% chance of 25.5; 6.25% chance of 26.5; 12.5% chance of 27.5; 12.5% chance of 28.5; 6.25% chance of 29.5; 1.25% chance of 30.5,[1.0],[17.0],"[0.6, 0.0125, 0.0625, 0.125, 0.125, 0.0625, 0.0125]","[17.0, 25.5, 26.5, 27.5, 28.5, 29.5, 30.5]"
P017,35,A,0,problem6452,95% chance of 10; 5% chance of -14,40% chance of -9; 60% chance of 20,"[0.95, 0.05]","[10.0, -14.0]","[0.4, 0.6]","[-9.0, 20.0]"
P017,36,A,0,problem8433,99% chance of 29; 1% chance of 78,27 for sure,"[0.99, 0.01]","[29.0, 78.0]",[1.0],[27.0]
P017,37,A,0,problem11081,99% chance of 27; 1% chance of 49,80% chance of 28; 20% chance of 19,"[0.99, 0.01]","[27.0, 49.0]","[0.8, 0.2]","[28.0, 19.0]"
P017,38,A,0,problem7449,80% chance of 11; 20% chance of 68,29 for sure,"[0.8, 0.2]","[11.0, 68.0]",[1.0],[29.0]
P017,39,A,0,problem13551,20% chance of 54; 80% chance of -2,99% chance of 2; 1% chance of 22,"[0.2, 0.8]","[54.0, -2.0]","[0.99, 0.01]","[2.0, 22.0]"
P017,40,A,0,problem11727,75% chance of 28; 25% chance of 65,40% chance of 53; 60% chance of 5,"[0.75, 0.25]","[28.0, 65.0]","[0.4, 0.6]","[53.0, 5.0]"
P018,1,A,0,problem261,60% chance of 5; 20% chance of 62; 10% chance of 64; 5% chance of 68; 5% chance of 76,25 for sure,"[0.6, 0.2, 0.1, 0.05, 0.05]","[5.0, 62.0, 64.0, 68.0, 76.0]",[1.0],[25.0]
P018,2,B,1,problem3406,95% chance of 7; 5% chance of 34,95% chance of 21; 5% chance of -5,"[0.95, 0.05]","[7.0, 34.0]","[0.95, 0.05]","[21.0, -5.0]"
P018,3,B,1,problem12639,95% chance of 1; 5% chance of 45,7 for sure,"[0.95, 0.05]","[1.0, 45.0]",[1.0],[7.0]
P018,4,A,0,problem9355,-7 for sure,90% chance of -21; 10% chance of 75,[1.0],[-7.0],"[0.9, 0.1]","[-21.0, 75.0]"
P018,5,B,1,problem8408,75% chance of 16; 12.5% chance of 43; 6.25% chance of 41; 6.25% chance of 37,75% chance of 33; 25% chance of -23,"[0.75, 0.125, 0.0625, 0.0625]","[16.0, 43.0, 41.0, 37.0]","[0.75, 0.25]","[33.0, -23.0]"
P018,6,A,0,problem8996,5% chance of 43; 95% chance of 4,60% chance of -14; 40% chance of 58,"[0.05, 0.95]","[43.0, 4.0]","[0.6, 0.4]","[-14.0, 58.0]"
P018,7,A,0,problem7779,5% chance of 28; 95% chance of 9,99% chance of 6; 1% chance of 12,"[0.05, 0.95]","[28.0, 9.0]","[0.99, 0.01]","[6.0, 12.0]"
P018,8,B,1,problem11706,1% chance of -27; 49.5% chance of -5; 49.5% chance of -7,-10 for sure,"[0.01, 0.495, 0.495]","[-27.0, -5.0, -7.0]",[1.0],[-10.0]
P018,9,A,0,problem11322,28 for sure,25% chance of 61; 75% chance of 17,[1.0],[28.0],"[0.25, 0.75]","[61.0, 17.0]"
P018,10,B,1,problem2036,90% chance of 23; 10% chance of -8,1% chance of -31; 99% chance of 25,"[0.9, 0.1]","[23.0, -8.0]","[0.01, 0.99]","[-31.0, 25.0]"
P018,11,A,0,problem9823,4 for sure,80% chance of -2; 20% chance of -2,[1.0],[4.0],"[0.8, 0.2]","[-2.0, -2.0]"
P018,12,A,0,problem9221,60% chance of -8; 20% chance of 16.5; 20% chance of 17.5,60% chance of 2; 40% chance of -20,"[0.6, 0.2, 0.2]","[-8.0, 16.5, 17.5]","[0.6, 0.4]","[2.0, -20.0]"
P018,13,B,1,problem4628,18 for sure,75% chance of 9; 25% chance of 46,[1.0],[18.0],"[0.75, 0.25]","[9.0, 46.0]"
P018,14,B,1,problem9086,99% chance of 7; 0.125% chance of 39.5; 0.375% chance of 40.5; 0.375% chance of 41.5; 0.125% chance of 42.5,5% chance of 44; 95% chance of 7,"[0.99, 0.00125, 0.00375, 0.00375, 0.00125]","[7.0, 39.5, 40.5, 41.5, 42.5]","[0.05, 0.95]","[44.0, 7.0]"
P018,15,A,0,problem6353,-7 for sure,95% chance of -9; 0.15625% chance of -4.5; 0.78125% chance of -3.5; 1.5625% chance of -2.5; 1.5625% chance of -1.5; 0.78125% chance of -0.5; 0.15625% chance of 0.5,[1.0],[-7.0],"[0.95, 0.0015625, 0.0078125, 0.015625, 0.015625, 0.0078125, 0.0015625]","[-9.0, -4.5, -3.5, -2.5, -1.5, -0.5, 0.5]"
P018,16,B,1,problem6237,16 for sure,50% chance of -13; 50% chance of 47,[1.0],[16.0],"[0.5, 0.5]","[-13.0, 47.0]"
P018,17,B,1,problem14139,99% chance of 28; 0.03125% chance of 31.5; 0.15625% chance of 32.5; 0.3125% chance of 33.5; 0.3125% chance of 34.5; 0.15625% chance of 35.5; 0.03125% chance of 36.5,22 for sure,"[0.99, 0.0003125, 0.0015625, 0.003125, 0.003125, 0.0015625, 0.0003125]","[28.0, 31.5, 32.5, 33.5, 34.5, 35.5, 36.5]",[1.0],[22.0]
P018,18,A,0,problem7154,-3 for sure,90% chance of -11; 10% chance of 25,[1.0],[-3.0],"[0.9, 0.1]","[-11.0, 25.0]"
P018,19,B,1,problem10114,25% chance of -15; 0.58594% chance of 5.5; 4.10156% chance of 6.5; 12.3047% chance of 7.5; 20.5078% chance of 8.5; 20.5078% chance of 9.5; 12.3047% chance of 10.5; 4.10156% chance of 11.5; 0.58594% chance of 12.5,90% chance of 11; 10% chance of -8,"[0.25, 0.0058594, 0.0410156, 0.12304690000000001, 0.20507809999999999, 0.20507809999999999, 0.12304690000000001, 0.0410156, 0.0058594]","[-15.0, 5.5, 6.5, 7.5, 8.5, 9.5, 10.5, 11.5, 12.5]","[0.9, 0.1]","[11.0, -8.0]"
P018,20,B,1,problem13154,20% chance of -22; 80% chance of 32,90% chance of 29; 10% chance of -10,"[0.2, 0.8]","[-22.0, 32.0]","[0.9, 0.1]","[29.0, -10.0]"
P018,21,A,0,problem11762,40% chance of -9; 60% chance of 8,60% chance of 15; 40% chance of -15,"[0.4, 0.6]","[-9.0, 8.0]","[0.6, 0.4]","[15.0, -15.0]"
P018,22,B,1,problem1182,75% chance of -11; 12.5% chance of 21; 12.5% chance of 23,0 for sure,"[0.75, 0.125, 0.125]","[-11.0, 21.0, 23.0]",[1.0],[0.0]
P018,23,B,1,problem10103,80% chance of -2; 10% chance of 87.5; 10% chance of 88.5,90% chance of 15; 10% chance of 9,"[0.8, 0.1, 0.1]","[-2.0, 87.5, 88.5]","[0.9, 0.1]","[15.0, 9.0]"
P018,24,A,0,problem3460,28 for sure,5% chance of 9; 11.875% chance of 19.5; 35.625% chance of 20.5; 35.625% chance of 21.5; 11.875% chance of 22.5,[1.0],[28.0],"[0.05, 0.11875, 0.35625, 0.35625, 0.11875]","[9.0, 19.5, 20.5, 21.5, 22.5]"
P018,25,A,0,problem6665,-4 for sure,60% chance of -26; 40% chance of 31,[1.0],[-4.0],"[0.6, 0.4]","[-26.0, 31.0]"
P018,26,A,0,problem1842,20% chance of 14; 80% chance of 14,95% chance of 6; 5% chance of 2,"[0.2, 0.8]","[14.0, 14.0]","[0.95, 0.05]","[6.0, 2.0]"
P018,27,B,1,problem3447,25% chance of -26; 75% chance of 15,16 for sure,"[0.25, 0.75]","[-26.0, 15.0]",[1.0],[16.0]
P018,28,B,1,problem11662,60% chance of -28; 20% chance of 28; 10% chance of 26; 10% chance of 22,-5 for sure,"[0.6, 0.2, 0.1, 0.1]","[-28.0, 28.0, 26.0, 22.0]",[1.0],[-5.0]
P018,29,B,1,problem10204,50% chance of -41; 50% chance of 2,1% chance of 82; 99% chance of -9,"[0.5, 0.5]","[-41.0, 2.0]","[0.01, 0.99]","[82.0, -9.0]"
P018,30,B,1,problem4716,25% chance of 62; 75% chance of -10,75% chance of 3; 25% chance of 18,"[0.25, 0.75]","[62.0, -10.0]","[0.75, 0.25]","[3.0, 18.0]"
P018,31,B,1,problem10558,50% chance of -23; 50% chance of 23,5% chance of 60; 95% chance of 5,"[0.5, 0.5]","[-23.0, 23.0]","[0.05, 0.95]","[60.0, 5.0]"
P018,32,A,0,problem5563,5 for sure,50% chance of 1; 25% chance of 3; 25% chance of 1,[1.0],[5.0],"[0.5, 0.25, 0.25]","[1.0, 3.0, 1.0]"
P018,33,B,1,problem928,-4 for sure,95% chance of -7; 0.15625% chance of 25.5; 0.78125% chance of 26.5; 1.5625% chance of 27.5; 1.5625% chance of 28.5; 0.78125% chance of 29.5; 0.15625% chance of 30.5,[1.0],[-4.0],"[0.95, 0.0015625, 0.0078125, 0.015625, 0.015625, 0.0078125, 0.0015625]","[-7.0, 25.5, 26.5, 27.5, 28.5, 29.5, 30.5]"
P018,34,A,0,problem11649,40% chance of -32; 30% chance of 45; 15% chance of 47; 7.5% chance of 51; 3.75% chance of 59; 1.875% chance of 75; 0.9375% chance of 107; 0.9375% chance of 171,50% chance of 73; 50% chance of -49,"[0.4, 0.3, 0.15, 0.075, 0.0375, 0.01875, 0.009375, 0.009375]","[-32.0, 45.0, 47.0, 51.0, 59.0, 75.0, 107.0, 171.0]","[0.5, 0.5]","[73.0, -49.0]"
P018,35,A,0,problem14567,80% chance of 25; 20% chance of 25,50% chance of -4; 50% chance of 70,"[0.8, 0.2]","[25.0, 25.0]","[0.5, 0.5]","[-4.0, 70.0]"
P018,36,B,1,problem5557,30 for sure,5% chance of 32; 95% chance of 38,[1.0],[30.0],"[0.05, 0.95]","[32.0, 38.0]"
P018,37,B,1,problem3025,75% chance of 6; 25% chance of 19,5% chance of 103; 95% chance of 7,"[0.75, 0.25]","[6.0, 19.0]","[0.05, 0.95]","[103.0, 7.0]"
P018,38,A,0,problem3650,95% chance of 23; 5% chance of 60,11 for sure,"[0.95, 0.05]","[23.0, 60.0]",[1.0],[11.0]
P018,39,A,0,problem5345,50% chance of 14; 50% chance of 46,24 for sure,"[0.5, 0.5]","[14.0, 46.0]",[1.0],[24.0]
P018,40,B,1,problem10256,40% chance of -37; 60% chance of 55,25% chance of 49; 75% chance of 9,"[0.4, 0.6]","[-37.0, 55.0]","[0.25, 0.75]","[49.0, 9.0]"
P019,1,A,0,problem3913,-2 for sure,75% chance of -7; 25% chance of 9,[1.0],[-2.0],"[0.75, 0.25]","[-7.0, 9.0]"
P019,2,A,0,problem7079,60% chance of -12; 20% chance of 0; 10% chance of 2; 5% chance of 6; 2.5% chance of 14; 1.25% chance of 30; 0.625% chance of 62; 0.625% chance of 126,1 for sure,"[0.6, 0.2, 0.1, 0.05, 0.025, 0.0125, 0.00625, 0.00625]","[-12.0, 0.0, 2.0, 6.0, 14.0, 30.0, 62.0, 126.0]",[1.0],[1.0]
P019,3,B,1,problem2491,5% chance of -8; 47.5% chance of 12; 23.75% chance of 14; 11.875% chance of 18; 11.875% chance of 26,19 for sure,"[0.05, 0.475, 0.2375, 0.11875, 0.11875]","[-8.0, 12.0, 14.0, 18.0, 26.0]",[1.0],[19.0]
P019,4,A,0,problem10676,20% chance of -7; 0.625% chance of 12.5; 4.375% chance of 13.5; 13.125% chance of 14.5; 21.875% chance of 15.5; 21.875% chance of 16.5; 13.125% chance of 17.5; 4.375% chance of 18.5; 0.625% chance of 19.5,9 for sure,"[0.2, 0.00625, 0.04375, 0.13125, 0.21875, 0.21875, 0.13125, 0.04375, 0.00625]","[-7.0, 12.5, 13.5, 14.5, 15.5, 16.5, 17.5, 18.5, 19.5]",[1.0],[9.0]
P019,5,B,1,problem2877,-8 for sure,80% chance of -4; 10% chance of 14; 5% chance of 16; 2.5% chance of 20; 2.5% chance of 28,[1.0],[-8.0],"[0.8, 0.1, 0.05, 0.025, 0.025]","[-4.0, 14.0, 16.0, 20.0, 28.0]"
P019,6,B,1,problem13830,95% chance of 2; 0.15625% chance of 47.5; 0.78125% chance of 48.5; 1.5625% chance of 49.5; 1.5625% chance of 50.5; 0.78125% chance of 51.5; 0.15625% chance of 52.5,40% chance of 16; 60% chance of -1,"[0.95, 0.0015625, 0.0078125, 0.015625, 0.015625, 0.0078125, 0.0015625]","[2.0, 47.5, 48.5, 49.5, 50.5, 51.5, 52.5]","[0.4, 0.6]","[16.0, -1.0]"
P019,7,A,0,problem8900,90% chance of 19; 10% chance of 87,90% chance of 28; 10% chance of -46,"[0.9, 0.1]","[19.0, 87.0]","[0.9, 0.1]","[28.0, -46.0]"
P019,8,B,1,problem10295,95% chance of -8; 5% chance of -11,95% chance of -12; 5% chance of 30,"[0.95, 0.05]","[-8.0, -11.0]","[0.95, 0.05]","[-12.0, 30.0]"
P019,9,B,1,problem13650,17 for sure,25% chance of 11; 75% chance of 33,[1.0],[17.0],"[0.25, 0.75]","[11.0, 33.0]"
P019,10,B,1,problem4114,18 for sure,25% chance of 35; 75% chance of 12,[1.0],[18.0],"[0.25, 0.75]","[35.0, 12.0]"
P019,11,A,0,problem1846,50% chance of 13; 50% chance of 20,10 for sure,"[0.5, 0.5]","[13.0, 20.0]",[1.0],[10.0]
P019,12,B,1,problem11701,40% chance of -10; 60% chance of -9,99% chance of -8; 1% chance of -19,"[0.4, 0.6]","[-10.0, -9.0]","[0.99, 0.01]","[-8.0, -19.0]"
P019,13,A,0,problem11714,80% chance of 6; 20% chance of 19,3 for sure,"[0.8, 0.2]","[6.0, 19.0]",[1.0],[3.0]
P019,14,B,1,problem1368,99% chance of -5; 1% chance of -10,75% chance of -36; 12.5% chance of 42; 12.5% chance of 44,"[0.99, 0.01]","[-5.0, -10.0]","[0.75, 0.125, 0.125]","[-36.0, 42.0, 44.0]"
P019,15,B,1,problem13058,50% chance of 7; 25% chance of 5; 25% chance of 1,40% chance of 19; 60% chance of -4,"[0.5, 0.25, 0.25]","[7.0, 5.0, 1.0]","[0.4, 0.6]","[19.0, -4.0]"
P019,16,B,1,problem4055,50% chance of -9.5; 50% chance of -8.5,25% chance of -8; 75% chance of -9,"[0.5, 0.5]","[-9.5, -8.5]","[0.25, 0.75]","[-8.0, -9.0]"
P019,17,B,1,problem1674,10% chance of 8; 90% chance of -5,90% chance of -2; 5% chance of 69; 2.5% chance of 71; 2.5% chance of 75,"[0.1, 0.9]","[8.0, -5.0]","[0.9, 0.05, 0.025, 0.025]","[-2.0, 69.0, 71.0, 75.0]"
P019,18,A,0,problem6619,40% chance of 20; 0.46875% chance of 18.5; 3.28125% chance of 19.5; 9.84375% chance of 20.5; 16.4062% chance of 21.5; 16.4062% chance of 22.5; 9.84375% chance of 23.5; 3.28125% chance of 24.5; 0.46875% chance of 25.5,50% chance of 37; 50% chance of -7,"[0.4, 0.0046875, 0.0328125, 0.0984375, 0.1640625, 0.1640625, 0.0984375, 0.0328125, 0.0046875]","[20.0, 18.5, 19.5, 20.5, 21.5, 22.5, 23.5, 24.5, 25.5]","[0.5, 0.5]","[37.0, -7.0]"
P019,19,B,1,problem10804,40% chance of 40; 60% chance of 15,90% chance of 24; 10% chance of 88,"[0.4, 0.6]","[40.0, 15.0]","[0.9, 0.1]","[24.0, 88.0]"
P019,20,A,0,problem6333,-2 for sure,10% chance of -13; 11.25% chance of -9.5; 33.75% chance of -8.5; 33.75% chance of -7.5; 11.25% chance of -6.5,[1.0],[-2.0],"[0.1, 0.1125, 0.3375, 0.3375, 0.1125]","[-13.0, -9.5, -8.5, -7.5, -6.5]"
P019,21,B,1,problem12900,5 for sure,80% chance of -9; 20% chance of 43,[1.0],[5.0],"[0.8, 0.2]","[-9.0, 43.0]"
P019,22,B,1,problem5819,10% chance of 36; 90% chance of 15,90% chance of 17; 5% chance of 47; 5% chance of 45,"[0.1, 0.9]","[36.0, 15.0]","[0.9, 0.05, 0.05]","[17.0, 47.0, 45.0]"
P019,23,B,1,problem6672,-6 for sure,75% chance of 1; 0.78125% chance of 9.5; 3.90625% chance of 10.5; 7.8125% chance of 11.5; 7.8125% chance of 12.5; 3.90625% chance of 13.5; 0.78125% chance of 14.5,[1.0],[-6.0],"[0.75, 0.0078125, 0.0390625, 0.078125, 0.078125, 0.0390625, 0.0078125]","[1.0, 9.5, 10.5, 11.5, 12.5, 13.5, 14.5]"
P019,24,B,1,problem11139,1% chance of 69; 99% chance of 14,90% chance of 13; 5% chance of 21; 2.5% chance of 23; 1.25% chance of 27; 0.625% chance of 35; 0.3125% chance of 51; 0.15625% chance of 83; 0.15625% chance of 147,"[0.01, 0.99]","[69.0, 14.0]","[0.9, 0.05, 0.025, 0.0125, 0.00625, 0.003125, 0.0015625, 0.0015625]","[13.0, 21.0, 23.0, 27.0, 35.0, 51.0, 83.0, 147.0]"
P019,25,A,0,problem9946,95% chance of -3; 5% chance of 58,50% chance of 18; 50% chance of -16,"[0.95, 0.05]","[-3.0, 58.0]","[0.5, 0.5]","[18.0, -16.0]"
P019,26,A,0,problem5604,25% chance of 89; 75% chance of -42,80% chance of -14; 10% chance of 6; 10% chance of 8,"[0.25, 0.75]","[89.0, -42.0]","[0.8, 0.1, 0.1]","[-14.0, 6.0, 8.0]"
P019,27,B,1,problem11323,3 for sure,50% chance of -1; 50% chance of 6,[1.0],[3.0],"[0.5, 0.5]","[-1.0, 6.0]"
P019,28,A,0,problem13265,50% chance of 54; 50% chance of -12,90% chance of 19; 5% chance of 20; 5% chance of 22,"[0.5, 0.5]","[54.0, -12.0]","[0.9, 0.05, 0.05]","[19.0, 20.0, 22.0]"
P019,29,A,0,problem7604,60% chance of -48; 0.3125% chance of 56.5; 2.1875% chance of 57.5; 6.5625% chance of 58.5; 10.9375% chance of 59.5; 10.9375% chance of 60.5; 6.5625% chance of 61.5; 2.1875% chance of 62.5; 0.3125% chance of 63.5,3 for sure,"[0.6, 0.003125, 0.021875, 0.065625, 0.109375, 0.109375, 0.065625, 0.021875, 0.003125]","[-48.0, 56.5, 57.5, 58.5, 59.5, 60.5, 61.5, 62.5, 63.5]",[1.0],[3.0]
P019,30,B,1,problem585,50% chance of -5; 1.5625% chance of -5.5; 7.8125% chance of -4.5; 15.625% chance of -3.5; 15.625% chance of -2.5; 7.8125% chance of -1.5; 1.5625% chance of -0.5,6 for sure,"[0.5, 0.015625, 0.078125, 0.15625, 0.15625, 0.078125, 0.015625]","[-5.0, -5.5, -4.5, -3.5, -2.5, -1.5, -0.5]",[1.0],[6.0]
P019,31,B,1,problem5090,-5 for sure,90% chance of -9; 5% chance of 48; 2.5% chance of 46; 2.5% chance of 42,[1.0],[-5.0],"[0.9, 0.05, 0.025, 0.025]","[-9.0, 48.0, 46.0, 42.0]"
P019,32,A,0,problem986,99% chance of 27; 1% chance of 52,80% chance of 27; 20% chance of 22,"[0.99, 0.01]","[27.0, 52.0]","[0.8, 0.2]","[27.0, 22.0]"
P019,33,B,1,problem10330,8 for sure,95% chance of 9; 2.5% chance of 64; 1.25% chance of 62; 0.625% chance of 58; 0.3125% chance of 50; 0.15625% chance of 34; 0.15625% chance of 2,[1.0],[8.0],"[0.95, 0.025, 0.0125, 0.00625, 0.003125, 0.0015625, 0.0015625]","[9.0, 64.0, 62.0, 58.0, 50.0, 34.0, 2.0]"
P019,34,B,1,problem9879,99% chance of 13; 1% chance of 30,22 for sure,"[0.99, 0.01]","[13.0, 30.0]",[1.0],[22.0]
P019,35,B,1,problem3150,10% chance of -35; 90% chance of 13,80% chance of 10; 20% chance of -20,"[0.1, 0.9]","[-35.0, 13.0]","[0.8, 0.2]","[10.0, -20.0]"
P019,36,A,0,problem2034,80% chance of 5; 20% chance of 66,24 for sure,"[0.8, 0.2]","[5.0, 66.0]",[1.0],[24.0]
P019,37,B,1,problem9404,40% chance of -23; 60% chance of 12,-2 for sure,"[0.4, 0.6]","[-23.0, 12.0]",[1.0],[-2.0]
P019,38,A,0,problem1914,90% chance of 11; 10% chance of 40,6 for sure,"[0.9, 0.1]","[11.0, 40.0]",[1.0],[6.0]
P019,39,B,1,problem2802,90% chance of 2; 10% chance of -9,95% chance of -7; 2.5% chance of 49; 1.25% chance of 47; 0.625% chance of 43; 0.3125% chance of 35; 0.3125% chance of 19,"[0.9, 0.1]","[2.0, -9.0]","[0.95, 0.025, 0.0125, 0.00625, 0.003125, 0.003125]","[-7.0, 49.0, 47.0, 43.0, 35.0, 19.0]"
P019,40,A,0,problem11945,25% chance of 2; 75% chance of 1,20% chance of 0; 80% chance of 2,"[0.25, 0.75]","[2.0, 1.0]","[0.2, 0.8]","[0.0, 2.0]"
P020,1,B,1,problem9467,95% chance of 2; 2.5% chance of 21; 2.5% chance of 23,-1 for sure,"[0.95, 0.025, 0.025]","[2.0, 21.0, 23.0]",[1.0],[-1.0]
P020,2,A,0,problem4330,80% chance of -21; 10% chance of 88; 5% chance of 86; 2.5% chance of 82; 1.25% chance of 74; 0.625% chance of 58; 0.625% chance of 26,2 for sure,"[0.8, 0.1, 0.05, 0.025, 0.0125, 0.00625, 0.00625]","[-21.0, 88.0, 86.0, 82.0, 74.0, 58.0, 26.0]",[1.0],[2.0]
P020,3,B,1,problem14252,80% chance of 14; 10% chance of 36.5; 10% chance of 37.5,23 for sure,"[0.8, 0.1, 0.1]","[14.0, 36.5, 37.5]",[1.0],[23.0]
P020,4,B,1,problem12456,80% chance of -20; 10% chance of 37; 5% chance of 39; 2.5% chance of 43; 1.25% chance of 51; 1.25% chance of 67,-5 for sure,"[0.8, 0.1, 0.05, 0.025, 0.0125, 0.0125]","[-20.0, 37.0, 39.0, 43.0, 51.0, 67.0]",[1.0],[-5.0]
P020,5,B,1,problem8405,19 for sure,95% chance of 21; 0.15625% chance of 43.5; 0.78125% chance of 44.5; 1.5625% chance of 45.5; 1.5625% chance of 46.5; 0.78125% chance of 47.5; 0.15625% chance of 48.5,[1.0],[19.0],"[0.95, 0.0015625, 0.0078125, 0.015625, 0.015625, 0.0078125, 0.0015625]","[21.0, 43.5, 44.5, 45.5, 46.5, 47.5, 48.5]"
P020,6,A,0,problem13305,10% chance of 90; 90% chance of -10,99% chance of 1; 0.03125% chance of 44.5; 0.15625% chance of 45.5; 0.3125% chance of 46.5; 0.3125% chance of 47.5; 0.15625% chance of 48.5; 0.03125% chance of 49.5,"[0.1, 0.9]","[90.0, -10.0]","[0.99, 0.0003125, 0.0015625, 0.003125, 0.003125, 0.0015625, 0.0003125]","[1.0, 44.5, 45.5, 46.5, 47.5, 48.5, 49.5]"
P020,7,B,1,problem6983,75% chance of 12; 25% chance of 38,23 for sure,"[0.75, 0.25]","[12.0, 38.0]",[1.0],[23.0]
P020,8,A,0,problem14159,90% chance of 18; 10% chance of 30,12 for sure,"[0.9, 0.1]","[18.0, 30.0]",[1.0],[12.0]
P020,9,A,0,problem1116,20% chance of 42; 80% chance of 25,99% chance of 27; 1% chance of 31,"[0.2, 0.8]","[42.0, 25.0]","[0.99, 0.01]","[27.0, 31.0]"
P020,10,A,0,problem2659,-2 for sure,90% chance of -13; 1.25% chance of 99.5; 3.75% chance of 100.5; 3.75% chance of 101.5; 1.25% chance of 102.5,[1.0],[-2.0],"[0.9, 0.0125, 0.0375, 0.0375, 0.0125]","[-13.0, 99.5, 100.5, 101.5, 102.5]"
P020,11,B,1,problem2121,80% chance of 17; 20% chance of -43,80% chance of 2; 20% chance of 35,"[0.8, 0.2]","[17.0, -43.0]","[0.8, 0.2]","[2.0, 35.0]"
P020,12,A,0,problem3069,75% chance of 2; 25% chance of 61,11 for sure,"[0.75, 0.25]","[2.0, 61.0]",[1.0],[11.0]
P020,13,A,0,problem6404,75% chance of 32; 25% chance of 8,90% chance of 18; 5% chance of 49; 2.5% chance of 47; 2.5% chance of 43,"[0.75, 0.25]","[32.0, 8.0]","[0.9, 0.05, 0.025, 0.025]","[18.0, 49.0, 47.0, 43.0]"
P020,14,B,1,problem5783,20% chance of -12; 40% chance of -2; 20% chance of -4; 10% chance of -8; 5% chance of -16; 5% chance of -32,80% chance of -1; 20% chance of -36,"[0.2, 0.4, 0.2, 0.1, 0.05, 0.05]","[-12.0, -2.0, -4.0, -8.0, -16.0, -32.0]","[0.8, 0.2]","[-1.0, -36.0]"
P020,15,A,0,problem9703,60% chance of -45; 40% chance of 43,-9 for sure,"[0.6, 0.4]","[-45.0, 43.0]",[1.0],[-9.0]
P020,16,B,1,problem7797,5% chance of 78; 95% chance of 17,20% chance of -16; 80% chance of 33,"[0.05, 0.95]","[78.0, 17.0]","[0.2, 0.8]","[-16.0, 33.0]"
P020,17,A,0,problem8499,11 for sure,80% chance of 4; 10% chance of 24.5; 10% chance of 25.5,[1.0],[11.0],"[0.8, 0.1, 0.1]","[4.0, 24.5, 25.5]"
P020,18,A,0,problem12819,60% chance of -19; 40% chance of 35,10% chance of 36; 90% chance of -6,"[0.6, 0.4]","[-19.0, 35.0]","[0.1, 0.9]","[36.0, -6.0]"
P020,19,B,1,problem2726,25 for sure,40% chance of -21; 60% chance of 64,[1.0],[25.0],"[0.4, 0.6]","[-21.0, 64.0]"
P020,20,A,0,problem13186,50% chance of -18; 50% chance of 10,50% chance of 10; 50% chance of -20,"[0.5, 0.5]","[-18.0, 10.0]","[0.5, 0.5]","[10.0, -20.0]"
P020,21,A,0,problem33,95% chance of 27; 5% chance of 34,50% chance of 30; 50% chance of 12,"[0.95, 0.05]","[27.0, 34.0]","[0.5, 0.5]","[30.0, 12.0]"
P020,22,A,0,problem12491,95% chance of -4; 5% chance of 44,-5 for sure,"[0.95, 0.05]","[-4.0, 44.0]",[1.0],[-5.0]
P020,23,B,1,problem12125,90% chance of -12; 10% chance of 30,20% chance of 55; 80% chance of -25,"[0.9, 0.1]","[-12.0, 30.0]","[0.2, 0.8]","[55.0, -25.0]"
P020,24,A,0,problem8024,10% chance of -33; 90% chance of 30,25% chance of 26; 75% chance of 18,"[0.1, 0.9]","[-33.0, 30.0]","[0.25, 0.75]","[26.0, 18.0]"
P020,25,B,1,problem7396,99% chance of -15; 0.125% chance of 46.5; 0.375% chance of 47.5; 0.375% chance of 48.5; 0.125% chance of 49.5,-7 for sure,"[0.99, 0.00125, 0.00375, 0.00375, 0.00125]","[-15.0, 46.5, 47.5, 48.5, 49.5]",[1.0],[-7.0]
P020,26,B,1,problem2434,80% chance of -1; 20% chance of 51,10% chance of 27; 90% chance of 10,"[0.8, 0.2]","[-1.0, 51.0]","[0.1, 0.9]","[27.0, 10.0]"
P020,27,B,1,problem13461,40% chance of 6; 60% chance of 8,9 for sure,"[0.4, 0.6]","[6.0, 8.0]",[1.0],[9.0]
P020,28,A,0,problem5508,4 for sure,60% chance of -10; 40% chance of 7,[1.0],[4.0],"[0.6, 0.4]","[-10.0, 7.0]"
P020,29,A,0,problem552,5 for sure,5% chance of -11; 95% chance of 1,[1.0],[5.0],"[0.05, 0.95]","[-11.0, 1.0]"
P020,30,A,0,problem13684,25% chance of -17; 75% chance of 6,5% chance of 8; 95% chance of 2,"[0.25, 0.75]","[-17.0, 6.0]","[0.05, 0.95]","[8.0, 2.0]"
P020,31,A,0,problem5566,75% chance of 7; 25% chance of 15,95% chance of 4; 5% chance of -7,"[0.75, 0.25]","[7.0, 15.0]","[0.95, 0.05]","[4.0, -7.0]"
P020,32,A,0,problem1831,19 for sure,95% chance of 16; 5% chance of 48,[1.0],[19.0],"[0.95, 0.05]","[16.0, 48.0]"
P020,33,A,0,problem10634,80% chance of -5; 20% chance of 88,11 for sure,"[0.8, 0.2]","[-5.0, 88.0]",[1.0],[11.0]
P020,34,A,0,problem6155,75% chance of -6; 25% chance of 31,-1 for sure,"[0.75, 0.25]","[-6.0, 31.0]",[1.0],[-1.0]
P020,35,A,0,problem7583,-3 for sure,95% chance of -14; 0.03906% chance of 88.5; 0.27344% chance of 89.5; 0.82031% chance of 90.5; 1.36719% chance of 91.5; 1.36719% chance of 92.5; 0.82031% chance of 93.5; 0.27344% chance of 94.5; 0.03906% chance of 95.5,[1.0],[-3.0],"[0.95, 0.00039059999999999995, 0.0027344, 0.0082031, 0.013671899999999999, 0.013671899999999999, 0.0082031, 0.0027344, 0.00039059999999999995]","[-14.0, 88.5, 89.5, 90.5, 91.5, 92.5, 93.5, 94.5, 95.5]"
P020,36,A,0,problem2729,20% chance of -1; 80% chance of 34,19 for sure,"[0.2, 0.8]","[-1.0, 34.0]",[1.0],[19.0]
P020,37,A,0,problem4540,80% chance of 24; 20% chance of 18,10% chance of -6; 0.70312% chance of 19.5; 4.92188% chance of 20.5; 14.7656% chance of 21.5; 24.6094% chance of 22.5; 24.6094% chance of 23.5; 14.7656% chance of 24.5; 4.92188% chance of 25.5; 0.70312% chance of 26.5,"[0.8, 0.2]","[24.0, 18.0]","[0.1, 0.0070312, 0.0492188, 0.1476563, 0.24609380000000003, 0.24609380000000003, 0.1476563, 0.0492188, 0.0070312]","[-6.0, 19.5, 20.5, 21.5, 22.5, 23.5, 24.5, 25.5, 26.5]"
P020,38,B,1,problem9117,60% chance of 5; 1.25% chance of 52.5; 6.25% chance of 53.5; 12.5% chance of 54.5; 12.5% chance of 55.5; 6.25% chance of 56.5; 1.25% chance of 57.5,26 for sure,"[0.6, 0.0125, 0.0625, 0.125, 0.125, 0.0625, 0.0125]","[5.0, 52.5, 53.5, 54.5, 55.5, 56.5, 57.5]",[1.0],[26.0]
P020,39,B,1,problem14431,99% chance of -14; 1% chance of 38,-9 for sure,"[0.99, 0.01]","[-14.0, 38.0]",[1.0],[-9.0]
P020,40,A,0,problem466,1% chance of -26; 3.09375% chance of 5.5; 15.4688% chance of 6.5; 30.9375% chance of 7.5; 30.9375% chance of 8.5; 15.4688% chance of 9.5; 3.09375% chance of 10.5,7 for sure,"[0.01, 0.0309375, 0.1546875, 0.309375, 0.309375, 0.1546875, 0.0309375]","[-26.0, 5.5, 6.5, 7.5, 8.5, 9.5, 10.5]",[1.0],[7.0]
P021,1,B,1,problem739,25% chance of 9; 75% chance of 21,18 for sure,"[0.25, 0.75]","[9.0, 21.0]",[1.0],[18.0]
P021,2,B,1,problem12918,5 for sure,99% chance of 6; 1% chance of 39,[1.0],[5.0],"[0.99, 0.01]","[6.0, 39.0]"
P021,3,A,0,problem9693,90% chance of -5; 10% chance of 75,25% chance of 42; 75% chance of -7,"[0.9, 0.1]","[-5.0, 75.0]","[0.25, 0.75]","[42.0, -7.0]"
P021,4,A,0,problem9213,12 for sure,75% chance of 15; 25% chance of 2,[1.0],[12.0],"[0.75, 0.25]","[15.0, 2.0]"
P021,5,A,0,problem13794,5% chance of 79; 95% chance of 25,75% chance of 23; 25% chance of 48,"[0.05, 0.95]","[79.0, 25.0]","[0.75, 0.25]","[23.0, 48.0]"
P021,6,A,0,problem6398,10% chance of -12; 0.70312% chance of 22.5; 4.92188% chance of 23.5; 14.7656% chance of 24.5; 24.6094% chance of 25.5; 24.6094% chance of 26.5; 14.7656% chance of 27.5; 4.92188% chance of 28.5; 0.70312% chance of 29.5,99% chance of 20; 1% chance of 14,"[0.1, 0.0070312, 0.0492188, 0.1476563, 0.24609380000000003, 0.24609380000000003, 0.1476563, 0.0492188, 0.0070312]","[-12.0, 22.5, 23.5, 24.5, 25.5, 26.5, 27.5, 28.5, 29.5]","[0.99, 0.01]","[20.0, 14.0]"
P021,7,A,0,problem3333,99% chance of 4; 0.5% chance of 95; 0.5% chance of 97,3 for sure,"[0.99, 0.005, 0.005]","[4.0, 95.0, 97.0]",[1.0],[3.0]
P021,8,B,1,problem10461,25% chance of 23; 75% chance of -21,75% chance of -10; 12.5% chance of 0.5; 12.5% chance of 1.5,"[0.25, 0.75]","[23.0, -21.0]","[0.75, 0.125, 0.125]","[-10.0, 0.5, 1.5]"
P021,9,B,1,problem3490,75% chance of 31; 25% chance of 23,95% chance of 33; 5% chance of 64,"[0.75, 0.25]","[31.0, 23.0]","[0.95, 0.05]","[33.0, 64.0]"
P021,10,B,1,problem7333,5 for sure,40% chance of -1; 60% chance of 13,[1.0],[5.0],"[0.4, 0.6]","[-1.0, 13.0]"
P021,11,A,0,problem13473,21 for sure,5% chance of -38; 95% chance of 25,[1.0],[21.0],"[0.05, 0.95]","[-38.0, 25.0]"
P021,12,B,1,problem5414,40% chance of -18; 60% chance of 7,60% chance of 17; 40% chance of -25,"[0.4, 0.6]","[-18.0, 7.0]","[0.6, 0.4]","[17.0, -25.0]"
P021,13,B,1,problem1856,25 for sure,50% chance of -19; 25% chance of 68.5; 25% chance of 69.5,[1.0],[25.0],"[0.5, 0.25, 0.25]","[-19.0, 68.5, 69.5]"
P021,14,A,0,problem2536,75% chance of -32; 25% chance of 96,4 for sure,"[0.75, 0.25]","[-32.0, 96.0]",[1.0],[4.0]
P021,15,A,0,problem10450,50% chance of -10; 25% chance of 42; 25% chance of 44,12 for sure,"[0.5, 0.25, 0.25]","[-10.0, 42.0, 44.0]",[1.0],[12.0]
P021,16,B,1,problem1626,13 for sure,99% chance of 12; 1% chance of 88,[1.0],[13.0],"[0.99, 0.01]","[12.0, 88.0]"
P021,17,A,0,problem2727,75% chance of -10; 25% chance of 58,9 for sure,"[0.75, 0.25]","[-10.0, 58.0]",[1.0],[9.0]
P021,18,B,1,problem14518,21 for sure,75% chance of 17; 12.5% chance of 24; 6.25% chance of 26; 3.125% chance of 30; 3.125% chance of 38,[1.0],[21.0],"[0.75, 0.125, 0.0625, 0.03125, 0.03125]","[17.0, 24.0, 26.0, 30.0, 38.0]"
P021,19,B,1,problem1522,25% chance of -22; 0.58594% chance of 0.5; 4.10156% chance of 1.5; 12.3047% chance of 2.5; 20.5078% chance of 3.5; 20.5078% chance of 4.5; 12.3047% chance of 5.5; 4.10156% chance of 6.5; 0.58594% chance of 7.5,1% chance of 54; 99% chance of -2,"[0.25, 0.0058594, 0.0410156, 0.12304690000000001, 0.20507809999999999, 0.20507809999999999, 0.12304690000000001, 0.0410156, 0.0058594]","[-22.0, 0.5, 1.5, 2.5, 3.5, 4.5, 5.5, 6.5, 7.5]","[0.01, 0.99]","[54.0, -2.0]"
P021,20,A,0,problem6710,40% chance of -41; 60% chance of 81,22 for sure,"[0.4, 0.6]","[-41.0, 81.0]",[1.0],[22.0]
P021,21,A,0,problem4758,40% chance of 22; 60% chance of 17,20% chance of -50; 40% chance of 31; 20% chance of 33; 20% chance of 37,"[0.4, 0.6]","[22.0, 17.0]","[0.2, 0.4, 0.2, 0.2]","[-50.0, 31.0, 33.0, 37.0]"
P021,22,B,1,problem6063,60% chance of -23; 40% chance of 54,1% chance of 24; 99% chance of 13,"[0.6, 0.4]","[-23.0, 54.0]","[0.01, 0.99]","[24.0, 13.0]"
P021,23,B,1,problem13232,10% chance of 62; 90% chance of 24,60% chance of -23; 20% chance of 93; 10% chance of 91; 5% chance of 87; 2.5% chance of 79; 2.5% chance of 63,"[0.1, 0.9]","[62.0, 24.0]","[0.6, 0.2, 0.1, 0.05, 0.025, 0.025]","[-23.0, 93.0, 91.0, 87.0, 79.0, 63.0]"
P021,24,B,1,problem13422,20 for sure,95% chance of 23; 5% chance of 50,[1.0],[20.0],"[0.95, 0.05]","[23.0, 50.0]"
P021,25,B,1,problem7142,18 for sure,50% chance of 0; 50% chance of 59,[1.0],[18.0],"[0.5, 0.5]","[0.0, 59.0]"
P021,26,A,0,problem11757,50% chance of 8.5; 50% chance of 9.5,9 for sure,"[0.5, 0.5]","[8.5, 9.5]",[1.0],[9.0]
P021,27,A,0,problem13547,99% chance of 25; 1% chance of 1,10% chance of -4; 90% chance of 25,"[0.99, 0.01]","[25.0, 1.0]","[0.1, 0.9]","[-4.0, 25.0]"
P021,28,A,0,problem1189,10% chance of 46; 90% chance of 0,60% chance of -24; 40% chance of 34,"[0.1, 0.9]","[46.0, 0.0]","[0.6, 0.4]","[-24.0, 34.0]"
P021,29,A,0,problem12675,75% chance of 15; 25% chance of 7,75% chance of 4; 25% chance of 32,"[0.75, 0.25]","[15.0, 7.0]","[0.75, 0.25]","[4.0, 32.0]"
P021,30,A,0,problem11958,1% chance of 37; 99% chance of 16,60% chance of -31; 40% chance of 100,"[0.01, 0.99]","[37.0, 16.0]","[0.6, 0.4]","[-31.0, 100.0]"
P021,31,B,1,problem10176,40% chance of -31; 60% chance of 16,-8 for sure,"[0.4, 0.6]","[-31.0, 16.0]",[1.0],[-8.0]
P021,32,B,1,problem10313,95% chance of 4; 2.5% chance of 26.5; 2.5% chance of 27.5,1% chance of 23; 99% chance of 10,"[0.95, 0.025, 0.025]","[4.0, 26.5, 27.5]","[0.01, 0.99]","[23.0, 10.0]"
P021,33,A,0,problem5718,40% chance of 40; 60% chance of -7,60% chance of -12; 40% chance of 31,"[0.4, 0.6]","[40.0, -7.0]","[0.6, 0.4]","[-12.0, 31.0]"
P021,34,B,1,problem2695,6 for sure,99% chance of 11; 1% chance of 16,[1.0],[6.0],"[0.99, 0.01]","[11.0, 16.0]"
P021,35,B,1,problem7875,50% chance of 66; 50% chance of -10,50% chance of 27; 50% chance of 33,"[0.5, 0.5]","[66.0, -10.0]","[0.5, 0.5]","[27.0, 33.0]"
P021,36,B,1,problem7381,90% chance of -7; 10% chance of -21,40% chance of -9; 60% chance of -7,"[0.9, 0.1]","[-7.0, -21.0]","[0.4, 0.6]","[-9.0, -7.0]"
P021,37,A,0,problem3760,99% chance of -2; 0.5% chance of 79; 0.25% chance of 77; 0.125% chance of 73; 0.0625% chance of 65; 0.03125% chance of 49; 0.03125% chance of 17,-8 for sure,"[0.99, 0.005, 0.0025, 0.00125, 0.000625, 0.0003125, 0.0003125]","[-2.0, 79.0, 77.0, 73.0, 65.0, 49.0, 17.0]",[1.0],[-8.0]
P021,38,B,1,problem11247,80% chance of -13; 20% chance of 24,-2 for sure,"[0.8, 0.2]","[-13.0, 24.0]",[1.0],[-2.0]
P021,39,B,1,problem9141,20% chance of 15; 80% chance of 35,90% chance of 27; 10% chance of 21,"[0.2, 0.8]","[15.0, 35.0]","[0.9, 0.1]","[27.0, 21.0]"
P021,40,B,1,problem10325,95% chance of 24; 0.15625% chance of 22.5; 0.78125% chance of 23.5; 1.5625% chance of 24.5; 1.5625% chance of 25.5; 0.78125% chance of 26.5; 0.15625% chance of 27.5,30 for sure,"[0.95, 0.0015625, 0.0078125, 0.015625, 0.015625, 0.0078125, 0.0015625]","[24.0, 22.5, 23.5, 24.5, 25.5, 26.5, 27.5]",[1.0],[30.0]
P022,1,A,0,problem2885,-8 for sure,5% chance of -29; 11.875% chance of -13.5; 35.625% chance of -12.5; 35.625% chance of -11.5; 11.875% chance of -10.5,[1.0],[-8.0],"[0.05, 0.11875, 0.35625, 0.35625, 0.11875]","[-29.0, -13.5, -12.5, -11.5, -10.5]"
P022,2,A,0,problem7070,40% chance of -3; 60% chance of -1,-7 for sure,"[0.4, 0.6]","[-3.0, -1.0]",[1.0],[-7.0]
P022,3,B,1,problem159,7 for sure,99% chance of 9; 0.00781% chance of 18.5; 0.05469% chance of 19.5; 0.16406% chance of 20.5; 0.27344% chance of 21.5; 0.27344% chance of 22.5; 0.16406% chance of 23.5; 0.05469% chance of 24.5; 0.00781% chance of 25.5,[1.0],[7.0],"[0.99, 7.81e-05, 0.0005469, 0.0016406, 0.0027344, 0.0027344, 0.0016406, 0.0005469, 7.81e-05]","[9.0, 18.5, 19.5, 20.5, 21.5, 22.5, 23.5, 24.5, 25.5]"
P022,4,B,1,problem5102,95% chance of -12; 0.15625% chance of -0.5; 0.78125% chance of 0.5; 1.5625% chance of 1.5; 1.5625% chance of 2.5; 0.78125% chance of 3.5; 0.15625% chance of 4.5,-3 for sure,"[0.95, 0.0015625, 0.0078125, 0.015625, 0.015625, 0.0078125, 0.0015625]","[-12.0, -0.5, 0.5, 1.5, 2.5, 3.5, 4.5]",[1.0],[-3.0]
P022,5,B,1,problem8720,1% chance of 3; 3.09375% chance of 19.5; 15.4688% chance of 20.5; 30.9375% chance of 21.5; 30.9375% chance of 22.5; 15.4688% chance of 23.5; 3.09375% chance of 24.5,75% chance of 25; 25% chance of 1,"[0.01, 0.0309375, 0.1546875, 0.309375, 0.309375, 0.1546875, 0.0309375]","[3.0, 19.5, 20.5, 21.5, 22.5, 23.5, 24.5]","[0.75, 0.25]","[25.0, 1.0]"
P022,6,A,0,problem2261,95% chance of -5; 0.625% chance of 48.5; 1.875% chance of 49.5; 1.875% chance of 50.5; 0.625% chance of 51.5,-2 for sure,"[0.95, 0.00625, 0.01875, 0.01875, 0.00625]","[-5.0, 48.5, 49.5, 50.5, 51.5]",[1.0],[-2.0]
P022,7,A,0,problem2453,60% chance of -37; 40% chance of 52,60% chance of 19; 40% chance of -39,"[0.6, 0.4]","[-37.0, 52.0]","[0.6, 0.4]","[19.0, -39.0]"
P022,8,B,1,problem685,20% chance of -8; 0.625% chance of 25.5; 4.375% chance of 26.5; 13.125% chance of 27.5; 21.875% chance of 28.5; 21.875% chance of 29.5; 13.125% chance of 30.5; 4.375% chance of 31.5; 0.625% chance of 32.5,27 for sure,"[0.2, 0.00625, 0.04375, 0.13125, 0.21875, 0.21875, 0.13125, 0.04375, 0.00625]","[-8.0, 25.5, 26.5, 27.5, 28.5, 29.5, 30.5, 31.5, 32.5]",[1.0],[27.0]
P022,9,A,0,problem13381,26 for sure,90% chance of 24; 10% chance of 25,[1.0],[26.0],"[0.9, 0.1]","[24.0, 25.0]"
P022,10,B,1,problem5079,60% chance of -15; 40% chance of 3,40% chance of -9; 60% chance of -9,"[0.6, 0.4]","[-15.0, 3.0]","[0.4, 0.6]","[-9.0, -9.0]"
P022,11,B,1,problem10716,60% chance of -1; 20% chance of 61; 10% chance of 63; 10% chance of 67,23 for sure,"[0.6, 0.2, 0.1, 0.1]","[-1.0, 61.0, 63.0, 67.0]",[1.0],[23.0]
P022,12,A,0,problem5430,-7 for sure,75% chance of -20; 12.5% chance of 50; 12.5% chance of 48,[1.0],[-7.0],"[0.75, 0.125, 0.125]","[-20.0, 50.0, 48.0]"
P022,13,A,0,problem2934,20% chance of 53; 80% chance of 17,90% chance of 7; 10% chance of 90,"[0.2, 0.8]","[53.0, 17.0]","[0.9, 0.1]","[7.0, 90.0]"
P022,14,A,0,problem7233,5% chance of 95; 95% chance of -9,-4 for sure,"[0.05, 0.95]","[95.0, -9.0]",[1.0],[-4.0]
P022,15,A,0,problem3704,-6 for sure,75% chance of -27; 25% chance of 56,[1.0],[-6.0],"[0.75, 0.25]","[-27.0, 56.0]"
P022,16,A,0,problem3752,40% chance of -13; 1.875% chance of 41.5; 9.375% chance of 42.5; 18.75% chance of 43.5; 18.75% chance of 44.5; 9.375% chance of 45.5; 1.875% chance of 46.5,60% chance of 63; 40% chance of -42,"[0.4, 0.01875, 0.09375, 0.1875, 0.1875, 0.09375, 0.01875]","[-13.0, 41.5, 42.5, 43.5, 44.5, 45.5, 46.5]","[0.6, 0.4]","[63.0, -42.0]"
P022,17,B,1,problem7560,60% chance of -24; 40% chance of 75,18 for sure,"[0.6, 0.4]","[-24.0, 75.0]",[1.0],[18.0]
P022,18,B,1,problem9921,50% chance of -29; 50% chance of 30,10% chance of 43; 90% chance of -8,"[0.5, 0.5]","[-29.0, 30.0]","[0.1, 0.9]","[43.0, -8.0]"
P022,19,A,0,problem9590,95% chance of 24; 5% chance of 26,23 for sure,"[0.95, 0.05]","[24.0, 26.0]",[1.0],[23.0]
P022,20,A,0,problem6615,95% chance of -5; 5% chance of -17,60% chance of -37; 40% chance of 38,"[0.95, 0.05]","[-5.0, -17.0]","[0.6, 0.4]","[-37.0, 38.0]"
P022,21,A,0,problem1800,50% chance of 21; 50% chance of 1,40% chance of -16; 60% chance of 19,"[0.5, 0.5]","[21.0, 1.0]","[0.4, 0.6]","[-16.0, 19.0]"
P022,22,B,1,problem8230,75% chance of -12; 0.78125% chance of 8.5; 3.90625% chance of 9.5; 7.8125% chance of 10.5; 7.8125% chance of 11.5; 3.90625% chance of 12.5; 0.78125% chance of 13.5,25% chance of 82; 75% chance of -26,"[0.75, 0.0078125, 0.0390625, 0.078125, 0.078125, 0.0390625, 0.0078125]","[-12.0, 8.5, 9.5, 10.5, 11.5, 12.5, 13.5]","[0.25, 0.75]","[82.0, -26.0]"
P022,23,A,0,problem10830,80% chance of 9; 0.15625% chance of 30.5; 1.09375% chance of 31.5; 3.28125% chance of 32.5; 5.46875% chance of 33.5; 5.46875% chance of 34.5; 3.28125% chance of 35.5; 1.09375% chance of 36.5; 0.15625% chance of 37.5,90% chance of 17; 10% chance of 10,"[0.8, 0.0015625, 0.0109375, 0.0328125, 0.0546875, 0.0546875, 0.0328125, 0.0109375, 0.0015625]","[9.0, 30.5, 31.5, 32.5, 33.5, 34.5, 35.5, 36.5, 37.5]","[0.9, 0.1]","[17.0, 10.0]"
P022,24,B,1,problem6807,1% chance of 11; 99% chance of -7,95% chance of -8; 5% chance of 30,"[0.01, 0.99]","[11.0, -7.0]","[0.95, 0.05]","[-8.0, 30.0]"
P022,25,B,1,problem963,2 for sure,90% chance of -1; 5% chance of 13.5; 5% chance of 14.5,[1.0],[2.0],"[0.9, 0.05, 0.05]","[-1.0, 13.5, 14.5]"
P022,26,A,0,problem11136,10% chance of 18; 90% chance of -10,95% chance of -15; 5% chance of -7,"[0.1, 0.9]","[18.0, -10.0]","[0.95, 0.05]","[-15.0, -7.0]"
P022,27,B,1,problem7251,25% chance of -45; 75% chance of 28,6 for sure,"[0.25, 0.75]","[-45.0, 28.0]",[1.0],[6.0]
P022,28,A,0,problem8080,99% chance of -2; 0.5% chance of 50.5; 0.5% chance of 51.5,0 for sure,"[0.99, 0.005, 0.005]","[-2.0, 50.5, 51.5]",[1.0],[0.0]
P022,29,B,1,problem7362,60% chance of -2; 20% chance of 71.5; 20% chance of 72.5,5% chance of 54; 95% chance of 29,"[0.6, 0.2, 0.2]","[-2.0, 71.5, 72.5]","[0.05, 0.95]","[54.0, 29.0]"
P022,30,B,1,problem2877,-8 for sure,80% chance of -4; 10% chance of 14; 5% chance of 16; 2.5% chance of 20; 2.5% chance of 28,[1.0],[-8.0],"[0.8, 0.1, 0.05, 0.025, 0.025]","[-4.0, 14.0, 16.0, 20.0, 28.0]"
P022,31,A,0,problem9275,21 for sure,75% chance of 13; 12.5% chance of 16.5; 12.5% chance of 17.5,[1.0],[21.0],"[0.75, 0.125, 0.125]","[13.0, 16.5, 17.5]"
P022,32,A,0,problem2493,20% chance of 83; 80% chance of 0,50% chance of -13; 25% chance of 43.5; 25% chance of 44.5,"[0.2, 0.8]","[83.0, 0.0]","[0.5, 0.25, 0.25]","[-13.0, 43.5, 44.5]"
P022,33,A,0,problem4591,99% chance of 11; 1% chance of -11,0.78125% chance of 7.5; 5.46875% chance of 8.5; 16.4062% chance of 9.5; 27.3438% chance of 10.5; 27.3438% chance of 11.5; 16.4062% chance of 12.5; 5.46875% chance of 13.5; 0.78125% chance of 14.5,"[0.99, 0.01]","[11.0, -11.0]","[0.0078125, 0.0546875, 0.1640625, 0.2734375, 0.2734375, 0.1640625, 0.0546875, 0.0078125]","[7.5, 8.5, 9.5, 10.5, 11.5, 12.5, 13.5, 14.5]"
P022,34,B,1,problem7993,7 for sure,99% chance of 16; 0.03125% chance of 35.5; 0.15625% chance of 36.5; 0.3125% chance of 37.5; 0.3125% chance of 38.5; 0.15625% chance of 39.5; 0.03125% chance of 40.5,[1.0],[7.0],"[0.99, 0.0003125, 0.0015625, 0.003125, 0.003125, 0.0015625, 0.0003125]","[16.0, 35.5, 36.5, 37.5, 38.5, 39.5, 40.5]"
P022,35,A,0,problem7002,99% chance of -8; 1% chance of 3,-9 for sure,"[0.99, 0.01]","[-8.0, 3.0]",[1.0],[-9.0]
P022,36,A,0,problem7374,95% chance of -1; 5% chance of 53,25% chance of 95; 75% chance of -21,"[0.95, 0.05]","[-1.0, 53.0]","[0.25, 0.75]","[95.0, -21.0]"
P022,37,A,0,problem617,20% chance of 12; 80% chance of 3,25% chance of -30; 75% chance of 18,"[0.2, 0.8]","[12.0, 3.0]","[0.25, 0.75]","[-30.0, 18.0]"
P022,38,A,0,problem11965,25% chance of 56; 75% chance of -28,75% chance of -39; 3.125% chance of 59.5; 9.375% chance of 60.5; 9.375% chance of 61.5; 3.125% chance of 62.5,"[0.25, 0.75]","[56.0, -28.0]","[0.75, 0.03125, 0.09375, 0.09375, 0.03125]","[-39.0, 59.5, 60.5, 61.5, 62.5]"
P022,39,A,0,problem12200,99% chance of 29; 1% chance of 3,80% chance of 0; 20% chance of 56,"[0.99, 0.01]","[29.0, 3.0]","[0.8, 0.2]","[0.0, 56.0]"
P022,40,B,1,problem5418,-8 for sure,1% chance of -12; 99% chance of -6,[1.0],[-8.0],"[0.01, 0.99]","[-12.0, -6.0]"
P023,1,A,0,problem9467,95% chance of 2; 2.5% chance of 21; 2.5% chance of 23,-1 for sure,"[0.95, 0.025, 0.025]","[2.0, 21.0, 23.0]",[1.0],[-1.0]
P023,2,A,0,problem6855,40% chance of 31; 60% chance of -19,10% chance of -43; 90% chance of 7,"[0.4, 0.6]","[31.0, -19.0]","[0.1, 0.9]","[-43.0, 7.0]"
P023,3,B,1,problem11314,25% chance of 25; 0.58594% chance of 22.5; 4.10156% chance of 23.5; 12.3047% chance of 24.5; 20.5078% chance of 25.5; 20.5078% chance of 26.5; 12.3047% chance of 27.5; 4.10156% chance of 28.5; 0.58594% chance of 29.5,28 for sure,"[0.25, 0.0058594, 0.0410156, 0.12304690000000001, 0.20507809999999999, 0.20507809999999999, 0.12304690000000001, 0.0410156, 0.0058594]","[25.0, 22.5, 23.5, 24.5, 25.5, 26.5, 27.5, 28.5, 29.5]",[1.0],[28.0]
P023,4,A,0,problem104,1% chance of -17; 99% chance of -2,-9 for sure,"[0.01, 0.99]","[-17.0, -2.0]",[1.0],[-9.0]
P023,5,A,0,problem13119,50% chance of 38; 50% chance of -26,90% chance of 3; 10% chance of 9,"[0.5, 0.5]","[38.0, -26.0]","[0.9, 0.1]","[3.0, 9.0]"
P023,6,B,1,problem11504,14 for sure,90% chance of 7; 10% chance of 41,[1.0],[14.0],"[0.9, 0.1]","[7.0, 41.0]"
P023,7,A,0,problem8885,25% chance of 40; 75% chance of -4,60% chance of -4; 40% chance of 9,"[0.25, 0.75]","[40.0, -4.0]","[0.6, 0.4]","[-4.0, 9.0]"
P023,8,B,1,problem12000,10% chance of 70; 90% chance of -4,90% chance of 11; 0.07812% chance of 23.5; 0.54688% chance of 24.5; 1.64062% chance of 25.5; 2.73438% chance of 26.5; 2.73438% chance of 27.5; 1.64062% chance of 28.5; 0.54688% chance of 29.5; 0.07812% chance of 30.5,"[0.1, 0.9]","[70.0, -4.0]","[0.9, 0.0007811999999999999, 0.0054688, 0.0164062, 0.027343799999999998, 0.027343799999999998, 0.0164062, 0.0054688, 0.0007811999999999999]","[11.0, 23.5, 24.5, 25.5, 26.5, 27.5, 28.5, 29.5, 30.5]"
P023,9,A,0,problem6540,80% chance of 6; 10% chance of 61; 5% chance of 59; 5% chance of 55,13 for sure,"[0.8, 0.1, 0.05, 0.05]","[6.0, 61.0, 59.0, 55.0]",[1.0],[13.0]
P023,10,B,1,problem12793,19 for sure,99% chance of 18; 1% chance of 43,[1.0],[19.0],"[0.99, 0.01]","[18.0, 43.0]"
P023,11,B,1,problem1695,27 for sure,75% chance of 16; 25% chance of 62,[1.0],[27.0],"[0.75, 0.25]","[16.0, 62.0]"
P023,12,B,1,problem12885,99% chance of 16; 0.5% chance of 50; 0.25% chance of 52; 0.25% chance of 56,40% chance of 63; 60% chance of 3,"[0.99, 0.005, 0.0025, 0.0025]","[16.0, 50.0, 52.0, 56.0]","[0.4, 0.6]","[63.0, 3.0]"
P023,13,A,0,problem14439,75% chance of -3; 25% chance of -20,95% chance of -11; 5% chance of 17,"[0.75, 0.25]","[-3.0, -20.0]","[0.95, 0.05]","[-11.0, 17.0]"
P023,14,A,0,problem1477,20% chance of 31; 80% chance of 11,1% chance of -11; 99% chance of 22,"[0.2, 0.8]","[31.0, 11.0]","[0.01, 0.99]","[-11.0, 22.0]"
P023,15,A,0,problem1213,60% chance of -7; 20% chance of 62; 10% chance of 64; 5% chance of 68; 2.5% chance of 76; 1.25% chance of 92; 1.25% chance of 124,22 for sure,"[0.6, 0.2, 0.1, 0.05, 0.025, 0.0125, 0.0125]","[-7.0, 62.0, 64.0, 68.0, 76.0, 92.0, 124.0]",[1.0],[22.0]
P023,16,B,1,problem8204,20% chance of 31; 80% chance of 33,25% chance of 43; 75% chance of 22,"[0.2, 0.8]","[31.0, 33.0]","[0.25, 0.75]","[43.0, 22.0]"
P023,17,B,1,problem11165,7 for sure,20% chance of -14; 80% chance of 12,[1.0],[7.0],"[0.2, 0.8]","[-14.0, 12.0]"
P023,18,B,1,problem5691,5% chance of -14; 0.74219% chance of 21.5; 5.19531% chance of 22.5; 15.5859% chance of 23.5; 25.9766% chance of 24.5; 25.9766% chance of 25.5; 15.5859% chance of 26.5; 5.19531% chance of 27.5; 0.74219% chance of 28.5,1% chance of 82; 99% chance of 19,"[0.05, 0.0074219, 0.0519531, 0.1558594, 0.2597656, 0.2597656, 0.1558594, 0.0519531, 0.0074219]","[-14.0, 21.5, 22.5, 23.5, 24.5, 25.5, 26.5, 27.5, 28.5]","[0.01, 0.99]","[82.0, 19.0]"
P023,19,B,1,problem13500,2 for sure,75% chance of -24; 25% chance of 100,[1.0],[2.0],"[0.75, 0.25]","[-24.0, 100.0]"
P023,20,A,0,problem7679,40% chance of -12; 30% chance of 36; 15% chance of 38; 7.5% chance of 42; 7.5% chance of 50,28 for sure,"[0.4, 0.3, 0.15, 0.075, 0.075]","[-12.0, 36.0, 38.0, 42.0, 50.0]",[1.0],[28.0]
P023,21,A,0,problem2576,50% chance of -4; 25% chance of 36.5; 25% chance of 37.5,80% chance of 28; 20% chance of -27,"[0.5, 0.25, 0.25]","[-4.0, 36.5, 37.5]","[0.8, 0.2]","[28.0, -27.0]"
P023,22,B,1,problem10232,5% chance of -4; 0.74219% chance of 7.5; 5.19531% chance of 8.5; 15.5859% chance of 9.5; 25.9766% chance of 10.5; 25.9766% chance of 11.5; 15.5859% chance of 12.5; 5.19531% chance of 13.5; 0.74219% chance of 14.5,20% chance of 29; 80% chance of 6,"[0.05, 0.0074219, 0.0519531, 0.1558594, 0.2597656, 0.2597656, 0.1558594, 0.0519531, 0.0074219]","[-4.0, 7.5, 8.5, 9.5, 10.5, 11.5, 12.5, 13.5, 14.5]","[0.2, 0.8]","[29.0, 6.0]"
P023,23,B,1,problem8616,40% chance of 41; 60% chance of 23,90% chance of 22; 10% chance of 94,"[0.4, 0.6]","[41.0, 23.0]","[0.9, 0.1]","[22.0, 94.0]"
P023,24,B,1,problem12435,95% chance of -1; 5% chance of 17,10% chance of 93; 90% chance of -15,"[0.95, 0.05]","[-1.0, 17.0]","[0.1, 0.9]","[93.0, -15.0]"
P023,25,A,0,problem5328,25% chance of 91; 75% chance of -14,50% chance of -9; 25% chance of 18.5; 25% chance of 19.5,"[0.25, 0.75]","[91.0, -14.0]","[0.5, 0.25, 0.25]","[-9.0, 18.5, 19.5]"
P023,26,B,1,problem8854,5% chance of -16; 47.5% chance of 1; 23.75% chance of -1; 11.875% chance of -5; 5.9375% chance of -13; 5.9375% chance of -29,1% chance of 40; 99% chance of 2,"[0.05, 0.475, 0.2375, 0.11875, 0.059375, 0.059375]","[-16.0, 1.0, -1.0, -5.0, -13.0, -29.0]","[0.01, 0.99]","[40.0, 2.0]"
P023,27,B,1,problem12794,25% chance of 5; 75% chance of 31,30 for sure,"[0.25, 0.75]","[5.0, 31.0]",[1.0],[30.0]
P023,28,B,1,problem7671,50% chance of 44; 50% chance of 14,75% chance of 22; 25% chance of 66,"[0.5, 0.5]","[44.0, 14.0]","[0.75, 0.25]","[22.0, 66.0]"
P023,29,B,1,problem6563,80% chance of 29; 20% chance of 9,50% chance of -3; 6.25% chance of 43.5; 18.75% chance of 44.5; 18.75% chance of 45.5; 6.25% chance of 46.5,"[0.8, 0.2]","[29.0, 9.0]","[0.5, 0.0625, 0.1875, 0.1875, 0.0625]","[-3.0, 43.5, 44.5, 45.5, 46.5]"
P023,30,A,0,problem4508,1% chance of -6; 49.5% chance of 23; 24.75% chance of 21; 12.375% chance of 17; 6.1875% chance of 9; 6.1875% chance of -7,18 for sure,"[0.01, 0.495, 0.2475, 0.12375, 0.061875, 0.061875]","[-6.0, 23.0, 21.0, 17.0, 9.0, -7.0]",[1.0],[18.0]
P023,31,B,1,problem406,20% chance of 6; 40% chance of 25; 20% chance of 27; 10% chance of 31; 10% chance of 39,10% chance of 99; 90% chance of 9,"[0.2, 0.4, 0.2, 0.1, 0.1]","[6.0, 25.0, 27.0, 31.0, 39.0]","[0.1, 0.9]","[99.0, 9.0]"
P023,32,A,0,problem6317,75% chance of 23; 25% chance of 31,22 for sure,"[0.75, 0.25]","[23.0, 31.0]",[1.0],[22.0]
P023,33,B,1,problem7304,5% chance of -22; 95% chance of 0,1 for sure,"[0.05, 0.95]","[-22.0, 0.0]",[1.0],[1.0]
P023,34,B,1,problem11616,60% chance of -5; 20% chance of 3.5; 20% chance of 4.5,95% chance of 9; 5% chance of -48,"[0.6, 0.2, 0.2]","[-5.0, 3.5, 4.5]","[0.95, 0.05]","[9.0, -48.0]"
P023,35,B,1,problem6796,80% chance of 26; 20% chance of -15,20% chance of -29; 80% chance of 27,"[0.8, 0.2]","[26.0, -15.0]","[0.2, 0.8]","[-29.0, 27.0]"
P023,36,A,0,problem9108,80% chance of 25; 20% chance of -21,16 for sure,"[0.8, 0.2]","[25.0, -21.0]",[1.0],[16.0]
P023,37,A,0,problem10617,60% chance of -19; 40% chance of 59,19 for sure,"[0.6, 0.4]","[-19.0, 59.0]",[1.0],[19.0]
P023,38,A,0,problem10728,50% chance of -45; 50% chance of 85,15 for sure,"[0.5, 0.5]","[-45.0, 85.0]",[1.0],[15.0]
P023,39,A,0,problem5777,40% chance of -30; 30% chance of 25; 15% chance of 27; 15% chance of 31,15 for sure,"[0.4, 0.3, 0.15, 0.15]","[-30.0, 25.0, 27.0, 31.0]",[1.0],[15.0]
P023,40,A,0,problem9028,90% chance of 11; 5% chance of 60; 2.5% chance of 62; 1.25% chance of 66; 1.25% chance of 74,25% chance of 52; 75% chance of 3,"[0.9, 0.05, 0.025, 0.0125, 0.0125]","[11.0, 60.0, 62.0, 66.0, 74.0]","[0.25, 0.75]","[52.0, 3.0]"
P024,1,A,0,problem9310,75% chance of -12; 25% chance of 33,-2 for sure,"[0.75, 0.25]","[-12.0, 33.0]",[1.0],[-2.0]
P024,2,A,0,problem3743,40% chance of -30; 30% chance of 67; 15% chance of 65; 7.5% chance of 61; 3.75% chance of 53; 3.75% chance of 37,18 for sure,"[0.4, 0.3, 0.15, 0.075, 0.0375, 0.0375]","[-30.0, 67.0, 65.0, 61.0, 53.0, 37.0]",[1.0],[18.0]
P024,3,B,1,problem1617,95% chance of 17; 5% chance of -12,50% chance of 10; 25% chance of 12; 12.5% chance of 16; 6.25% chance of 24; 3.125% chance of 40; 1.5625% chance of 72; 1.5625% chance of 136,"[0.95, 0.05]","[17.0, -12.0]","[0.5, 0.25, 0.125, 0.0625, 0.03125, 0.015625, 0.015625]","[10.0, 12.0, 16.0, 24.0, 40.0, 72.0, 136.0]"
P024,4,B,1,problem11837,4 for sure,75% chance of 0; 12.5% chance of 41; 6.25% chance of 39; 3.125% chance of 35; 1.5625% chance of 27; 1.5625% chance of 11,[1.0],[4.0],"[0.75, 0.125, 0.0625, 0.03125, 0.015625, 0.015625]","[0.0, 41.0, 39.0, 35.0, 27.0, 11.0]"
P024,5,B,1,problem7065,-5 for sure,99% chance of -8; 0.5% chance of 59; 0.5% chance of 61,[1.0],[-5.0],"[0.99, 0.005, 0.005]","[-8.0, 59.0, 61.0]"
P024,6,A,0,problem13546,40% chance of 50; 60% chance of 7,99% chance of 22; 0.5% chance of 17; 0.25% chance of 19; 0.125% chance of 23; 0.0625% chance of 31; 0.03125% chance of 47; 0.01562% chance of 79; 0.01562% chance of 143,"[0.4, 0.6]","[50.0, 7.0]","[0.99, 0.005, 0.0025, 0.00125, 0.000625, 0.0003125, 0.0001562, 0.0001562]","[22.0, 17.0, 19.0, 23.0, 31.0, 47.0, 79.0, 143.0]"
P024,7,A,0,problem5199,10% chance of -22; 45% chance of -7; 22.5% chance of -5; 11.25% chance of -1; 11.25% chance of 7,90% chance of -3; 10% chance of -23,"[0.1, 0.45, 0.225, 0.1125, 0.1125]","[-22.0, -7.0, -5.0, -1.0, 7.0]","[0.9, 0.1]","[-3.0, -23.0]"
P024,8,A,0,problem8054,20% chance of 14; 40% chance of 14; 20% chance of 16; 10% chance of 20; 5% chance of 28; 2.5% chance of 44; 1.25% chance of 76; 1.25% chance of 140,11 for sure,"[0.2, 0.4, 0.2, 0.1, 0.05, 0.025, 0.0125, 0.0125]","[14.0, 14.0, 16.0, 20.0, 28.0, 44.0, 76.0, 140.0]",[1.0],[11.0]
P024,9,A,0,problem9613,90% chance of 16; 10% chance of 98,50% chance of 34; 50% chance of 16,"[0.9, 0.1]","[16.0, 98.0]","[0.5, 0.5]","[34.0, 16.0]"
P024,10,A,0,problem2361,99% chance of 15; 1% chance of 34,60% chance of 54; 40% chance of -28,"[0.99, 0.01]","[15.0, 34.0]","[0.6, 0.4]","[54.0, -28.0]"
P024,11,B,1,problem9750,25% chance of 8; 75% chance of -5,25% chance of -18; 75% chance of 7,"[0.25, 0.75]","[8.0, -5.0]","[0.25, 0.75]","[-18.0, 7.0]"
P024,12,A,0,problem6959,99% chance of 21; 1% chance of 45,10% chance of 26; 90% chance of 17,"[0.99, 0.01]","[21.0, 45.0]","[0.1, 0.9]","[26.0, 17.0]"
P024,13,B,1,problem336,50% chance of -18; 50% chance of 27,5 for sure,"[0.5, 0.5]","[-18.0, 27.0]",[1.0],[5.0]
P024,14,A,0,problem6726,50% chance of -34; 50% chance of 85,21 for sure,"[0.5, 0.5]","[-34.0, 85.0]",[1.0],[21.0]
P024,15,A,0,problem9983,90% chance of 2; 10% chance of -20,1% chance of -15; 49.5% chance of 1; 49.5% chance of -1,"[0.9, 0.1]","[2.0, -20.0]","[0.01, 0.495, 0.495]","[-15.0, 1.0, -1.0]"
P024,16,B,1,problem9399,20% chance of -17; 80% chance of -6,-6 for sure,"[0.2, 0.8]","[-17.0, -6.0]",[1.0],[-6.0]
P024,17,A,0,problem7051,0 for sure,5% chance of -20; 95% chance of -1,[1.0],[0.0],"[0.05, 0.95]","[-20.0, -1.0]"
P024,18,B,1,problem14123,13 for sure,90% chance of 11; 10% chance of 51,[1.0],[13.0],"[0.9, 0.1]","[11.0, 51.0]"
P024,19,B,1,problem2715,60% chance of 37; 40% chance of -5,99% chance of 26; 1% chance of 34,"[0.6, 0.4]","[37.0, -5.0]","[0.99, 0.01]","[26.0, 34.0]"
P024,20,A,0,problem11242,1% chance of -39; 99% chance of -5,80% chance of 3; 20% chance of -42,"[0.01, 0.99]","[-39.0, -5.0]","[0.8, 0.2]","[3.0, -42.0]"
P024,21,B,1,problem11502,-2 for sure,50% chance of 4; 50% chance of 5,[1.0],[-2.0],"[0.5, 0.5]","[4.0, 5.0]"
P024,22,A,0,problem12651,10% chance of 63; 90% chance of 15,5% chance of 23; 95% chance of 25,"[0.1, 0.9]","[63.0, 15.0]","[0.05, 0.95]","[23.0, 25.0]"
P024,23,A,0,problem6023,80% chance of 22; 0.625% chance of 39.5; 3.125% chance of 40.5; 6.25% chance of 41.5; 6.25% chance of 42.5; 3.125% chance of 43.5; 0.625% chance of 44.5,50% chance of 62; 50% chance of -14,"[0.8, 0.00625, 0.03125, 0.0625, 0.0625, 0.03125, 0.00625]","[22.0, 39.5, 40.5, 41.5, 42.5, 43.5, 44.5]","[0.5, 0.5]","[62.0, -14.0]"
P024,24,B,1,problem7425,12 for sure,1% chance of 4; 0.77344% chance of 11.5; 5.41406% chance of 12.5; 16.2422% chance of 13.5; 27.0703% chance of 14.5; 27.0703% chance of 15.5; 16.2422% chance of 16.5; 5.41406% chance of 17.5; 0.77344% chance of 18.5,[1.0],[12.0],"[0.01, 0.0077344, 0.054140600000000004, 0.1624219, 0.2707031, 0.2707031, 0.1624219, 0.054140600000000004, 0.0077344]","[4.0, 11.5, 12.5, 13.5, 14.5, 15.5, 16.5, 17.5, 18.5]"
P024,25,A,0,problem8569,20% chance of 62; 80% chance of -8,12.5% chance of 4.5; 37.5% chance of 5.5; 37.5% chance of 6.5; 12.5% chance of 7.5,"[0.2, 0.8]","[62.0, -8.0]","[0.125, 0.375, 0.375, 0.125]","[4.5, 5.5, 6.5, 7.5]"
P024,26,A,0,problem14486,80% chance of -7; 10% chance of 24.5; 10% chance of 25.5,99% chance of -1; 1% chance of -31,"[0.8, 0.1, 0.1]","[-7.0, 24.5, 25.5]","[0.99, 0.01]","[-1.0, -31.0]"
P024,27,B,1,problem13046,-10 for sure,95% chance of -12; 5% chance of 0,[1.0],[-10.0],"[0.95, 0.05]","[-12.0, 0.0]"
P024,28,B,1,problem5781,16 for sure,25% chance of 17; 75% chance of 19,[1.0],[16.0],"[0.25, 0.75]","[17.0, 19.0]"
P024,29,B,1,problem4782,4 for sure,50% chance of 2; 50% chance of 16,[1.0],[4.0],"[0.5, 0.5]","[2.0, 16.0]"
P024,30,B,1,problem8815,80% chance of -13; 20% chance of 33,4 for sure,"[0.8, 0.2]","[-13.0, 33.0]",[1.0],[4.0]
P024,31,B,1,problem9997,20% chance of 23; 80% chance of 19,80% chance of 8; 0.15625% chance of 48.5; 1.09375% chance of 49.5; 3.28125% chance of 50.5; 5.46875% chance of 51.5; 5.46875% chance of 52.5; 3.28125% chance of 53.5; 1.09375% chance of 54.5; 0.15625% chance of 55.5,"[0.2, 0.8]","[23.0, 19.0]","[0.8, 0.0015625, 0.0109375, 0.0328125, 0.0546875, 0.0546875, 0.0328125, 0.0109375, 0.0015625]","[8.0, 48.5, 49.5, 50.5, 51.5, 52.5, 53.5, 54.5, 55.5]"
P024,32,A,0,problem13712,50% chance of 2; 25% chance of 47; 12.5% chance of 49; 6.25% chance of 53; 3.125% chance of 61; 1.5625% chance of 77; 1.5625% chance of 109,50% chance of 61; 50% chance of -1,"[0.5, 0.25, 0.125, 0.0625, 0.03125, 0.015625, 0.015625]","[2.0, 47.0, 49.0, 53.0, 61.0, 77.0, 109.0]","[0.5, 0.5]","[61.0, -1.0]"
P024,33,B,1,problem6970,25% chance of 0; 75% chance of -1,99% chance of 1; 0.125% chance of 61.5; 0.375% chance of 62.5; 0.375% chance of 63.5; 0.125% chance of 64.5,"[0.25, 0.75]","[0.0, -1.0]","[0.99, 0.00125, 0.00375, 0.00375, 0.00125]","[1.0, 61.5, 62.5, 63.5, 64.5]"
P024,34,A,0,problem1038,40% chance of -24; 60% chance of 62,18 for sure,"[0.4, 0.6]","[-24.0, 62.0]",[1.0],[18.0]
P024,35,B,1,problem13264,-3 for sure,90% chance of -7; 10% chance of 33,[1.0],[-3.0],"[0.9, 0.1]","[-7.0, 33.0]"
P024,36,A,0,problem3917,25% chance of -33; 9.375% chance of 42.5; 28.125% chance of 43.5; 28.125% chance of 44.5; 9.375% chance of 45.5,16 for sure,"[0.25, 0.09375, 0.28125, 0.28125, 0.09375]","[-33.0, 42.5, 43.5, 44.5, 45.5]",[1.0],[16.0]
P024,37,A,0,problem10477,10% chance of 12; 90% chance of 33,23 for sure,"[0.1, 0.9]","[12.0, 33.0]",[1.0],[23.0]
P024,38,A,0,problem761,20% chance of 0; 40% chance of 31; 20% chance of 29; 20% chance of 25,27 for sure,"[0.2, 0.4, 0.2, 0.2]","[0.0, 31.0, 29.0, 25.0]",[1.0],[27.0]
P024,39,B,1,problem13221,90% chance of -12; 5% chance of 23; 2.5% chance of 25; 1.25% chance of 29; 1.25% chance of 37,-7 for sure,"[0.9, 0.05, 0.025, 0.0125, 0.0125]","[-12.0, 23.0, 25.0, 29.0, 37.0]",[1.0],[-7.0]
P024,40,A,0,problem7273,75% chance of 5; 25% chance of 55,21 for sure,"[0.75, 0.25]","[5.0, 55.0]",[1.0],[21.0]
P025,1,A,0,problem6206,5% chance of -36; 95% chance of -18,1% chance of 1; 99% chance of -8,"[0.05, 0.95]","[-36.0, -18.0]","[0.01, 0.99]","[1.0, -8.0]"
P025,2,B,1,problem11602,10% chance of -7; 90% chance of 32,29 for sure,"[0.1, 0.9]","[-7.0, 32.0]",[1.0],[29.0]
P025,3,A,0,problem9849,50% chance of -49; 50% chance of 47,11 for sure,"[0.5, 0.5]","[-49.0, 47.0]",[1.0],[11.0]
P025,4,B,1,problem12119,40% chance of 1; 60% chance of 3,25% chance of 11; 75% chance of -12,"[0.4, 0.6]","[1.0, 3.0]","[0.25, 0.75]","[11.0, -12.0]"
P025,5,A,0,problem3701,90% chance of 20; 10% chance of 36,25 for sure,"[0.9, 0.1]","[20.0, 36.0]",[1.0],[25.0]
P025,6,A,0,problem10415,20% chance of 8; 80% chance of 32,50% chance of 59; 50% chance of -3,"[0.2, 0.8]","[8.0, 32.0]","[0.5, 0.5]","[59.0, -3.0]"
P025,7,A,0,problem14047,60% chance of 29; 40% chance of 6,5% chance of -22; 95% chance of 20,"[0.6, 0.4]","[29.0, 6.0]","[0.05, 0.95]","[-22.0, 20.0]"
P025,8,A,0,problem4651,20 for sure,99% chance of 20; 0.5% chance of 47; 0.25% chance of 45; 0.125% chance of 41; 0.0625% chance of 33; 0.03125% chance of 17; 0.03125% chance of -15,[1.0],[20.0],"[0.99, 0.005, 0.0025, 0.00125, 0.000625, 0.0003125, 0.0003125]","[20.0, 47.0, 45.0, 41.0, 33.0, 17.0, -15.0]"
P025,9,A,0,problem14200,90% chance of 23; 10% chance of 11,50% chance of -24; 50% chance of 62,"[0.9, 0.1]","[23.0, 11.0]","[0.5, 0.5]","[-24.0, 62.0]"
P025,10,A,0,problem10646,75% chance of -2; 25% chance of 26,1% chance of 64; 99% chance of 4,"[0.75, 0.25]","[-2.0, 26.0]","[0.01, 0.99]","[64.0, 4.0]"
P025,11,B,1,problem10519,27 for sure,95% chance of 27; 5% chance of 39,[1.0],[27.0],"[0.95, 0.05]","[27.0, 39.0]"
P025,12,A,0,problem12074,40% chance of 8; 60% chance of 27,14 for sure,"[0.4, 0.6]","[8.0, 27.0]",[1.0],[14.0]
P025,13,A,0,problem11714,80% chance of 6; 20% chance of 19,3 for sure,"[0.8, 0.2]","[6.0, 19.0]",[1.0],[3.0]
P025,14,A,0,problem13639,75% chance of 16; 25% chance of -21,25% chance of -12; 75% chance of -6,"[0.75, 0.25]","[16.0, -21.0]","[0.25, 0.75]","[-12.0, -6.0]"
P025,15,A,0,problem11231,25% chance of -7; 75% chance of 5,0 for sure,"[0.25, 0.75]","[-7.0, 5.0]",[1.0],[0.0]
P025,16,B,1,problem11258,5% chance of -12; 95% chance of 24,25 for sure,"[0.05, 0.95]","[-12.0, 24.0]",[1.0],[25.0]
P025,17,A,0,problem2723,20% chance of 28; 80% chance of 13,75% chance of -15; 12.5% chance of 96; 12.5% chance of 94,"[0.2, 0.8]","[28.0, 13.0]","[0.75, 0.125, 0.125]","[-15.0, 96.0, 94.0]"
P025,18,B,1,problem6612,25% chance of 28; 75% chance of 7,5% chance of -18; 95% chance of 17,"[0.25, 0.75]","[28.0, 7.0]","[0.05, 0.95]","[-18.0, 17.0]"
P025,19,A,0,problem8449,10 for sure,50% chance of 14; 6.25% chance of 16.5; 18.75% chance of 17.5; 18.75% chance of 18.5; 6.25% chance of 19.5,[1.0],[10.0],"[0.5, 0.0625, 0.1875, 0.1875, 0.0625]","[14.0, 16.5, 17.5, 18.5, 19.5]"
P025,20,B,1,problem9229,75% chance of 6; 12.5% chance of 8.5; 12.5% chance of 9.5,18 for sure,"[0.75, 0.125, 0.125]","[6.0, 8.5, 9.5]",[1.0],[18.0]
P025,21,B,1,problem11899,75% chance of -16; 25% chance of 40,-3 for sure,"[0.75, 0.25]","[-16.0, 40.0]",[1.0],[-3.0]
P025,22,B,1,problem3656,-6 for sure,60% chance of -46; 40% chance of 59,[1.0],[-6.0],"[0.6, 0.4]","[-46.0, 59.0]"
P025,23,B,1,problem13470,1% chance of -44; 3.09375% chance of 26.5; 15.4688% chance of 27.5; 30.9375% chance of 28.5; 30.9375% chance of 29.5; 15.4688% chance of 30.5; 3.09375% chance of 31.5,28 for sure,"[0.01, 0.0309375, 0.1546875, 0.309375, 0.309375, 0.1546875, 0.0309375]","[-44.0, 26.5, 27.5, 28.5, 29.5, 30.5, 31.5]",[1.0],[28.0]
P025,24,B,1,problem14014,60% chance of 0; 1.25% chance of 22.5; 6.25% chance of 23.5; 12.5% chance of 24.5; 12.5% chance of 25.5; 6.25% chance of 26.5; 1.25% chance of 27.5,14 for sure,"[0.6, 0.0125, 0.0625, 0.125, 0.125, 0.0625, 0.0125]","[0.0, 22.5, 23.5, 24.5, 25.5, 26.5, 27.5]",[1.0],[14.0]
P025,25,A,0,problem11052,80% chance of 0; 20% chance of 10,3 for sure,"[0.8, 0.2]","[0.0, 10.0]",[1.0],[3.0]
P025,26,B,1,problem3450,50% chance of -34; 50% chance of 37,80% chance of 7; 20% chance of -15,"[0.5, 0.5]","[-34.0, 37.0]","[0.8, 0.2]","[7.0, -15.0]"
P025,27,A,0,problem12257,25% chance of -27; 75% chance of 48,22 for sure,"[0.25, 0.75]","[-27.0, 48.0]",[1.0],[22.0]
P025,28,A,0,problem599,99% chance of 13; 1% chance of 76,12 for sure,"[0.99, 0.01]","[13.0, 76.0]",[1.0],[12.0]
P025,29,B,1,problem8978,95% chance of 29; 5% chance of 30,29 for sure,"[0.95, 0.05]","[29.0, 30.0]",[1.0],[29.0]
P025,30,B,1,problem9794,80% chance of -1; 10% chance of -3; 5% chance of -1; 2.5% chance of 3; 1.25% chance of 11; 0.625% chance of 27; 0.3125% chance of 59; 0.3125% chance of 123,1% chance of 35; 99% chance of 6,"[0.8, 0.1, 0.05, 0.025, 0.0125, 0.00625, 0.003125, 0.003125]","[-1.0, -3.0, -1.0, 3.0, 11.0, 27.0, 59.0, 123.0]","[0.01, 0.99]","[35.0, 6.0]"
P025,31,A,0,problem5189,-7 for sure,95% chance of -10; 0.03906% chance of -11.5; 0.27344% chance of -10.5; 0.82031% chance of -9.5; 1.36719% chance of -8.5; 1.36719% chance of -7.5; 0.82031% chance of -6.5; 0.27344% chance of -5.5; 0.03906% chance of -4.5,[1.0],[-7.0],"[0.95, 0.00039059999999999995, 0.0027344, 0.0082031, 0.013671899999999999, 0.013671899999999999, 0.0082031, 0.0027344, 0.00039059999999999995]","[-10.0, -11.5, -10.5, -9.5, -8.5, -7.5, -6.5, -5.5, -4.5]"
P025,32,B,1,problem11325,-8 for sure,95% chance of -15; 0.625% chance of -2.5; 1.875% chance of -1.5; 1.875% chance of -0.5; 0.625% chance of 0.5,[1.0],[-8.0],"[0.95, 0.00625, 0.01875, 0.01875, 0.00625]","[-15.0, -2.5, -1.5, -0.5, 0.5]"
P025,33,B,1,problem10144,95% chance of 19; 5% chance of 46,27 for sure,"[0.95, 0.05]","[19.0, 46.0]",[1.0],[27.0]
P025,34,A,0,problem13581,1% chance of 30; 99% chance of 11,95% chance of 4; 5% chance of 100,"[0.01, 0.99]","[30.0, 11.0]","[0.95, 0.05]","[4.0, 100.0]"
P025,35,A,0,problem6385,9 for sure,1% chance of 7; 99% chance of 8,[1.0],[9.0],"[0.01, 0.99]","[7.0, 8.0]"
P025,36,B,1,problem5332,40% chance of -8; 1.875% chance of 32.5; 9.375% chance of 33.5; 18.75% chance of 34.5; 18.75% chance of 35.5; 9.375% chance of 36.5; 1.875% chance of 37.5,13 for sure,"[0.4, 0.01875, 0.09375, 0.1875, 0.1875, 0.09375, 0.01875]","[-8.0, 32.5, 33.5, 34.5, 35.5, 36.5, 37.5]",[1.0],[13.0]
P025,37,B,1,problem5377,40% chance of -23; 60% chance of -8,-1 for sure,"[0.4, 0.6]","[-23.0, -8.0]",[1.0],[-1.0]
P025,38,A,0,problem14275,-9 for sure,1% chance of -11; 99% chance of -7,[1.0],[-9.0],"[0.01, 0.99]","[-11.0, -7.0]"
P025,39,B,1,problem7517,25% chance of -11; 37.5% chance of 51; 18.75% chance of 49; 9.375% chance of 45; 4.6875% chance of 37; 2.34375% chance of 21; 2.34375% chance of -11,5% chance of 46; 95% chance of 29,"[0.25, 0.375, 0.1875, 0.09375, 0.046875, 0.0234375, 0.0234375]","[-11.0, 51.0, 49.0, 45.0, 37.0, 21.0, -11.0]","[0.05, 0.95]","[46.0, 29.0]"
P025,40,A,0,problem1611,0 for sure,40% chance of 0; 60% chance of 7,[1.0],[0.0],"[0.4, 0.6]","[0.0, 7.0]"
P026,1,A,0,problem5369,23 for sure,99% chance of 18; 0.5% chance of 30; 0.25% chance of 28; 0.125% chance of 24; 0.125% chance of 16,[1.0],[23.0],"[0.99, 0.005, 0.0025, 0.00125, 0.00125]","[18.0, 30.0, 28.0, 24.0, 16.0]"
P026,2,B,1,problem6784,17 for sure,80% chance of 7; 10% chance of 41.5; 10% chance of 42.5,[1.0],[17.0],"[0.8, 0.1, 0.1]","[7.0, 41.5, 42.5]"
P026,3,A,0,problem5254,6 for sure,95% chance of -2; 0.15625% chance of 80.5; 0.78125% chance of 81.5; 1.5625% chance of 82.5; 1.5625% chance of 83.5; 0.78125% chance of 84.5; 0.15625% chance of 85.5,[1.0],[6.0],"[0.95, 0.0015625, 0.0078125, 0.015625, 0.015625, 0.0078125, 0.0015625]","[-2.0, 80.5, 81.5, 82.5, 83.5, 84.5, 85.5]"
P026,4,A,0,problem9614,19 for sure,90% chance of 11; 10% chance of 13,[1.0],[19.0],"[0.9, 0.1]","[11.0, 13.0]"
P026,5,A,0,problem13408,15 for sure,99% chance of 16; 0.00781% chance of 27.5; 0.05469% chance of 28.5; 0.16406% chance of 29.5; 0.27344% chance of 30.5; 0.27344% chance of 31.5; 0.16406% chance of 32.5; 0.05469% chance of 33.5; 0.00781% chance of 34.5,[1.0],[15.0],"[0.99, 7.81e-05, 0.0005469, 0.0016406, 0.0027344, 0.0027344, 0.0016406, 0.0005469, 7.81e-05]","[16.0, 27.5, 28.5, 29.5, 30.5, 31.5, 32.5, 33.5, 34.5]"
P026,6,B,1,problem9726,24 for sure,50% chance of -7; 50% chance of 44,[1.0],[24.0],"[0.5, 0.5]","[-7.0, 44.0]"
P026,7,A,0,problem4983,1% chance of 30; 99% chance of 28,75% chance of 24; 3.125% chance of 37.5; 9.375% chance of 38.5; 9.375% chance of 39.5; 3.125% chance of 40.5,"[0.01, 0.99]","[30.0, 28.0]","[0.75, 0.03125, 0.09375, 0.09375, 0.03125]","[24.0, 37.5, 38.5, 39.5, 40.5]"
P026,8,A,0,problem1016,15 for sure,75% chance of 22; 12.5% chance of 45; 6.25% chance of 43; 3.125% chance of 39; 1.5625% chance of 31; 1.5625% chance of 15,[1.0],[15.0],"[0.75, 0.125, 0.0625, 0.03125, 0.015625, 0.015625]","[22.0, 45.0, 43.0, 39.0, 31.0, 15.0]"
P026,9,B,1,problem5506,10 for sure,20% chance of -9; 80% chance of 13,[1.0],[10.0],"[0.2, 0.8]","[-9.0, 13.0]"
P026,10,B,1,problem9836,10% chance of -14; 11.25% chance of -3.5; 33.75% chance of -2.5; 33.75% chance of -1.5; 11.25% chance of -0.5,50% chance of -2; 50% chance of -6,"[0.1, 0.1125, 0.3375, 0.3375, 0.1125]","[-14.0, -3.5, -2.5, -1.5, -0.5]","[0.5, 0.5]","[-2.0, -6.0]"
P026,11,B,1,problem11472,75% chance of -16; 25% chance of 40,3 for sure,"[0.75, 0.25]","[-16.0, 40.0]",[1.0],[3.0]
P026,12,A,0,problem4840,10 for sure,25% chance of 3; 75% chance of 7,[1.0],[10.0],"[0.25, 0.75]","[3.0, 7.0]"
P026,13,B,1,problem14321,99% chance of 7; 1% chance of 61,1 for sure,"[0.99, 0.01]","[7.0, 61.0]",[1.0],[1.0]
P026,14,B,1,problem8822,50% chance of -49; 50% chance of 37,0 for sure,"[0.5, 0.5]","[-49.0, 37.0]",[1.0],[0.0]
P026,15,A,0,problem3013,-10 for sure,80% chance of -25; 20% chance of 35,[1.0],[-10.0],"[0.8, 0.2]","[-25.0, 35.0]"
P026,16,A,0,problem7145,95% chance of 12; 5% chance of -8,1% chance of -10; 0.77344% chance of 15.5; 5.41406% chance of 16.5; 16.2422% chance of 17.5; 27.0703% chance of 18.5; 27.0703% chance of 19.5; 16.2422% chance of 20.5; 5.41406% chance of 21.5; 0.77344% chance of 22.5,"[0.95, 0.05]","[12.0, -8.0]","[0.01, 0.0077344, 0.054140600000000004, 0.1624219, 0.2707031, 0.2707031, 0.1624219, 0.054140600000000004, 0.0077344]","[-10.0, 15.5, 16.5, 17.5, 18.5, 19.5, 20.5, 21.5, 22.5]"
P026,17,B,1,problem7695,60% chance of -15; 20% chance of 74; 10% chance of 72; 5% chance of 68; 2.5% chance of 60; 2.5% chance of 44,23 for sure,"[0.6, 0.2, 0.1, 0.05, 0.025, 0.025]","[-15.0, 74.0, 72.0, 68.0, 60.0, 44.0]",[1.0],[23.0]
P026,18,B,1,problem10696,-3 for sure,60% chance of -9; 40% chance of -1,[1.0],[-3.0],"[0.6, 0.4]","[-9.0, -1.0]"
P026,19,A,0,problem14069,-7 for sure,0.78125% chance of -10.5; 5.46875% chance of -9.5; 16.4062% chance of -8.5; 27.3438% chance of -7.5; 27.3438% chance of -6.5; 16.4062% chance of -5.5; 5.46875% chance of -4.5; 0.78125% chance of -3.5,[1.0],[-7.0],"[0.0078125, 0.0546875, 0.1640625, 0.2734375, 0.2734375, 0.1640625, 0.0546875, 0.0078125]","[-10.5, -9.5, -8.5, -7.5, -6.5, -5.5, -4.5, -3.5]"
P026,20,A,0,problem4859,50% chance of 15; 50% chance of 29,20 for sure,"[0.5, 0.5]","[15.0, 29.0]",[1.0],[20.0]
P026,21,B,1,problem6355,60% chance of -6; 20% chance of 21.5; 20% chance of 22.5,1 for sure,"[0.6, 0.2, 0.2]","[-6.0, 21.5, 22.5]",[1.0],[1.0]
P026,22,B,1,problem4564,40% chance of -20; 30% chance of 62; 15% chance of 64; 7.5% chance of 68; 3.75% chance of 76; 3.75% chance of 92,29 for sure,"[0.4, 0.3, 0.15, 0.075, 0.0375, 0.0375]","[-20.0, 62.0, 64.0, 68.0, 76.0, 92.0]",[1.0],[29.0]
P026,23,B,1,problem10617,60% chance of -19; 40% chance of 59,19 for sure,"[0.6, 0.4]","[-19.0, 59.0]",[1.0],[19.0]
P026,24,A,0,problem6772,80% chance of 8; 20% chance of 10,75% chance of 14; 25% chance of -11,"[0.8, 0.2]","[8.0, 10.0]","[0.75, 0.25]","[14.0, -11.0]"
P026,25,A,0,problem11511,15 for sure,75% chance of 1; 25% chance of 50,[1.0],[15.0],"[0.75, 0.25]","[1.0, 50.0]"
P026,26,A,0,problem7815,20% chance of 30; 40% chance of 30; 40% chance of 32,10% chance of 65; 90% chance of 25,"[0.2, 0.4, 0.4]","[30.0, 30.0, 32.0]","[0.1, 0.9]","[65.0, 25.0]"
P026,27,B,1,problem3429,25% chance of -7; 37.5% chance of 25; 18.75% chance of 23; 9.375% chance of 19; 4.6875% chance of 11; 2.34375% chance of -5; 2.34375% chance of -37,18 for sure,"[0.25, 0.375, 0.1875, 0.09375, 0.046875, 0.0234375, 0.0234375]","[-7.0, 25.0, 23.0, 19.0, 11.0, -5.0, -37.0]",[1.0],[18.0]
P026,28,A,0,problem4826,50% chance of 6; 50% chance of 9,8 for sure,"[0.5, 0.5]","[6.0, 9.0]",[1.0],[8.0]
P026,29,A,0,problem2590,25% chance of 11; 2.34375% chance of 28.5; 11.7188% chance of 29.5; 23.4375% chance of 30.5; 23.4375% chance of 31.5; 11.7188% chance of 32.5; 2.34375% chance of 33.5,30 for sure,"[0.25, 0.0234375, 0.1171875, 0.234375, 0.234375, 0.1171875, 0.0234375]","[11.0, 28.5, 29.5, 30.5, 31.5, 32.5, 33.5]",[1.0],[30.0]
P026,30,A,0,problem7234,3 for sure,5% chance of -12; 95% chance of -3,[1.0],[3.0],"[0.05, 0.95]","[-12.0, -3.0]"
P026,31,B,1,problem6238,17 for sure,90% chance of 13; 10% chance of 61,[1.0],[17.0],"[0.9, 0.1]","[13.0, 61.0]"
P026,32,B,1,problem2250,28 for sure,90% chance of 29; 5% chance of 104; 5% chance of 102,[1.0],[28.0],"[0.9, 0.05, 0.05]","[29.0, 104.0, 102.0]"
P026,33,A,0,problem4637,99% chance of 26; 0.5% chance of 89; 0.25% chance of 87; 0.125% chance of 83; 0.0625% chance of 75; 0.0625% chance of 59,95% chance of 22; 5% chance of 7,"[0.99, 0.005, 0.0025, 0.00125, 0.000625, 0.000625]","[26.0, 89.0, 87.0, 83.0, 75.0, 59.0]","[0.95, 0.05]","[22.0, 7.0]"
P026,34,B,1,problem4553,20 for sure,50% chance of 10; 6.25% chance of 27.5; 18.75% chance of 28.5; 18.75% chance of 29.5; 6.25% chance of 30.5,[1.0],[20.0],"[0.5, 0.0625, 0.1875, 0.1875, 0.0625]","[10.0, 27.5, 28.5, 29.5, 30.5]"
P026,35,B,1,problem5499,50% chance of -21; 50% chance of 13,1 for sure,"[0.5, 0.5]","[-21.0, 13.0]",[1.0],[1.0]
P026,36,A,0,problem4293,50% chance of -39; 1.5625% chance of 54.5; 7.8125% chance of 55.5; 15.625% chance of 56.5; 15.625% chance of 57.5; 7.8125% chance of 58.5; 1.5625% chance of 59.5,18 for sure,"[0.5, 0.015625, 0.078125, 0.15625, 0.15625, 0.078125, 0.015625]","[-39.0, 54.5, 55.5, 56.5, 57.5, 58.5, 59.5]",[1.0],[18.0]
P026,37,A,0,problem13775,-10 for sure,99% chance of -17; 1% chance of 17,[1.0],[-10.0],"[0.99, 0.01]","[-17.0, 17.0]"
P026,38,A,0,problem5761,17 for sure,99% chance of 24; 0.00781% chance of 47.5; 0.05469% chance of 48.5; 0.16406% chance of 49.5; 0.27344% chance of 50.5; 0.27344% chance of 51.5; 0.16406% chance of 52.5; 0.05469% chance of 53.5; 0.00781% chance of 54.5,[1.0],[17.0],"[0.99, 7.81e-05, 0.0005469, 0.0016406, 0.0027344, 0.0027344, 0.0016406, 0.0005469, 7.81e-05]","[24.0, 47.5, 48.5, 49.5, 50.5, 51.5, 52.5, 53.5, 54.5]"
P026,39,A,0,problem6614,95% chance of -5; 5% chance of -17,60% chance of -37; 40% chance of 38,"[0.95, 0.05]","[-5.0, -17.0]","[0.6, 0.4]","[-37.0, 38.0]"
P026,40,B,1,problem4825,25% chance of 3; 75% chance of 28,75% chance of 29; 25% chance of 10,"[0.25, 0.75]","[3.0, 28.0]","[0.75, 0.25]","[29.0, 10.0]"
P027,1,A,0,problem14001,-6 for sure,20% chance of -18; 80% chance of -6,[1.0],[-6.0],"[0.2, 0.8]","[-18.0, -6.0]"
P027,2,B,1,problem3039,75% chance of 10; 25% chance of -38,12.5% chance of -3.5; 37.5% chance of -2.5; 37.5% chance of -1.5; 12.5% chance of -0.5,"[0.75, 0.25]","[10.0, -38.0]","[0.125, 0.375, 0.375, 0.125]","[-3.5, -2.5, -1.5, -0.5]"
P027,3,A,0,problem11319,10 for sure,95% chance of 1; 5% chance of 37,[1.0],[10.0],"[0.95, 0.05]","[1.0, 37.0]"
P027,4,A,0,problem11176,-3 for sure,40% chance of -28; 7.5% chance of 1.5; 22.5% chance of 2.5; 22.5% chance of 3.5; 7.5% chance of 4.5,[1.0],[-3.0],"[0.4, 0.075, 0.225, 0.225, 0.075]","[-28.0, 1.5, 2.5, 3.5, 4.5]"
P027,5,B,1,problem812,-10 for sure,60% chance of -44; 40% chance of 40,[1.0],[-10.0],"[0.6, 0.4]","[-44.0, 40.0]"
P027,6,B,1,problem3999,50% chance of 5; 50% chance of -13,40% chance of -46; 60% chance of 15,"[0.5, 0.5]","[5.0, -13.0]","[0.4, 0.6]","[-46.0, 15.0]"
P027,7,B,1,problem10743,40% chance of -1; 30% chance of 16; 15% chance of 14; 7.5% chance of 10; 3.75% chance of 2; 3.75% chance of -14,3 for sure,"[0.4, 0.3, 0.15, 0.075, 0.0375, 0.0375]","[-1.0, 16.0, 14.0, 10.0, 2.0, -14.0]",[1.0],[3.0]
P027,8,A,0,problem11545,26 for sure,1% chance of 16; 3.09375% chance of 31.5; 15.4688% chance of 32.5; 30.9375% chance of 33.5; 30.9375% chance of 34.5; 15.4688% chance of 35.5; 3.09375% chance of 36.5,[1.0],[26.0],"[0.01, 0.0309375, 0.1546875, 0.309375, 0.309375, 0.1546875, 0.0309375]","[16.0, 31.5, 32.5, 33.5, 34.5, 35.5, 36.5]"
P027,9,B,1,problem3734,95% chance of 18; 2.5% chance of 18.5; 2.5% chance of 19.5,26 for sure,"[0.95, 0.025, 0.025]","[18.0, 18.5, 19.5]",[1.0],[26.0]
P027,10,A,0,problem11759,5% chance of 53; 95% chance of 21,40% chance of 26; 60% chance of 28,"[0.05, 0.95]","[53.0, 21.0]","[0.4, 0.6]","[26.0, 28.0]"
P027,11,B,1,problem2652,40% chance of -26; 60% chance of 16,75% chance of 23; 25% chance of -32,"[0.4, 0.6]","[-26.0, 16.0]","[0.75, 0.25]","[23.0, -32.0]"
P027,12,A,0,problem6438,10% chance of -38; 45% chance of 37.5; 45% chance of 38.5,30 for sure,"[0.1, 0.45, 0.45]","[-38.0, 37.5, 38.5]",[1.0],[30.0]
P027,13,B,1,problem5883,25 for sure,40% chance of 17; 60% chance of 30,[1.0],[25.0],"[0.4, 0.6]","[17.0, 30.0]"
P027,14,A,0,problem13193,7 for sure,90% chance of -4; 1.25% chance of 0.5; 3.75% chance of 1.5; 3.75% chance of 2.5; 1.25% chance of 3.5,[1.0],[7.0],"[0.9, 0.0125, 0.0375, 0.0375, 0.0125]","[-4.0, 0.5, 1.5, 2.5, 3.5]"
P027,15,B,1,problem2065,-8 for sure,10% chance of -25; 90% chance of 6,[1.0],[-8.0],"[0.1, 0.9]","[-25.0, 6.0]"
P027,16,A,0,problem12706,40% chance of 28; 60% chance of -10,80% chance of -19; 2.5% chance of 70.5; 7.5% chance of 71.5; 7.5% chance of 72.5; 2.5% chance of 73.5,"[0.4, 0.6]","[28.0, -10.0]","[0.8, 0.025, 0.075, 0.075, 0.025]","[-19.0, 70.5, 71.5, 72.5, 73.5]"
P027,17,B,1,problem10144,95% chance of 19; 5% chance of 46,27 for sure,"[0.95, 0.05]","[19.0, 46.0]",[1.0],[27.0]
P027,18,B,1,problem6994,90% chance of 0; 10% chance of -2,60% chance of -41; 40% chance of 76,"[0.9, 0.1]","[0.0, -2.0]","[0.6, 0.4]","[-41.0, 76.0]"
P027,19,B,1,problem6874,0 for sure,90% chance of -2; 10% chance of 64,[1.0],[0.0],"[0.9, 0.1]","[-2.0, 64.0]"
P027,20,B,1,problem561,99% chance of -1; 1% chance of -26,1% chance of -15; 49.5% chance of 7; 24.75% chance of 5; 12.375% chance of 1; 12.375% chance of -7,"[0.99, 0.01]","[-1.0, -26.0]","[0.01, 0.495, 0.2475, 0.12375, 0.12375]","[-15.0, 7.0, 5.0, 1.0, -7.0]"
P027,21,A,0,problem10296,25% chance of 11; 75% chance of 26,25% chance of 66; 75% chance of -9,"[0.25, 0.75]","[11.0, 26.0]","[0.25, 0.75]","[66.0, -9.0]"
P027,22,B,1,problem13681,10% chance of 36; 90% chance of 26,60% chance of 15; 40% chance of 54,"[0.1, 0.9]","[36.0, 26.0]","[0.6, 0.4]","[15.0, 54.0]"
P027,23,B,1,problem12649,-5 for sure,90% chance of -2; 10% chance of 14,[1.0],[-5.0],"[0.9, 0.1]","[-2.0, 14.0]"
P027,24,A,0,problem9600,40% chance of 23; 60% chance of -4,50% chance of -29; 50% chance of 42,"[0.4, 0.6]","[23.0, -4.0]","[0.5, 0.5]","[-29.0, 42.0]"
P027,25,B,1,problem7484,75% chance of -11; 3.125% chance of -9.5; 9.375% chance of -8.5; 9.375% chance of -7.5; 3.125% chance of -6.5,-7 for sure,"[0.75, 0.03125, 0.09375, 0.09375, 0.03125]","[-11.0, -9.5, -8.5, -7.5, -6.5]",[1.0],[-7.0]
P027,26,B,1,problem4415,90% chance of 10; 10% chance of -10,60% chance of -24; 20% chance of 66; 10% chance of 64; 5% chance of 60; 5% chance of 52,"[0.9, 0.1]","[10.0, -10.0]","[0.6, 0.2, 0.1, 0.05, 0.05]","[-24.0, 66.0, 64.0, 60.0, 52.0]"
P027,27,B,1,problem8168,75% chance of 13; 12.5% chance of 16; 6.25% chance of 18; 3.125% chance of 22; 3.125% chance of 30,19 for sure,"[0.75, 0.125, 0.0625, 0.03125, 0.03125]","[13.0, 16.0, 18.0, 22.0, 30.0]",[1.0],[19.0]
P027,28,B,1,problem11505,19 for sure,90% chance of 19; 10% chance of 29,[1.0],[19.0],"[0.9, 0.1]","[19.0, 29.0]"
P027,29,A,0,problem652,80% chance of 25; 20% chance of -10,18 for sure,"[0.8, 0.2]","[25.0, -10.0]",[1.0],[18.0]
P027,30,B,1,problem970,1% chance of -27; 49.5% chance of -3; 24.75% chance of -5; 12.375% chance of -9; 12.375% chance of -17,90% chance of 0; 10% chance of -38,"[0.01, 0.495, 0.2475, 0.12375, 0.12375]","[-27.0, -3.0, -5.0, -9.0, -17.0]","[0.9, 0.1]","[0.0, -38.0]"
P027,31,B,1,problem10173,24 for sure,5% chance of 22; 0.74219% chance of 23.5; 5.19531% chance of 24.5; 15.5859% chance of 25.5; 25.9766% chance of 26.5; 25.9766% chance of 27.5; 15.5859% chance of 28.5; 5.19531% chance of 29.5; 0.74219% chance of 30.5,[1.0],[24.0],"[0.05, 0.0074219, 0.0519531, 0.1558594, 0.2597656, 0.2597656, 0.1558594, 0.0519531, 0.0074219]","[22.0, 23.5, 24.5, 25.5, 26.5, 27.5, 28.5, 29.5, 30.5]"
P027,32,B,1,problem8311,99% chance of -14; 0.03125% chance of 79.5; 0.15625% chance of 80.5; 0.3125% chance of 81.5; 0.3125% chance of 82.5; 0.15625% chance of 83.5; 0.03125% chance of 84.5,-7 for sure,"[0.99, 0.0003125, 0.0015625, 0.003125, 0.003125, 0.0015625, 0.0003125]","[-14.0, 79.5, 80.5, 81.5, 82.5, 83.5, 84.5]",[1.0],[-7.0]
P027,33,A,0,problem7968,1% chance of 41; 99% chance of 18,25% chance of -18; 75% chance of 36,"[0.01, 0.99]","[41.0, 18.0]","[0.25, 0.75]","[-18.0, 36.0]"
P027,34,A,0,problem13002,30 for sure,80% chance of 19; 2.5% chance of 87.5; 7.5% chance of 88.5; 7.5% chance of 89.5; 2.5% chance of 90.5,[1.0],[30.0],"[0.8, 0.025, 0.075, 0.075, 0.025]","[19.0, 87.5, 88.5, 89.5, 90.5]"
P027,35,B,1,problem8541,21 for sure,20% chance of 8; 2.5% chance of 26.5; 12.5% chance of 27.5; 25% chance of 28.5; 25% chance of 29.5; 12.5% chance of 30.5; 2.5% chance of 31.5,[1.0],[21.0],"[0.2, 0.025, 0.125, 0.25, 0.25, 0.125, 0.025]","[8.0, 26.5, 27.5, 28.5, 29.5, 30.5, 31.5]"
P027,36,B,1,problem4787,30 for sure,60% chance of -5; 0.3125% chance of 83.5; 2.1875% chance of 84.5; 6.5625% chance of 85.5; 10.9375% chance of 86.5; 10.9375% chance of 87.5; 6.5625% chance of 88.5; 2.1875% chance of 89.5; 0.3125% chance of 90.5,[1.0],[30.0],"[0.6, 0.003125, 0.021875, 0.065625, 0.109375, 0.109375, 0.065625, 0.021875, 0.003125]","[-5.0, 83.5, 84.5, 85.5, 86.5, 87.5, 88.5, 89.5, 90.5]"
P027,37,A,0,problem3970,60% chance of -1; 0.3125% chance of 57.5; 2.1875% chance of 58.5; 6.5625% chance of 59.5; 10.9375% chance of 60.5; 10.9375% chance of 61.5; 6.5625% chance of 62.5; 2.1875% chance of 63.5; 0.3125% chance of 64.5,25% chance of 44; 75% chance of 19,"[0.6, 0.003125, 0.021875, 0.065625, 0.109375, 0.109375, 0.065625, 0.021875, 0.003125]","[-1.0, 57.5, 58.5, 59.5, 60.5, 61.5, 62.5, 63.5, 64.5]","[0.25, 0.75]","[44.0, 19.0]"
P027,38,A,0,problem14045,90% chance of 6; 10% chance of 24,3 for sure,"[0.9, 0.1]","[6.0, 24.0]",[1.0],[3.0]
P027,39,A,0,problem266,12 for sure,10% chance of 0; 90% chance of 3,[1.0],[12.0],"[0.1, 0.9]","[0.0, 3.0]"
P027,40,A,0,problem3094,25% chance of -21; 37.5% chance of 45; 18.75% chance of 43; 9.375% chance of 39; 9.375% chance of 31,23 for sure,"[0.25, 0.375, 0.1875, 0.09375, 0.09375]","[-21.0, 45.0, 43.0, 39.0, 31.0]",[1.0],[23.0]
P028,1,B,1,problem7880,1 for sure,75% chance of -13; 3.125% chance of 23.5; 9.375% chance of 24.5; 9.375% chance of 25.5; 3.125% chance of 26.5,[1.0],[1.0],"[0.75, 0.03125, 0.09375, 0.09375, 0.03125]","[-13.0, 23.5, 24.5, 25.5, 26.5]"
P028,2,B,1,problem10137,80% chance of -5; 20% chance of 27,20% chance of 47; 80% chance of -9,"[0.8, 0.2]","[-5.0, 27.0]","[0.2, 0.8]","[47.0, -9.0]"
P028,3,A,0,problem1790,40% chance of 43; 60% chance of 3,50% chance of -8; 50% chance of 26,"[0.4, 0.6]","[43.0, 3.0]","[0.5, 0.5]","[-8.0, 26.0]"
P028,4,A,0,problem2134,19 for sure,90% chance of 26; 10% chance of -44,[1.0],[19.0],"[0.9, 0.1]","[26.0, -44.0]"
P028,5,A,0,problem12169,20% chance of -35; 2.5% chance of -7.5; 12.5% chance of -6.5; 25% chance of -5.5; 25% chance of -4.5; 12.5% chance of -3.5; 2.5% chance of -2.5,10% chance of 1; 90% chance of -5,"[0.2, 0.025, 0.125, 0.25, 0.25, 0.125, 0.025]","[-35.0, -7.5, -6.5, -5.5, -4.5, -3.5, -2.5]","[0.1, 0.9]","[1.0, -5.0]"
P028,6,B,1,problem1077,17 for sure,20% chance of -39; 2.5% chance of 22.5; 12.5% chance of 23.5; 25% chance of 24.5; 25% chance of 25.5; 12.5% chance of 26.5; 2.5% chance of 27.5,[1.0],[17.0],"[0.2, 0.025, 0.125, 0.25, 0.25, 0.125, 0.025]","[-39.0, 22.5, 23.5, 24.5, 25.5, 26.5, 27.5]"
P028,7,A,0,problem7937,95% chance of 14; 5% chance of 11,40% chance of -15; 60% chance of 24,"[0.95, 0.05]","[14.0, 11.0]","[0.4, 0.6]","[-15.0, 24.0]"
P028,8,B,1,problem6117,80% chance of 16; 20% chance of -23,75% chance of -16; 0.19531% chance of 77.5; 1.36719% chance of 78.5; 4.10156% chance of 79.5; 6.83594% chance of 80.5; 6.83594% chance of 81.5; 4.10156% chance of 82.5; 1.36719% chance of 83.5; 0.19531% chance of 84.5,"[0.8, 0.2]","[16.0, -23.0]","[0.75, 0.0019531000000000001, 0.013671899999999999, 0.0410156, 0.0683594, 0.0683594, 0.0410156, 0.013671899999999999, 0.0019531000000000001]","[-16.0, 77.5, 78.5, 79.5, 80.5, 81.5, 82.5, 83.5, 84.5]"
P028,9,A,0,problem5089,90% chance of -9; 5% chance of 48; 2.5% chance of 46; 2.5% chance of 42,-5 for sure,"[0.9, 0.05, 0.025, 0.025]","[-9.0, 48.0, 46.0, 42.0]",[1.0],[-5.0]
P028,10,A,0,problem11843,3 for sure,25% chance of 4; 37.5% chance of 0; 18.75% chance of 2; 9.375% chance of 6; 4.6875% chance of 14; 2.34375% chance of 30; 2.34375% chance of 62,[1.0],[3.0],"[0.25, 0.375, 0.1875, 0.09375, 0.046875, 0.0234375, 0.0234375]","[4.0, 0.0, 2.0, 6.0, 14.0, 30.0, 62.0]"
P028,11,B,1,problem10537,27 for sure,10% chance of 12; 90% chance of 29,[1.0],[27.0],"[0.1, 0.9]","[12.0, 29.0]"
P028,12,B,1,problem12331,50% chance of 16; 6.25% chance of 33.5; 18.75% chance of 34.5; 18.75% chance of 35.5; 6.25% chance of 36.5,27 for sure,"[0.5, 0.0625, 0.1875, 0.1875, 0.0625]","[16.0, 33.5, 34.5, 35.5, 36.5]",[1.0],[27.0]
P028,13,A,0,problem8287,5% chance of 98; 95% chance of -15,90% chance of -20; 5% chance of 55; 2.5% chance of 53; 2.5% chance of 49,"[0.05, 0.95]","[98.0, -15.0]","[0.9, 0.05, 0.025, 0.025]","[-20.0, 55.0, 53.0, 49.0]"
P028,14,B,1,problem10958,40% chance of -23; 30% chance of 30; 15% chance of 32; 7.5% chance of 36; 7.5% chance of 44,8 for sure,"[0.4, 0.3, 0.15, 0.075, 0.075]","[-23.0, 30.0, 32.0, 36.0, 44.0]",[1.0],[8.0]
P028,15,B,1,problem6003,20% chance of 41; 80% chance of 25,80% chance of 18; 20% chance of 63,"[0.2, 0.8]","[41.0, 25.0]","[0.8, 0.2]","[18.0, 63.0]"
P028,16,B,1,problem9373,50% chance of -33; 50% chance of 46,40% chance of 46; 60% chance of -21,"[0.5, 0.5]","[-33.0, 46.0]","[0.4, 0.6]","[46.0, -21.0]"
P028,17,B,1,problem13374,-9 for sure,5% chance of -18; 95% chance of -14,[1.0],[-9.0],"[0.05, 0.95]","[-18.0, -14.0]"
P028,18,A,0,problem2030,1% chance of -13; 99% chance of 22,22 for sure,"[0.01, 0.99]","[-13.0, 22.0]",[1.0],[22.0]
P028,19,B,1,problem4578,6 for sure,10% chance of -3; 90% chance of 10,[1.0],[6.0],"[0.1, 0.9]","[-3.0, 10.0]"
P028,20,A,0,problem469,4 for sure,40% chance of -31; 60% chance of 24,[1.0],[4.0],"[0.4, 0.6]","[-31.0, 24.0]"
P028,21,B,1,problem12453,95% chance of 2; 5% chance of 16,5% chance of 38; 95% chance of 7,"[0.95, 0.05]","[2.0, 16.0]","[0.05, 0.95]","[38.0, 7.0]"
P028,22,A,0,problem9970,60% chance of -32; 20% chance of 33.5; 20% chance of 34.5,-3 for sure,"[0.6, 0.2, 0.2]","[-32.0, 33.5, 34.5]",[1.0],[-3.0]
P028,23,B,1,problem10730,40% chance of 89; 60% chance of -16,60% chance of -25; 40% chance of 93,"[0.4, 0.6]","[89.0, -16.0]","[0.6, 0.4]","[-25.0, 93.0]"
P028,24,A,0,problem1368,99% chance of -5; 1% chance of -10,75% chance of -36; 12.5% chance of 42; 12.5% chance of 44,"[0.99, 0.01]","[-5.0, -10.0]","[0.75, 0.125, 0.125]","[-36.0, 42.0, 44.0]"
P028,25,B,1,problem12608,1 for sure,60% chance of -3; 40% chance of 18,[1.0],[1.0],"[0.6, 0.4]","[-3.0, 18.0]"
P028,26,A,0,problem11750,60% chance of 27; 40% chance of 32,21 for sure,"[0.6, 0.4]","[27.0, 32.0]",[1.0],[21.0]
P028,27,B,1,problem2896,30 for sure,20% chance of 13; 80% chance of 32,[1.0],[30.0],"[0.2, 0.8]","[13.0, 32.0]"
P028,28,A,0,problem5840,90% chance of -1; 10% chance of 109,12 for sure,"[0.9, 0.1]","[-1.0, 109.0]",[1.0],[12.0]
P028,29,B,1,problem4705,22 for sure,25% chance of 12; 2.34375% chance of 17.5; 11.7188% chance of 18.5; 23.4375% chance of 19.5; 23.4375% chance of 20.5; 11.7188% chance of 21.5; 2.34375% chance of 22.5,[1.0],[22.0],"[0.25, 0.0234375, 0.1171875, 0.234375, 0.234375, 0.1171875, 0.0234375]","[12.0, 17.5, 18.5, 19.5, 20.5, 21.5, 22.5]"
P028,30,A,0,problem2590,25% chance of 11; 2.34375% chance of 28.5; 11.7188% chance of 29.5; 23.4375% chance of 30.5; 23.4375% chance of 31.5; 11.7188% chance of 32.5; 2.34375% chance of 33.5,30 for sure,"[0.25, 0.0234375, 0.1171875, 0.234375, 0.234375, 0.1171875, 0.0234375]","[11.0, 28.5, 29.5, 30.5, 31.5, 32.5, 33.5]",[1.0],[30.0]
P028,31,A,0,problem11654,14 for sure,75% chance of -6; 25% chance of 103,[1.0],[14.0],"[0.75, 0.25]","[-6.0, 103.0]"
P028,32,A,0,problem5409,60% chance of -15; 20% chance of 8; 10% chance of 10; 5% chance of 14; 2.5% chance of 22; 2.5% chance of 38,1% chance of 73; 99% chance of -8,"[0.6, 0.2, 0.1, 0.05, 0.025, 0.025]","[-15.0, 8.0, 10.0, 14.0, 22.0, 38.0]","[0.01, 0.99]","[73.0, -8.0]"
P028,33,A,0,problem6119,25% chance of 100; 75% chance of -9,50% chance of 3; 1.5625% chance of 37.5; 7.8125% chance of 38.5; 15.625% chance of 39.5; 15.625% chance of 40.5; 7.8125% chance of 41.5; 1.5625% chance of 42.5,"[0.25, 0.75]","[100.0, -9.0]","[0.5, 0.015625, 0.078125, 0.15625, 0.15625, 0.078125, 0.015625]","[3.0, 37.5, 38.5, 39.5, 40.5, 41.5, 42.5]"
P028,34,A,0,problem751,40% chance of -24; 60% chance of 25,0 for sure,"[0.4, 0.6]","[-24.0, 25.0]",[1.0],[0.0]
P028,35,B,1,problem13435,75% chance of -1; 12.5% chance of 36.5; 12.5% chance of 37.5,16 for sure,"[0.75, 0.125, 0.125]","[-1.0, 36.5, 37.5]",[1.0],[16.0]
P028,36,B,1,problem11618,60% chance of 15; 40% chance of 48,26 for sure,"[0.6, 0.4]","[15.0, 48.0]",[1.0],[26.0]
P028,37,B,1,problem4575,40% chance of 9; 60% chance of 20,16 for sure,"[0.4, 0.6]","[9.0, 20.0]",[1.0],[16.0]
P028,38,A,0,problem8596,-4 for sure,80% chance of -13; 20% chance of 57,[1.0],[-4.0],"[0.8, 0.2]","[-13.0, 57.0]"
P028,39,A,0,problem10122,5% chance of -40; 95% chance of 18,40% chance of 45; 60% chance of -22,"[0.05, 0.95]","[-40.0, 18.0]","[0.4, 0.6]","[45.0, -22.0]"
P028,40,B,1,problem409,4 for sure,40% chance of 7; 60% chance of 16,[1.0],[4.0],"[0.4, 0.6]","[7.0, 16.0]"
P029,1,A,0,problem11200,25% chance of -26; 75% chance of 49,18 for sure,"[0.25, 0.75]","[-26.0, 49.0]",[1.0],[18.0]
P029,2,A,0,problem10733,95% chance of 8; 5% chance of 79,5 for sure,"[0.95, 0.05]","[8.0, 79.0]",[1.0],[5.0]
P029,3,A,0,problem8317,40% chance of 28; 60% chance of 10,20% chance of 0; 80% chance of 24,"[0.4, 0.6]","[28.0, 10.0]","[0.2, 0.8]","[0.0, 24.0]"
P029,4,A,0,problem7529,80% chance of -2; 10% chance of 12; 5% chance of 10; 2.5% chance of 6; 1.25% chance of -2; 1.25% chance of -18,-3 for sure,"[0.8, 0.1, 0.05, 0.025, 0.0125, 0.0125]","[-2.0, 12.0, 10.0, 6.0, -2.0, -18.0]",[1.0],[-3.0]
P029,5,B,1,problem8222,80% chance of -12; 0.15625% chance of 81.5; 1.09375% chance of 82.5; 3.28125% chance of 83.5; 5.46875% chance of 84.5; 5.46875% chance of 85.5; 3.28125% chance of 86.5; 1.09375% chance of 87.5; 0.15625% chance of 88.5,8 for sure,"[0.8, 0.0015625, 0.0109375, 0.0328125, 0.0546875, 0.0546875, 0.0328125, 0.0109375, 0.0015625]","[-12.0, 81.5, 82.5, 83.5, 84.5, 85.5, 86.5, 87.5, 88.5]",[1.0],[8.0]
P029,6,B,1,problem4789,10% chance of 17; 90% chance of 7,60% chance of -23; 20% chance of 77; 10% chance of 75; 5% chance of 71; 2.5% chance of 63; 1.25% chance of 47; 1.25% chance of 15,"[0.1, 0.9]","[17.0, 7.0]","[0.6, 0.2, 0.1, 0.05, 0.025, 0.0125, 0.0125]","[-23.0, 77.0, 75.0, 71.0, 63.0, 47.0, 15.0]"
P029,7,A,0,problem10587,5 for sure,60% chance of -31; 1.25% chance of 70.5; 6.25% chance of 71.5; 12.5% chance of 72.5; 12.5% chance of 73.5; 6.25% chance of 74.5; 1.25% chance of 75.5,[1.0],[5.0],"[0.6, 0.0125, 0.0625, 0.125, 0.125, 0.0625, 0.0125]","[-31.0, 70.5, 71.5, 72.5, 73.5, 74.5, 75.5]"
P029,8,A,0,problem5433,12 for sure,40% chance of -31; 60% chance of 32,[1.0],[12.0],"[0.4, 0.6]","[-31.0, 32.0]"
P029,9,B,1,problem7732,26 for sure,90% chance of 20; 5% chance of 89.5; 5% chance of 90.5,[1.0],[26.0],"[0.9, 0.05, 0.05]","[20.0, 89.5, 90.5]"
P029,10,A,0,problem1868,20 for sure,99% chance of 20; 1% chance of 5,[1.0],[20.0],"[0.99, 0.01]","[20.0, 5.0]"
P029,11,B,1,problem3021,-10 for sure,75% chance of -12; 12.5% chance of 26; 6.25% chance of 24; 6.25% chance of 20,[1.0],[-10.0],"[0.75, 0.125, 0.0625, 0.0625]","[-12.0, 26.0, 24.0, 20.0]"
P029,12,A,0,problem4410,95% chance of 34; 5% chance of 37,80% chance of 34; 20% chance of 6,"[0.95, 0.05]","[34.0, 37.0]","[0.8, 0.2]","[34.0, 6.0]"
P029,13,A,0,problem7014,-2 for sure,60% chance of -10; 20% chance of -6; 10% chance of -4; 5% chance of 0; 2.5% chance of 8; 1.25% chance of 24; 0.625% chance of 56; 0.625% chance of 120,[1.0],[-2.0],"[0.6, 0.2, 0.1, 0.05, 0.025, 0.0125, 0.00625, 0.00625]","[-10.0, -6.0, -4.0, 0.0, 8.0, 24.0, 56.0, 120.0]"
P029,14,B,1,problem5023,60% chance of 21; 40% chance of -17,40% chance of -6; 60% chance of 31,"[0.6, 0.4]","[21.0, -17.0]","[0.4, 0.6]","[-6.0, 31.0]"
P029,15,A,0,problem3670,40% chance of -49; 30% chance of 51; 15% chance of 53; 15% chance of 57,50% chance of 45; 50% chance of -25,"[0.4, 0.3, 0.15, 0.15]","[-49.0, 51.0, 53.0, 57.0]","[0.5, 0.5]","[45.0, -25.0]"
P029,16,B,1,problem8909,6 for sure,5% chance of 19; 95% chance of 5,[1.0],[6.0],"[0.05, 0.95]","[19.0, 5.0]"
P029,17,A,0,problem13756,24 for sure,75% chance of 10; 25% chance of 53,[1.0],[24.0],"[0.75, 0.25]","[10.0, 53.0]"
P029,18,B,1,problem11271,24 for sure,50% chance of -16; 25% chance of 62.5; 25% chance of 63.5,[1.0],[24.0],"[0.5, 0.25, 0.25]","[-16.0, 62.5, 63.5]"
P029,19,A,0,problem514,25% chance of 17; 0.58594% chance of 25.5; 4.10156% chance of 26.5; 12.3047% chance of 27.5; 20.5078% chance of 28.5; 20.5078% chance of 29.5; 12.3047% chance of 30.5; 4.10156% chance of 31.5; 0.58594% chance of 32.5,25 for sure,"[0.25, 0.0058594, 0.0410156, 0.12304690000000001, 0.20507809999999999, 0.20507809999999999, 0.12304690000000001, 0.0410156, 0.0058594]","[17.0, 25.5, 26.5, 27.5, 28.5, 29.5, 30.5, 31.5, 32.5]",[1.0],[25.0]
P029,20,A,0,problem11787,-6 for sure,60% chance of -38; 40% chance of 35,[1.0],[-6.0],"[0.6, 0.4]","[-38.0, 35.0]"
P029,21,B,1,problem9723,75% chance of -9; 3.125% chance of 43.5; 9.375% chance of 44.5; 9.375% chance of 45.5; 3.125% chance of 46.5,75% chance of 13; 25% chance of -12,"[0.75, 0.03125, 0.09375, 0.09375, 0.03125]","[-9.0, 43.5, 44.5, 45.5, 46.5]","[0.75, 0.25]","[13.0, -12.0]"
P029,22,B,1,problem2190,20% chance of 41; 80% chance of -14,80% chance of -11; 20% chance of 21,"[0.2, 0.8]","[41.0, -14.0]","[0.8, 0.2]","[-11.0, 21.0]"
P029,23,B,1,problem686,50% chance of -42; 50% chance of 13,-7 for sure,"[0.5, 0.5]","[-42.0, 13.0]",[1.0],[-7.0]
P029,24,A,0,problem1581,-8 for sure,50% chance of -45; 1.5625% chance of 38.5; 7.8125% chance of 39.5; 15.625% chance of 40.5; 15.625% chance of 41.5; 7.8125% chance of 42.5; 1.5625% chance of 43.5,[1.0],[-8.0],"[0.5, 0.015625, 0.078125, 0.15625, 0.15625, 0.078125, 0.015625]","[-45.0, 38.5, 39.5, 40.5, 41.5, 42.5, 43.5]"
P029,25,B,1,problem14357,7 for sure,60% chance of -21; 40% chance of 40,[1.0],[7.0],"[0.6, 0.4]","[-21.0, 40.0]"
P029,26,B,1,problem3684,80% chance of 0; 20% chance of 20,10 for sure,"[0.8, 0.2]","[0.0, 20.0]",[1.0],[10.0]
P029,27,A,0,problem702,10% chance of 25; 90% chance of -12,80% chance of -16; 0.625% chance of 53.5; 3.125% chance of 54.5; 6.25% chance of 55.5; 6.25% chance of 56.5; 3.125% chance of 57.5; 0.625% chance of 58.5,"[0.1, 0.9]","[25.0, -12.0]","[0.8, 0.00625, 0.03125, 0.0625, 0.0625, 0.03125, 0.00625]","[-16.0, 53.5, 54.5, 55.5, 56.5, 57.5, 58.5]"
P029,28,A,0,problem255,75% chance of -27; 25% chance of 84,60% chance of 7; 40% chance of -6,"[0.75, 0.25]","[-27.0, 84.0]","[0.6, 0.4]","[7.0, -6.0]"
P029,29,A,0,problem3746,5% chance of 54; 95% chance of -12,40% chance of -45; 1.875% chance of 14.5; 9.375% chance of 15.5; 18.75% chance of 16.5; 18.75% chance of 17.5; 9.375% chance of 18.5; 1.875% chance of 19.5,"[0.05, 0.95]","[54.0, -12.0]","[0.4, 0.01875, 0.09375, 0.1875, 0.1875, 0.09375, 0.01875]","[-45.0, 14.5, 15.5, 16.5, 17.5, 18.5, 19.5]"
P029,30,A,0,problem3449,25% chance of -3; 37.5% chance of 2; 18.75% chance of 4; 9.375% chance of 8; 4.6875% chance of 16; 2.34375% chance of 32; 1.17188% chance of 64; 1.17188% chance of 128,-4 for sure,"[0.25, 0.375, 0.1875, 0.09375, 0.046875, 0.0234375, 0.0117188, 0.0117188]","[-3.0, 2.0, 4.0, 8.0, 16.0, 32.0, 64.0, 128.0]",[1.0],[-4.0]
P029,31,B,1,problem10610,50% chance of 25; 50% chance of 9,90% chance of 19; 10% chance of 46,"[0.5, 0.5]","[25.0, 9.0]","[0.9, 0.1]","[19.0, 46.0]"
P029,32,A,0,problem893,40% chance of 89; 60% chance of -11,25% chance of -31; 75% chance of 63,"[0.4, 0.6]","[89.0, -11.0]","[0.25, 0.75]","[-31.0, 63.0]"
P029,33,B,1,problem7704,75% chance of 3; 0.19531% chance of 46.5; 1.36719% chance of 47.5; 4.10156% chance of 48.5; 6.83594% chance of 49.5; 6.83594% chance of 50.5; 4.10156% chance of 51.5; 1.36719% chance of 52.5; 0.19531% chance of 53.5,40% chance of 33; 60% chance of -2,"[0.75, 0.0019531000000000001, 0.013671899999999999, 0.0410156, 0.0683594, 0.0683594, 0.0410156, 0.013671899999999999, 0.0019531000000000001]","[3.0, 46.5, 47.5, 48.5, 49.5, 50.5, 51.5, 52.5, 53.5]","[0.4, 0.6]","[33.0, -2.0]"
P029,34,B,1,problem4119,20% chance of 83; 80% chance of -15,50% chance of -2; 50% chance of 14,"[0.2, 0.8]","[83.0, -15.0]","[0.5, 0.5]","[-2.0, 14.0]"
P029,35,B,1,problem580,60% chance of 13; 40% chance of 29,19 for sure,"[0.6, 0.4]","[13.0, 29.0]",[1.0],[19.0]
P029,36,B,1,problem2893,8 for sure,75% chance of 13; 12.5% chance of 9; 6.25% chance of 11; 3.125% chance of 15; 1.5625% chance of 23; 0.78125% chance of 39; 0.78125% chance of 71,[1.0],[8.0],"[0.75, 0.125, 0.0625, 0.03125, 0.015625, 0.0078125, 0.0078125]","[13.0, 9.0, 11.0, 15.0, 23.0, 39.0, 71.0]"
P029,37,A,0,problem1178,25% chance of 32; 75% chance of 21,40% chance of -12; 60% chance of 49,"[0.25, 0.75]","[32.0, 21.0]","[0.4, 0.6]","[-12.0, 49.0]"
P029,38,A,0,problem7622,95% chance of 15; 2.5% chance of 79; 1.25% chance of 77; 0.625% chance of 73; 0.3125% chance of 65; 0.15625% chance of 49; 0.07812% chance of 17; 0.07812% chance of -47,90% chance of 10; 10% chance of 9,"[0.95, 0.025, 0.0125, 0.00625, 0.003125, 0.0015625, 0.0007811999999999999, 0.0007811999999999999]","[15.0, 79.0, 77.0, 73.0, 65.0, 49.0, 17.0, -47.0]","[0.9, 0.1]","[10.0, 9.0]"
P029,39,B,1,problem13439,11 for sure,80% chance of 14; 10% chance of 46.5; 10% chance of 47.5,[1.0],[11.0],"[0.8, 0.1, 0.1]","[14.0, 46.5, 47.5]"
P029,40,B,1,problem709,60% chance of -38; 20% chance of 76; 10% chance of 74; 10% chance of 70,80% chance of 5; 20% chance of -5,"[0.6, 0.2, 0.1, 0.1]","[-38.0, 76.0, 74.0, 70.0]","[0.8, 0.2]","[5.0, -5.0]"
P030,1,A,0,problem6377,19 for sure,40% chance of 8; 60% chance of 23,[1.0],[19.0],"[0.4, 0.6]","[8.0, 23.0]"
P030,2,B,1,problem11979,60% chance of -20; 40% chance of 23,8 for sure,"[0.6, 0.4]","[-20.0, 23.0]",[1.0],[8.0]
P030,3,B,1,problem3812,5 for sure,95% chance of 6; 5% chance of 8,[1.0],[5.0],"[0.95, 0.05]","[6.0, 8.0]"
P030,4,A,0,problem9137,15 for sure,90% chance of 14; 10% chance of 17,[1.0],[15.0],"[0.9, 0.1]","[14.0, 17.0]"
P030,5,A,0,problem13454,80% chance of 23; 20% chance of 13,20% chance of 10; 40% chance of 34; 20% chance of 32; 10% chance of 28; 5% chance of 20; 5% chance of 4,"[0.8, 0.2]","[23.0, 13.0]","[0.2, 0.4, 0.2, 0.1, 0.05, 0.05]","[10.0, 34.0, 32.0, 28.0, 20.0, 4.0]"
P030,6,A,0,problem4071,25% chance of 24; 75% chance of 4,75% chance of -10; 25% chance of 41,"[0.25, 0.75]","[24.0, 4.0]","[0.75, 0.25]","[-10.0, 41.0]"
P030,7,A,0,problem10628,60% chance of -23; 40% chance of 24,-5 for sure,"[0.6, 0.4]","[-23.0, 24.0]",[1.0],[-5.0]
P030,8,A,0,problem8568,29 for sure,25% chance of 17; 75% chance of 39,[1.0],[29.0],"[0.25, 0.75]","[17.0, 39.0]"
P030,9,A,0,problem9949,99% chance of 3; 1% chance of 11,-6 for sure,"[0.99, 0.01]","[3.0, 11.0]",[1.0],[-6.0]
P030,10,A,0,problem3276,27 for sure,20% chance of 9; 2.5% chance of 34.5; 12.5% chance of 35.5; 25% chance of 36.5; 25% chance of 37.5; 12.5% chance of 38.5; 2.5% chance of 39.5,[1.0],[27.0],"[0.2, 0.025, 0.125, 0.25, 0.25, 0.125, 0.025]","[9.0, 34.5, 35.5, 36.5, 37.5, 38.5, 39.5]"
P030,11,B,1,problem674,60% chance of -1; 40% chance of -24,95% chance of -9; 5% chance of 2,"[0.6, 0.4]","[-1.0, -24.0]","[0.95, 0.05]","[-9.0, 2.0]"
P030,12,A,0,problem12531,40% chance of 38; 60% chance of 0,12.5% chance of 13.5; 37.5% chance of 14.5; 37.5% chance of 15.5; 12.5% chance of 16.5,"[0.4, 0.6]","[38.0, 0.0]","[0.125, 0.375, 0.375, 0.125]","[13.5, 14.5, 15.5, 16.5]"
P030,13,A,0,problem558,19 for sure,40% chance of -26; 30% chance of 33.5; 30% chance of 34.5,[1.0],[19.0],"[0.4, 0.3, 0.3]","[-26.0, 33.5, 34.5]"
P030,14,B,1,problem3704,-6 for sure,75% chance of -27; 25% chance of 56,[1.0],[-6.0],"[0.75, 0.25]","[-27.0, 56.0]"
P030,15,B,1,problem12274,80% chance of -19; 20% chance of 59,60% chance of 1; 40% chance of -2,"[0.8, 0.2]","[-19.0, 59.0]","[0.6, 0.4]","[1.0, -2.0]"
P030,16,A,0,problem11753,5% chance of 25; 95% chance of 5,25% chance of -6; 75% chance of 3,"[0.05, 0.95]","[25.0, 5.0]","[0.25, 0.75]","[-6.0, 3.0]"
P030,17,B,1,problem14047,60% chance of 29; 40% chance of 6,5% chance of -22; 95% chance of 20,"[0.6, 0.4]","[29.0, 6.0]","[0.05, 0.95]","[-22.0, 20.0]"
P030,18,A,0,problem1075,24 for sure,1% chance of -7; 49.5% chance of 18; 24.75% chance of 20; 12.375% chance of 24; 12.375% chance of 32,[1.0],[24.0],"[0.01, 0.495, 0.2475, 0.12375, 0.12375]","[-7.0, 18.0, 20.0, 24.0, 32.0]"
P030,19,A,0,problem123,20% chance of -14; 80% chance of 6,-5 for sure,"[0.2, 0.8]","[-14.0, 6.0]",[1.0],[-5.0]
P030,20,B,1,problem13719,10% chance of -16; 90% chance of 9,2 for sure,"[0.1, 0.9]","[-16.0, 9.0]",[1.0],[2.0]
P030,21,A,0,problem5213,95% chance of -1; 0.625% chance of 4.5; 1.875% chance of 5.5; 1.875% chance of 6.5; 0.625% chance of 7.5,0 for sure,"[0.95, 0.00625, 0.01875, 0.01875, 0.00625]","[-1.0, 4.5, 5.5, 6.5, 7.5]",[1.0],[0.0]
P030,22,A,0,problem2425,20% chance of 16; 80% chance of 16,95% chance of 16; 0.15625% chance of 43.5; 0.78125% chance of 44.5; 1.5625% chance of 45.5; 1.5625% chance of 46.5; 0.78125% chance of 47.5; 0.15625% chance of 48.5,"[0.2, 0.8]","[16.0, 16.0]","[0.95, 0.0015625, 0.0078125, 0.015625, 0.015625, 0.0078125, 0.0015625]","[16.0, 43.5, 44.5, 45.5, 46.5, 47.5, 48.5]"
P030,23,B,1,problem5399,-9 for sure,75% chance of -25; 25% chance of 32,[1.0],[-9.0],"[0.75, 0.25]","[-25.0, 32.0]"
P030,24,A,0,problem10095,40% chance of 39; 60% chance of 7,80% chance of -2; 20% chance of 71,"[0.4, 0.6]","[39.0, 7.0]","[0.8, 0.2]","[-2.0, 71.0]"
P030,25,A,0,problem12303,10% chance of -13; 90% chance of 3,80% chance of 4; 20% chance of -11,"[0.1, 0.9]","[-13.0, 3.0]","[0.8, 0.2]","[4.0, -11.0]"
P030,26,B,1,problem128,5 for sure,95% chance of 8; 2.5% chance of 17; 1.25% chance of 19; 0.625% chance of 23; 0.3125% chance of 31; 0.15625% chance of 47; 0.15625% chance of 79,[1.0],[5.0],"[0.95, 0.025, 0.0125, 0.00625, 0.003125, 0.0015625, 0.0015625]","[8.0, 17.0, 19.0, 23.0, 31.0, 47.0, 79.0]"
P030,27,A,0,problem12062,5 for sure,50% chance of 4; 50% chance of 6,[1.0],[5.0],"[0.5, 0.5]","[4.0, 6.0]"
P030,28,B,1,problem10840,90% chance of -7; 10% chance of 11,3 for sure,"[0.9, 0.1]","[-7.0, 11.0]",[1.0],[3.0]
P030,29,B,1,problem13929,40% chance of 48; 60% chance of -15,20% chance of 8; 2.5% chance of 15.5; 12.5% chance of 16.5; 25% chance of 17.5; 25% chance of 18.5; 12.5% chance of 19.5; 2.5% chance of 20.5,"[0.4, 0.6]","[48.0, -15.0]","[0.2, 0.025, 0.125, 0.25, 0.25, 0.125, 0.025]","[8.0, 15.5, 16.5, 17.5, 18.5, 19.5, 20.5]"
P030,30,B,1,problem5393,25 for sure,99% chance of 20; 1% chance of 64,[1.0],[25.0],"[0.99, 0.01]","[20.0, 64.0]"
P030,31,A,0,problem8102,90% chance of -22; 10% chance of 91,10% chance of 23; 90% chance of -13,"[0.9, 0.1]","[-22.0, 91.0]","[0.1, 0.9]","[23.0, -13.0]"
P030,32,A,0,problem2557,95% chance of 30; 5% chance of 67,20% chance of 59; 80% chance of 21,"[0.95, 0.05]","[30.0, 67.0]","[0.2, 0.8]","[59.0, 21.0]"
P030,33,A,0,problem12987,50% chance of -3; 25% chance of -1; 25% chance of 3,-1 for sure,"[0.5, 0.25, 0.25]","[-3.0, -1.0, 3.0]",[1.0],[-1.0]
P030,34,B,1,problem2241,5% chance of 72; 95% chance of -7,50% chance of -16; 1.5625% chance of 12.5; 7.8125% chance of 13.5; 15.625% chance of 14.5; 15.625% chance of 15.5; 7.8125% chance of 16.5; 1.5625% chance of 17.5,"[0.05, 0.95]","[72.0, -7.0]","[0.5, 0.015625, 0.078125, 0.15625, 0.15625, 0.078125, 0.015625]","[-16.0, 12.5, 13.5, 14.5, 15.5, 16.5, 17.5]"
P030,35,A,0,problem11313,14 for sure,60% chance of 4; 0.3125% chance of 26.5; 2.1875% chance of 27.5; 6.5625% chance of 28.5; 10.9375% chance of 29.5; 10.9375% chance of 30.5; 6.5625% chance of 31.5; 2.1875% chance of 32.5; 0.3125% chance of 33.5,[1.0],[14.0],"[0.6, 0.003125, 0.021875, 0.065625, 0.109375, 0.109375, 0.065625, 0.021875, 0.003125]","[4.0, 26.5, 27.5, 28.5, 29.5, 30.5, 31.5, 32.5, 33.5]"
P030,36,A,0,problem10245,40% chance of 16; 60% chance of 4,50% chance of -16; 50% chance of 46,"[0.4, 0.6]","[16.0, 4.0]","[0.5, 0.5]","[-16.0, 46.0]"
P030,37,A,0,problem13099,95% chance of 5; 5% chance of 64,4 for sure,"[0.95, 0.05]","[5.0, 64.0]",[1.0],[4.0]
P030,38,B,1,problem73,75% chance of -7; 12.5% chance of 51.5; 12.5% chance of 52.5,40% chance of 27; 60% chance of -6,"[0.75, 0.125, 0.125]","[-7.0, 51.5, 52.5]","[0.4, 0.6]","[27.0, -6.0]"
P030,39,A,0,problem461,75% chance of -3; 25% chance of 21,1 for sure,"[0.75, 0.25]","[-3.0, 21.0]",[1.0],[1.0]
P030,40,B,1,problem8258,10% chance of 41; 90% chance of -5,25% chance of -11; 37.5% chance of -0.5; 37.5% chance of 0.5,"[0.1, 0.9]","[41.0, -5.0]","[0.25, 0.375, 0.375]","[-11.0, -0.5, 0.5]"
P031,1,A,0,problem5453,5 for sure,90% chance of 7; 10% chance of 12,[1.0],[5.0],"[0.9, 0.1]","[7.0, 12.0]"
P031,2,B,1,problem4676,95% chance of 22; 5% chance of 51,22 for sure,"[0.95, 0.05]","[22.0, 51.0]",[1.0],[22.0]
P031,3,A,0,problem7838,25% chance of 47; 75% chance of 2,50% chance of -4; 25% chance of 41; 12.5% chance of 39; 6.25% chance of 35; 3.125% chance of 27; 1.5625% chance of 11; 1.5625% chance of -21,"[0.25, 0.75]","[47.0, 2.0]","[0.5, 0.25, 0.125, 0.0625, 0.03125, 0.015625, 0.015625]","[-4.0, 41.0, 39.0, 35.0, 27.0, 11.0, -21.0]"
P031,4,B,1,problem14152,40% chance of -16; 30% chance of 48; 30% chance of 46,50% chance of 27; 50% chance of 19,"[0.4, 0.3, 0.3]","[-16.0, 48.0, 46.0]","[0.5, 0.5]","[27.0, 19.0]"
P031,5,B,1,problem9609,90% chance of -6; 10% chance of -16,-7 for sure,"[0.9, 0.1]","[-6.0, -16.0]",[1.0],[-7.0]
P031,6,A,0,problem8308,20% chance of 33; 80% chance of -6,40% chance of -28; 60% chance of 32,"[0.2, 0.8]","[33.0, -6.0]","[0.4, 0.6]","[-28.0, 32.0]"
P031,7,B,1,problem4512,90% chance of -4; 10% chance of -16,50% chance of -7; 50% chance of 4,"[0.9, 0.1]","[-4.0, -16.0]","[0.5, 0.5]","[-7.0, 4.0]"
P031,8,A,0,problem1816,16 for sure,40% chance of 4; 30% chance of 15.5; 30% chance of 16.5,[1.0],[16.0],"[0.4, 0.3, 0.3]","[4.0, 15.5, 16.5]"
P031,9,B,1,problem5845,5% chance of -16; 47.5% chance of 4.5; 47.5% chance of 5.5,60% chance of 14; 40% chance of 1,"[0.05, 0.475, 0.475]","[-16.0, 4.5, 5.5]","[0.6, 0.4]","[14.0, 1.0]"
P031,10,A,0,problem14354,-7 for sure,60% chance of -16; 0.3125% chance of 3.5; 2.1875% chance of 4.5; 6.5625% chance of 5.5; 10.9375% chance of 6.5; 10.9375% chance of 7.5; 6.5625% chance of 8.5; 2.1875% chance of 9.5; 0.3125% chance of 10.5,[1.0],[-7.0],"[0.6, 0.003125, 0.021875, 0.065625, 0.109375, 0.109375, 0.065625, 0.021875, 0.003125]","[-16.0, 3.5, 4.5, 5.5, 6.5, 7.5, 8.5, 9.5, 10.5]"
P031,11,B,1,problem9849,50% chance of -49; 50% chance of 47,11 for sure,"[0.5, 0.5]","[-49.0, 47.0]",[1.0],[11.0]
P031,12,A,0,problem7967,24 for sure,20% chance of 16; 2.5% chance of 29.5; 12.5% chance of 30.5; 25% chance of 31.5; 25% chance of 32.5; 12.5% chance of 33.5; 2.5% chance of 34.5,[1.0],[24.0],"[0.2, 0.025, 0.125, 0.25, 0.25, 0.125, 0.025]","[16.0, 29.5, 30.5, 31.5, 32.5, 33.5, 34.5]"
P031,13,A,0,problem10571,8 for sure,50% chance of -17; 50% chance of 27,[1.0],[8.0],"[0.5, 0.5]","[-17.0, 27.0]"
P031,14,B,1,problem3054,99% chance of 4; 1% chance of 98,12 for sure,"[0.99, 0.01]","[4.0, 98.0]",[1.0],[12.0]
P031,15,A,0,problem207,-1 for sure,95% chance of -3; 0.15625% chance of 20.5; 0.78125% chance of 21.5; 1.5625% chance of 22.5; 1.5625% chance of 23.5; 0.78125% chance of 24.5; 0.15625% chance of 25.5,[1.0],[-1.0],"[0.95, 0.0015625, 0.0078125, 0.015625, 0.015625, 0.0078125, 0.0015625]","[-3.0, 20.5, 21.5, 22.5, 23.5, 24.5, 25.5]"
P031,16,A,0,problem11035,5 for sure,99% chance of 2; 0.5% chance of 45.5; 0.5% chance of 46.5,[1.0],[5.0],"[0.99, 0.005, 0.005]","[2.0, 45.5, 46.5]"
P031,17,B,1,problem9151,5% chance of 16; 95% chance of 25,28 for sure,"[0.05, 0.95]","[16.0, 25.0]",[1.0],[28.0]
P031,18,A,0,problem4720,-3 for sure,80% chance of -2; 10% chance of 4; 5% chance of 6; 2.5% chance of 10; 1.25% chance of 18; 0.625% chance of 34; 0.3125% chance of 66; 0.3125% chance of 130,[1.0],[-3.0],"[0.8, 0.1, 0.05, 0.025, 0.0125, 0.00625, 0.003125, 0.003125]","[-2.0, 4.0, 6.0, 10.0, 18.0, 34.0, 66.0, 130.0]"
P031,19,A,0,problem13364,3 for sure,10% chance of 0; 11.25% chance of 9.5; 33.75% chance of 10.5; 33.75% chance of 11.5; 11.25% chance of 12.5,[1.0],[3.0],"[0.1, 0.1125, 0.3375, 0.3375, 0.1125]","[0.0, 9.5, 10.5, 11.5, 12.5]"
P031,20,B,1,problem8026,95% chance of 23; 5% chance of 28,5% chance of 90; 95% chance of 19,"[0.95, 0.05]","[23.0, 28.0]","[0.05, 0.95]","[90.0, 19.0]"
P031,21,B,1,problem1420,20% chance of 45; 80% chance of -15,40% chance of -14; 30% chance of 13; 15% chance of 11; 7.5% chance of 7; 3.75% chance of -1; 3.75% chance of -17,"[0.2, 0.8]","[45.0, -15.0]","[0.4, 0.3, 0.15, 0.075, 0.0375, 0.0375]","[-14.0, 13.0, 11.0, 7.0, -1.0, -17.0]"
P031,22,A,0,problem4654,1% chance of 75; 99% chance of -6,10% chance of -14; 90% chance of -8,"[0.01, 0.99]","[75.0, -6.0]","[0.1, 0.9]","[-14.0, -8.0]"
P031,23,A,0,problem3323,20% chance of 23; 40% chance of 30; 40% chance of 32,50% chance of 77; 50% chance of -19,"[0.2, 0.4, 0.4]","[23.0, 30.0, 32.0]","[0.5, 0.5]","[77.0, -19.0]"
P031,24,B,1,problem3601,9 for sure,90% chance of 20; 10% chance of 25,[1.0],[9.0],"[0.9, 0.1]","[20.0, 25.0]"
P031,25,A,0,problem11951,27 for sure,90% chance of 28; 10% chance of 54,[1.0],[27.0],"[0.9, 0.1]","[28.0, 54.0]"
P031,26,B,1,problem4356,25% chance of -1; 37.5% chance of 24; 18.75% chance of 26; 9.375% chance of 30; 4.6875% chance of 38; 4.6875% chance of 54,25% chance of 66; 75% chance of 10,"[0.25, 0.375, 0.1875, 0.09375, 0.046875, 0.046875]","[-1.0, 24.0, 26.0, 30.0, 38.0, 54.0]","[0.25, 0.75]","[66.0, 10.0]"
P031,27,A,0,problem6542,25% chance of 30; 75% chance of 11,50% chance of 20; 25% chance of 18; 12.5% chance of 14; 6.25% chance of 6; 6.25% chance of -10,"[0.25, 0.75]","[30.0, 11.0]","[0.5, 0.25, 0.125, 0.0625, 0.0625]","[20.0, 18.0, 14.0, 6.0, -10.0]"
P031,28,A,0,problem5929,99% chance of 23; 1% chance of 68,80% chance of 41; 20% chance of -28,"[0.99, 0.01]","[23.0, 68.0]","[0.8, 0.2]","[41.0, -28.0]"
P031,29,A,0,problem10110,60% chance of 5; 40% chance of 22,60% chance of 33; 40% chance of -17,"[0.6, 0.4]","[5.0, 22.0]","[0.6, 0.4]","[33.0, -17.0]"
P031,30,B,1,problem7489,50% chance of -39; 0.39062% chance of 29.5; 2.73438% chance of 30.5; 8.20312% chance of 31.5; 13.6719% chance of 32.5; 13.6719% chance of 33.5; 8.20312% chance of 34.5; 2.73438% chance of 35.5; 0.39062% chance of 36.5,-5 for sure,"[0.5, 0.0039062000000000003, 0.027343799999999998, 0.0820312, 0.1367188, 0.1367188, 0.0820312, 0.027343799999999998, 0.0039062000000000003]","[-39.0, 29.5, 30.5, 31.5, 32.5, 33.5, 34.5, 35.5, 36.5]",[1.0],[-5.0]
P031,31,A,0,problem14193,5% chance of 61; 95% chance of -8,99% chance of -10; 1% chance of 7,"[0.05, 0.95]","[61.0, -8.0]","[0.99, 0.01]","[-10.0, 7.0]"
P031,32,B,1,problem44,50% chance of 11; 25% chance of 23.5; 25% chance of 24.5,27 for sure,"[0.5, 0.25, 0.25]","[11.0, 23.5, 24.5]",[1.0],[27.0]
P031,33,A,0,problem7996,2 for sure,10% chance of -11; 90% chance of 11,[1.0],[2.0],"[0.1, 0.9]","[-11.0, 11.0]"
P031,34,A,0,problem5939,11 for sure,50% chance of -20; 50% chance of 55,[1.0],[11.0],"[0.5, 0.5]","[-20.0, 55.0]"
P031,35,B,1,problem12628,10% chance of 19; 90% chance of 24,80% chance of 27; 20% chance of 23,"[0.1, 0.9]","[19.0, 24.0]","[0.8, 0.2]","[27.0, 23.0]"
P031,36,A,0,problem10260,75% chance of 18; 25% chance of 36,75% chance of 39; 25% chance of -21,"[0.75, 0.25]","[18.0, 36.0]","[0.75, 0.25]","[39.0, -21.0]"
P031,37,B,1,problem6065,20% chance of -23; 80% chance of 40,26 for sure,"[0.2, 0.8]","[-23.0, 40.0]",[1.0],[26.0]
P031,38,A,0,problem5106,20% chance of -9; 80% chance of -1,60% chance of 14; 40% chance of -24,"[0.2, 0.8]","[-9.0, -1.0]","[0.6, 0.4]","[14.0, -24.0]"
P031,39,B,1,problem4904,60% chance of 45; 40% chance of 8,75% chance of 15; 0.78125% chance of 91.5; 3.90625% chance of 92.5; 7.8125% chance of 93.5; 7.8125% chance of 94.5; 3.90625% chance of 95.5; 0.78125% chance of 96.5,"[0.6, 0.4]","[45.0, 8.0]","[0.75, 0.0078125, 0.0390625, 0.078125, 0.078125, 0.0390625, 0.0078125]","[15.0, 91.5, 92.5, 93.5, 94.5, 95.5, 96.5]"
P031,40,B,1,problem11795,1% chance of -15; 99% chance of 31,25% chance of 40; 75% chance of 23,"[0.01, 0.99]","[-15.0, 31.0]","[0.25, 0.75]","[40.0, 23.0]"
P032,1,B,1,problem13963,50% chance of -47; 50% chance of 70,10 for sure,"[0.5, 0.5]","[-47.0, 70.0]",[1.0],[10.0]
P032,2,B,1,problem10139,80% chance of 26; 20% chance of 1,25% chance of -49; 75% chance of 40,"[0.8, 0.2]","[26.0, 1.0]","[0.25, 0.75]","[-49.0, 40.0]"
P032,3,B,1,problem11757,50% chance of 8.5; 50% chance of 9.5,9 for sure,"[0.5, 0.5]","[8.5, 9.5]",[1.0],[9.0]
P032,4,A,0,problem8839,20% chance of -32; 80% chance of 38,90% chance of 30; 10% chance of 1,"[0.2, 0.8]","[-32.0, 38.0]","[0.9, 0.1]","[30.0, 1.0]"
P032,5,B,1,problem6272,20% chance of 36; 80% chance of -7,90% chance of -1; 10% chance of 43,"[0.2, 0.8]","[36.0, -7.0]","[0.9, 0.1]","[-1.0, 43.0]"
P032,6,B,1,problem2933,20% chance of -7; 80% chance of 25,27 for sure,"[0.2, 0.8]","[-7.0, 25.0]",[1.0],[27.0]
P032,7,B,1,problem5634,75% chance of -15; 25% chance of 98,9 for sure,"[0.75, 0.25]","[-15.0, 98.0]",[1.0],[9.0]
P032,8,B,1,problem693,50% chance of 11; 50% chance of 9,10 for sure,"[0.5, 0.5]","[11.0, 9.0]",[1.0],[10.0]
P032,9,A,0,problem4997,26 for sure,80% chance of 19; 10% chance of 51.5; 10% chance of 52.5,[1.0],[26.0],"[0.8, 0.1, 0.1]","[19.0, 51.5, 52.5]"
P032,10,B,1,problem2684,50% chance of 2; 25% chance of 57; 12.5% chance of 55; 12.5% chance of 51,21 for sure,"[0.5, 0.25, 0.125, 0.125]","[2.0, 57.0, 55.0, 51.0]",[1.0],[21.0]
P032,11,B,1,problem6311,5% chance of -3; 47.5% chance of 22; 23.75% chance of 20; 11.875% chance of 16; 5.9375% chance of 8; 2.96875% chance of -8; 2.96875% chance of -40,10% chance of 97; 90% chance of 1,"[0.05, 0.475, 0.2375, 0.11875, 0.059375, 0.0296875, 0.0296875]","[-3.0, 22.0, 20.0, 16.0, 8.0, -8.0, -40.0]","[0.1, 0.9]","[97.0, 1.0]"
P032,12,A,0,problem599,99% chance of 13; 1% chance of 76,12 for sure,"[0.99, 0.01]","[13.0, 76.0]",[1.0],[12.0]
P032,13,A,0,problem3310,11 for sure,75% chance of -11; 25% chance of 46,[1.0],[11.0],"[0.75, 0.25]","[-11.0, 46.0]"
P032,14,A,0,problem9531,50% chance of 56; 50% chance of 4,60% chance of -7; 40% chance of 80,"[0.5, 0.5]","[56.0, 4.0]","[0.6, 0.4]","[-7.0, 80.0]"
P032,15,B,1,problem1177,99% chance of 20; 1% chance of 73,21 for sure,"[0.99, 0.01]","[20.0, 73.0]",[1.0],[21.0]
P032,16,A,0,problem11958,1% chance of 37; 99% chance of 16,60% chance of -31; 40% chance of 100,"[0.01, 0.99]","[37.0, 16.0]","[0.6, 0.4]","[-31.0, 100.0]"
P032,17,A,0,problem2610,99% chance of 29; 0.5% chance of 58; 0.25% chance of 60; 0.25% chance of 64,23 for sure,"[0.99, 0.005, 0.0025, 0.0025]","[29.0, 58.0, 60.0, 64.0]",[1.0],[23.0]
P032,18,B,1,problem10937,20% chance of -30; 0.625% chance of 1.5; 4.375% chance of 2.5; 13.125% chance of 3.5; 21.875% chance of 4.5; 21.875% chance of 5.5; 13.125% chance of 6.5; 4.375% chance of 7.5; 0.625% chance of 8.5,95% chance of 8; 5% chance of 0,"[0.2, 0.00625, 0.04375, 0.13125, 0.21875, 0.21875, 0.13125, 0.04375, 0.00625]","[-30.0, 1.5, 2.5, 3.5, 4.5, 5.5, 6.5, 7.5, 8.5]","[0.95, 0.05]","[8.0, 0.0]"
P032,19,B,1,problem10960,40% chance of 51; 60% chance of 16,90% chance of 17; 1.25% chance of 84.5; 3.75% chance of 85.5; 3.75% chance of 86.5; 1.25% chance of 87.5,"[0.4, 0.6]","[51.0, 16.0]","[0.9, 0.0125, 0.0375, 0.0375, 0.0125]","[17.0, 84.5, 85.5, 86.5, 87.5]"
P032,20,B,1,problem14228,95% chance of 2; 5% chance of -38,60% chance of 6; 20% chance of 20; 10% chance of 18; 5% chance of 14; 2.5% chance of 6; 1.25% chance of -10; 1.25% chance of -42,"[0.95, 0.05]","[2.0, -38.0]","[0.6, 0.2, 0.1, 0.05, 0.025, 0.0125, 0.0125]","[6.0, 20.0, 18.0, 14.0, 6.0, -10.0, -42.0]"
P032,21,B,1,problem13546,40% chance of 50; 60% chance of 7,99% chance of 22; 0.5% chance of 17; 0.25% chance of 19; 0.125% chance of 23; 0.0625% chance of 31; 0.03125% chance of 47; 0.01562% chance of 79; 0.01562% chance of 143,"[0.4, 0.6]","[50.0, 7.0]","[0.99, 0.005, 0.0025, 0.00125, 0.000625, 0.0003125, 0.0001562, 0.0001562]","[22.0, 17.0, 19.0, 23.0, 31.0, 47.0, 79.0, 143.0]"
P032,22,B,1,problem3286,25% chance of 18; 75% chance of 32,40% chance of 33; 60% chance of 21,"[0.25, 0.75]","[18.0, 32.0]","[0.4, 0.6]","[33.0, 21.0]"
P032,23,B,1,problem12496,50% chance of -21; 25% chance of 75.5; 25% chance of 76.5,29 for sure,"[0.5, 0.25, 0.25]","[-21.0, 75.5, 76.5]",[1.0],[29.0]
P032,24,A,0,problem9131,25 for sure,75% chance of 20; 0.78125% chance of 25.5; 3.90625% chance of 26.5; 7.8125% chance of 27.5; 7.8125% chance of 28.5; 3.90625% chance of 29.5; 0.78125% chance of 30.5,[1.0],[25.0],"[0.75, 0.0078125, 0.0390625, 0.078125, 0.078125, 0.0390625, 0.0078125]","[20.0, 25.5, 26.5, 27.5, 28.5, 29.5, 30.5]"
P032,25,A,0,problem6534,3 for sure,60% chance of 2; 40% chance of 3,[1.0],[3.0],"[0.6, 0.4]","[2.0, 3.0]"
P032,26,A,0,problem9346,22 for sure,50% chance of -5; 50% chance of 34,[1.0],[22.0],"[0.5, 0.5]","[-5.0, 34.0]"
P032,27,A,0,problem2806,10 for sure,25% chance of -12; 2.34375% chance of 14.5; 11.7188% chance of 15.5; 23.4375% chance of 16.5; 23.4375% chance of 17.5; 11.7188% chance of 18.5; 2.34375% chance of 19.5,[1.0],[10.0],"[0.25, 0.0234375, 0.1171875, 0.234375, 0.234375, 0.1171875, 0.0234375]","[-12.0, 14.5, 15.5, 16.5, 17.5, 18.5, 19.5]"
P032,28,B,1,problem14517,50% chance of -6; 25% chance of -8; 12.5% chance of -12; 12.5% chance of -20,25% chance of 15; 75% chance of -17,"[0.5, 0.25, 0.125, 0.125]","[-6.0, -8.0, -12.0, -20.0]","[0.25, 0.75]","[15.0, -17.0]"
P032,29,A,0,problem668,14 for sure,60% chance of -36; 40% chance of 76,[1.0],[14.0],"[0.6, 0.4]","[-36.0, 76.0]"
P032,30,A,0,problem3531,99% chance of 14; 1% chance of 18,50% chance of 27; 50% chance of 5,"[0.99, 0.01]","[14.0, 18.0]","[0.5, 0.5]","[27.0, 5.0]"
P032,31,A,0,problem10780,50% chance of -21; 50% chance of 65,40% chance of 79; 60% chance of -26,"[0.5, 0.5]","[-21.0, 65.0]","[0.4, 0.6]","[79.0, -26.0]"
P032,32,A,0,problem13532,80% chance of 23; 20% chance of 27,21 for sure,"[0.8, 0.2]","[23.0, 27.0]",[1.0],[21.0]
P032,33,A,0,problem9789,5% chance of 72; 95% chance of 7,90% chance of 3; 10% chance of 59,"[0.05, 0.95]","[72.0, 7.0]","[0.9, 0.1]","[3.0, 59.0]"
P032,34,B,1,problem13215,60% chance of -16; 40% chance of 32,1 for sure,"[0.6, 0.4]","[-16.0, 32.0]",[1.0],[1.0]
P032,35,A,0,problem9091,75% chance of 0; 25% chance of 52,12 for sure,"[0.75, 0.25]","[0.0, 52.0]",[1.0],[12.0]
P032,36,B,1,problem1239,80% chance of -9; 20% chance of -10,80% chance of -14; 0.15625% chance of -1.5; 1.09375% chance of -0.5; 3.28125% chance of 0.5; 5.46875% chance of 1.5; 5.46875% chance of 2.5; 3.28125% chance of 3.5; 1.09375% chance of 4.5; 0.15625% chance of 5.5,"[0.8, 0.2]","[-9.0, -10.0]","[0.8, 0.0015625, 0.0109375, 0.0328125, 0.0546875, 0.0546875, 0.0328125, 0.0109375, 0.0015625]","[-14.0, -1.5, -0.5, 0.5, 1.5, 2.5, 3.5, 4.5, 5.5]"
P032,37,B,1,problem2395,99% chance of 26; 1% chance of 30,21 for sure,"[0.99, 0.01]","[26.0, 30.0]",[1.0],[21.0]
P032,38,A,0,problem7521,90% chance of 16; 10% chance of 0,3.125% chance of 11.5; 15.625% chance of 12.5; 31.25% chance of 13.5; 31.25% chance of 14.5; 15.625% chance of 15.5; 3.125% chance of 16.5,"[0.9, 0.1]","[16.0, 0.0]","[0.03125, 0.15625, 0.3125, 0.3125, 0.15625, 0.03125]","[11.5, 12.5, 13.5, 14.5, 15.5, 16.5]"
P032,39,A,0,problem8921,20% chance of -29; 80% chance of 12,-5 for sure,"[0.2, 0.8]","[-29.0, 12.0]",[1.0],[-5.0]
P032,40,B,1,problem2035,25% chance of 4; 75% chance of 24,22 for sure,"[0.25, 0.75]","[4.0, 24.0]",[1.0],[22.0]
