row_id,Problem,Feedback,n,Block,Ha,pHa,La,Hb,pHb,Lb,LotShapeB,LotNumB,Amb,Corr,bRate,bRate_std,lottery_A,lottery_B,ev_A,ev_B,sd_A,sd_B,min_A,min_B,max_A,max_B,n_outcomes_A,n_outcomes_B,majority_choice
4,5,False,15,1,26,1.0,26,45,0.75,-36,2,5,False,0,0.5866666666666667,0.4501851470969101,$26 for sure,25% chance of -$36; 37.5% chance of $41; 18.75% chance of $43; 9.375% chance of $47; 4.688% chance of $55; 4.688% chance of $71,26.0,24.75,0.0,35.688758734369,26.0,-36.0,26.0,71.0,1,6,B
6,7,False,15,1,-6,1.0,-6,24,0.2,-5,1,2,False,0,0.8666666666666667,0.3518657752744984,-$6 for sure,80% chance of -$5; 10% chance of $23.5; 10% chance of $24.5,-6.0,0.8000000000000003,0.0,11.602154972245458,-6.0,-5.0,-6.0,24.5,1,3,B
8,8,False,15,1,27,1.0,27,89,0.5,-24,0,1,False,0,0.4533333333333333,0.4033195589934446,$27 for sure,50% chance of -$24; 50% chance of $89,27.0,32.5,0.0,56.5,27.0,-24.0,27.0,89.0,1,2,A
19,17,False,16,1,-5,1.0,-5,23,0.01,-13,1,6,False,0,0.325,0.3991657967979388,-$5 for sure,99% chance of -$13; 0.031% chance of $20.5; 0.156% chance of $21.5; 0.312% chance of $22.5; 0.312% chance of $23.5; 0.156% chance of $24.5; 0.031% chance of $25.5,-5.0,-12.639999999999997,0.0,3.5836992061276574,-5.0,-13.0,-5.0,25.5,1,7,A
22,20,False,16,1,0,1.0,0,63,0.25,-27,0,1,False,0,0.575,0.443471156521669,$0 for sure,75% chance of -$27; 25% chance of $63,0.0,-4.5,0.0,38.97114317029974,0.0,-27.0,0.0,63.0,1,2,B
30,27,False,16,1,-3,0.2,-12,-5,0.6,-18,1,4,False,0,0.4749999999999999,0.3714835124201342,20% chance of -$3; 80% chance of -$12,40% chance of -$18; 7.5% chance of -$6.5; 22.5% chance of -$5.5; 22.5% chance of -$4.5; 7.5% chance of -$3.5,-10.200000000000001,-10.2,3.6,6.403905058634146,-12.0,-18.0,-3.0,-3.5,2,5,A
32,29,False,16,1,30,0.5,12,34,0.05,27,0,1,False,0,0.825,0.2620432534271139,50% chance of $30; 50% chance of $12,95% chance of $27; 5% chance of $34,21.0,27.349999999999998,9.0,1.5256146302392357,12.0,27.0,30.0,34.0,2,2,B
34,30,False,16,1,6,0.5,-2,18,0.75,-35,2,5,False,0,0.775,0.2720294101747089,50% chance of $6; 50% chance of -$2,25% chance of -$35; 37.5% chance of $14; 18.75% chance of $16; 9.375% chance of $20; 4.688% chance of $28; 4.688% chance of $44,2.0,4.75,4.0,23.878599205146017,-2.0,-35.0,6.0,44.0,2,6,B
36,31,False,16,1,-8,0.9,-27,64,0.25,-40,1,4,False,1,0.5375,0.448516071804196,90% chance of -$8; 10% chance of -$27,75% chance of -$40; 3.125% chance of $62.5; 9.375% chance of $63.5; 9.375% chance of $64.5; 3.125% chance of $65.5,-9.899999999999999,-14.0,5.699999999999999,45.03540274051071,-27.0,-40.0,-8.0,65.5,2,5,B
42,36,False,16,1,7,0.1,4,1,0.6,1,1,4,False,0,0.1,0.2422120283277993,10% chance of $7; 90% chance of $4,40% chance of $1; 7.5% chance of -$0.5; 22.5% chance of $0.5; 22.5% chance of $1.5; 7.5% chance of $2.5,4.3,1.0,0.9,0.6708203932499369,4.0,-0.5,7.0,2.5,2,5,A
44,37,False,16,1,27,1.0,27,24,0.5,11,1,2,False,0,0.2,0.2921186973360886,$27 for sure,50% chance of $11; 25% chance of $23.5; 25% chance of $24.5,27.0,17.5,0.0,6.509608283145768,27.0,11.0,27.0,24.5,1,3,A
46,38,False,32,1,33,0.5,-15,17,0.6,4,2,4,False,0,0.54375,0.4196292526474047,50% chance of $33; 50% chance of -$15,40% chance of $4; 30% chance of $14; 15% chance of $16; 7.5% chance of $20; 7.5% chance of $28,9.0,11.800000000000004,24.0,7.291090453423275,-15.0,4.0,33.0,28.0,2,5,B
51,42,False,16,1,14,0.5,-34,22,0.1,-20,0,1,False,0,0.4125,0.3304037933599835,50% chance of $14; 50% chance of -$34,90% chance of -$20; 10% chance of $22,-10.0,-15.8,24.0,12.6,-34.0,-20.0,14.0,22.0,2,2,A
53,43,False,16,1,-8,0.2,-8,1,0.8,-43,0,1,False,0,0.3625,0.3947573094109004,20% chance of -$8; 80% chance of -$8,20% chance of -$43; 80% chance of $1,-8.0,-7.799999999999998,0.0,17.6,-8.0,-43.0,-8.0,1.0,2,2,A
57,47,False,16,1,29,0.5,-31,39,0.2,-14,0,1,False,0,0.3,0.3502380143083653,50% chance of $29; 50% chance of -$31,80% chance of -$14; 20% chance of $39,-1.0,-3.4000000000000004,30.0,21.200000000000003,-31.0,-14.0,29.0,39.0,2,2,A
60,49,False,16,1,42,0.25,26,97,0.2,13,0,1,False,0,0.3875,0.4224926034855522,25% chance of $42; 75% chance of $26,80% chance of $13; 20% chance of $97,30.0,29.800000000000004,6.928203230275509,33.599999999999994,26.0,13.0,42.0,97.0,2,2,A
62,50,False,16,1,18,0.99,-4,94,0.5,-47,0,1,False,0,0.4625,0.4660114447807764,99% chance of $18; 1% chance of -$4,50% chance of -$47; 50% chance of $94,17.78,23.5,2.188972361634565,70.5,-4.0,-47.0,18.0,94.0,2,2,A
67,55,False,16,1,-9,1.0,-9,15,0.5,-27,1,2,False,0,0.6499999999999999,0.322490309931942,-$9 for sure,50% chance of -$27; 25% chance of $14.5; 25% chance of $15.5,-9.0,-6.0,0.0,21.002975979608223,-9.0,-27.0,-9.0,15.5,1,3,B
69,57,False,16,1,7,0.6,-18,60,0.1,-3,0,1,False,1,0.7499999999999998,0.2875181153713043,60% chance of $7; 40% chance of -$18,90% chance of -$3; 10% chance of $60,-3.0,3.3,12.24744871391589,18.900000000000002,-18.0,-3.0,7.0,60.0,2,2,B
71,58,False,32,1,5,1.0,5,20,0.4,0,0,1,False,0,0.55,0.3663243759117004,$5 for sure,60% chance of $0; 40% chance of $20,5.0,8.0,0.0,9.797958971132712,5.0,0.0,5.0,20.0,1,2,B
80,65,False,16,1,9,0.8,1,20,0.1,0,0,1,False,0,0.2250000000000001,0.2516611478423583,80% chance of $9; 20% chance of $1,90% chance of $0; 10% chance of $20,7.4,2.0,3.1999999999999997,6.0,1.0,0.0,9.0,20.0,2,2,A
83,67,False,16,1,50,0.01,15,25,0.6,-2,1,2,False,1,0.3250000000000001,0.3855731664245668,1% chance of $50; 99% chance of $15,40% chance of -$2; 30% chance of $24.5; 30% chance of $25.5,15.35,14.2,3.4824560298731697,13.23291351139272,15.0,-2.0,50.0,25.5,2,3,A
86,69,False,16,1,44,0.5,0,22,1.0,22,0,1,False,0,0.7,0.3723797345005049,50% chance of $44; 50% chance of $0,$22 for sure,22.0,22.0,22.0,0.0,0.0,22.0,44.0,22.0,2,1,B
108,88,False,16,1,20,1.0,20,52,0.2,16,0,1,False,0,0.75,0.2683281572999748,$20 for sure,80% chance of $16; 20% chance of $52,20.0,23.200000000000003,0.0,14.4,20.0,16.0,20.0,52.0,1,2,B
111,91,False,16,1,-8,0.99,-40,53,0.1,-15,1,8,False,0,0.7124999999999999,0.3344149119482165,99% chance of -$8; 1% chance of -$40,90% chance of -$15; 0.078% chance of $49.5; 0.547% chance of $50.5; 1.641% chance of $51.5; 2.734% chance of $52.5; 2.734% chance of $53.5; 1.641% chance of $54.5; 0.547% chance of $55.5; 0.078% chance of $56.5,-8.32,-8.2,3.183959798741185,20.404288764865097,-40.0,-15.0,-8.0,56.5,2,9,B
112,92,False,16,1,14,1.0,14,31,0.5,1,0,1,False,0,0.7,0.3183289703016886,$14 for sure,50% chance of $1; 50% chance of $31,14.0,16.0,0.0,15.0,14.0,1.0,14.0,31.0,1,2,B
119,97,False,16,1,88,0.25,-41,-6,0.75,-35,1,6,False,0,0.225,0.2816617356570348,25% chance of $88; 75% chance of -$41,25% chance of -$35; 2.344% chance of -$8.5; 11.719% chance of -$7.5; 23.438% chance of -$6.5; 23.438% chance of -$5.5; 11.719% chance of -$4.5; 2.344% chance of -$3.5,-8.75,-13.25,55.858638544096294,12.59464171781,-41.0,-35.0,88.0,-3.5,2,7,A
123,100,False,16,1,-5,1.0,-5,6,0.8,-14,0,1,False,0,0.7875,0.3138470965295043,-$5 for sure,20% chance of -$14; 80% chance of $6,-5.0,2.0000000000000013,0.0,7.999999999999999,-5.0,-14.0,-5.0,6.0,1,2,B
125,102,False,16,1,18,0.99,-17,22,0.95,-17,0,1,False,0,0.7125,0.3649200825751669,99% chance of $18; 1% chance of -$17,5% chance of -$17; 95% chance of $22,17.65,20.049999999999997,3.4824560298731715,8.499852939904319,-17.0,-17.0,18.0,22.0,2,2,B
131,108,False,16,1,63,0.25,3,19,0.8,12,0,1,False,-1,0.4875,0.4379878232706171,25% chance of $63; 75% chance of $3,20% chance of $12; 80% chance of $19,18.0,17.6,25.98076211353316,2.8,3.0,12.0,63.0,19.0,2,2,A
133,109,False,16,1,16,0.01,4,58,0.2,-9,0,1,False,0,0.275,0.3991657967979387,1% chance of $16; 99% chance of $4,80% chance of -$9; 20% chance of $58,4.12,4.400000000000001,1.193984924527944,26.8,4.0,-9.0,16.0,58.0,2,2,A
134,110,False,16,1,69,0.1,13,40,0.25,19,2,5,False,0,0.6625000000000001,0.3242941051987634,10% chance of $69; 90% chance of $13,75% chance of $19; 12.5% chance of $36; 6.25% chance of $38; 3.125% chance of $42; 1.562% chance of $50; 1.562% chance of $66,18.6,24.25,16.8,9.858372076565177,13.0,19.0,69.0,66.0,2,6,B
142,115,False,16,1,25,1.0,25,42,0.8,-22,0,1,False,0,0.325,0.2909753712372692,$25 for sure,20% chance of -$22; 80% chance of $42,25.0,29.200000000000003,0.0,25.599999999999998,25.0,-22.0,25.0,42.0,1,2,A
144,116,False,33,1,6,1.0,6,77,0.01,2,1,2,False,0,0.5333333333333332,0.3796928583298173,$6 for sure,99% chance of $2; 0.5% chance of $76.5; 0.5% chance of $77.5,6.0,2.75,0.0,7.462573282722254,6.0,2.0,6.0,77.5,1,3,B
148,119,False,16,1,31,0.4,4,15,1.0,15,3,6,False,0,0.425,0.4187282332651254,40% chance of $31; 60% chance of $4,50% chance of $20; 25% chance of $18; 12.5% chance of $14; 6.25% chance of $6; 3.125% chance of -$10; 3.125% chance of -$42,14.8,15.0,13.227244611029162,11.874342087037917,4.0,-42.0,31.0,20.0,2,6,A
150,120,False,16,1,6,1.0,6,23,0.8,-13,0,1,False,0,0.775,0.2720294101747089,$6 for sure,20% chance of -$13; 80% chance of $23,6.0,15.800000000000002,0.0,14.4,6.0,-13.0,6.0,23.0,1,2,B
159,126,False,16,1,7,1.0,7,22,0.01,9,1,8,False,0,0.7374999999999999,0.3774917217635375,$7 for sure,99% chance of $9; 0.008% chance of $18.5; 0.055% chance of $19.5; 0.164% chance of $20.5; 0.273% chance of $21.5; 0.273% chance of $22.5; 0.164% chance of $23.5; 0.055% chance of $24.5; 0.008% chance of $25.5,7.0,9.13,0.0,1.3002307487519285,7.0,9.0,7.0,25.5,1,9,B
162,128,False,16,1,21,0.6,-11,20,0.75,-23,3,4,False,0,0.575,0.3991657967979388,60% chance of $21; 40% chance of -$11,25% chance of -$23; 37.5% chance of $23; 18.75% chance of $21; 9.375% chance of $17; 9.375% chance of $9,8.2,9.25,15.67673435381234,19.037791363495923,-11.0,-23.0,21.0,23.0,2,5,B
166,131,False,16,1,98,0.1,-6,4,1.0,4,1,2,False,0,0.65,0.4647580015448901,10% chance of $98; 90% chance of -$6,50% chance of $3.5; 50% chance of $4.5,4.4,4.0,31.2,0.5,-6.0,3.5,98.0,4.5,2,2,B
171,135,False,16,1,21,1.0,21,90,0.1,16,0,1,False,0,0.5999999999999999,0.4066120181860508,$21 for sure,90% chance of $16; 10% chance of $90,21.0,23.4,0.0,22.2,21.0,16.0,21.0,90.0,1,2,B
172,136,False,16,1,28,1.0,28,39,0.25,19,1,2,False,0,0.3375,0.4364630568559039,$28 for sure,75% chance of $19; 12.5% chance of $38.5; 12.5% chance of $39.5,28.0,24.0,0.0,8.663861725581729,28.0,19.0,28.0,39.5,1,3,A
173,137,False,16,1,2,0.25,-10,35,0.01,-10,2,7,False,0,0.6124999999999999,0.4161329915623931,25% chance of $2; 75% chance of -$10,99% chance of -$10; 0.5% chance of $29; 0.25% chance of $31; 0.125% chance of $35; 0.062% chance of $43; 0.031% chance of $59; 0.016% chance of $91; 0.016% chance of $155,-7.0,-9.549999999999995,5.196152422706632,4.819491674440479,-10.0,-10.0,2.0,155.0,2,8,B
175,138,False,16,1,-9,0.8,-15,-10,1.0,-10,1,4,False,0,0.4,0.4258325179379016,80% chance of -$9; 20% chance of -$15,12.5% chance of -$11.5; 37.5% chance of -$10.5; 37.5% chance of -$9.5; 12.5% chance of -$8.5,-10.2,-10.0,2.4,0.8660254037844386,-15.0,-11.5,-9.0,-8.5,2,4,A
178,140,False,16,1,27,1.0,27,70,0.5,-9,3,3,False,0,0.4125,0.3304037933599835,$27 for sure,50% chance of -$9; 25% chance of $72; 12.5% chance of $70; 12.5% chance of $66,27.0,30.5,0.0,39.53795644693843,27.0,-9.0,27.0,72.0,1,4,A
185,146,False,16,1,30,0.8,-15,23,0.05,17,3,3,False,0,0.7875000000000001,0.3222318006239194,80% chance of $30; 20% chance of -$15,95% chance of $17; 2.5% chance of $25; 1.25% chance of $23; 1.25% chance of $19,21.0,17.3,18.0,1.4177446878757827,-15.0,17.0,30.0,25.0,2,4,B
187,147,False,16,1,-2,1.0,-2,-3,0.75,-6,0,1,False,0,0.2125,0.3304037933599835,-$2 for sure,25% chance of -$6; 75% chance of -$3,-2.0,-3.75,0.0,1.299038105676658,-2.0,-6.0,-2.0,-3.0,1,2,A
188,148,False,16,1,11,1.0,11,33,0.75,-37,0,1,False,0,0.4375,0.4080441152620633,$11 for sure,25% chance of -$37; 75% chance of $33,11.0,15.5,0.0,30.31088913245535,11.0,-37.0,11.0,33.0,1,2,A
192,151,False,16,1,31,0.5,5,65,0.4,-4,0,1,False,0,0.2250000000000001,0.2909753712372693,50% chance of $31; 50% chance of $5,60% chance of -$4; 40% chance of $65,18.0,23.6,13.0,33.80295845040786,5.0,-4.0,31.0,65.0,2,2,A
197,156,False,16,1,-1,0.9,-25,1,0.4,-7,0,1,False,0,0.8124999999999999,0.3138470965295044,90% chance of -$1; 10% chance of -$25,60% chance of -$7; 40% chance of $1,-3.3999999999999995,-3.8000000000000003,7.2,3.9191835884530852,-25.0,-7.0,-1.0,1.0,2,2,B
198,157,False,16,1,23,1.0,23,89,0.5,-40,0,1,False,0,0.275,0.2516611478423583,$23 for sure,50% chance of -$40; 50% chance of $89,23.0,24.5,0.0,64.5,23.0,-40.0,23.0,89.0,1,2,A
201,160,False,16,1,15,1.0,15,51,0.5,-38,0,1,False,0,0.4,0.4381780460041329,$15 for sure,50% chance of -$38; 50% chance of $51,15.0,6.5,0.0,44.5,15.0,-38.0,15.0,51.0,1,2,A
209,167,False,16,1,3,1.0,3,30,0.5,-16,1,4,False,0,0.7375000000000002,0.3774917217635375,$3 for sure,50% chance of -$16; 6.25% chance of $28.5; 18.75% chance of $29.5; 18.75% chance of $30.5; 6.25% chance of $31.5,3.0,7.0,0.0,23.008150729687078,3.0,-16.0,3.0,31.5,1,5,B
213,171,False,16,1,40,0.5,18,29,1.0,29,1,4,False,0,0.2875,0.3180670788790734,50% chance of $40; 50% chance of $18,12.5% chance of $27.5; 37.5% chance of $28.5; 37.5% chance of $29.5; 12.5% chance of $30.5,29.0,29.0,11.0,0.8660254037844386,18.0,27.5,40.0,30.5,2,4,A
214,172,False,16,1,-7,1.0,-7,24,0.5,-32,0,1,False,0,0.7,0.4,-$7 for sure,50% chance of -$32; 50% chance of $24,-7.0,-4.0,0.0,28.0,-7.0,-32.0,-7.0,24.0,1,2,B
216,173,False,16,1,18,0.75,-19,78,0.2,-6,1,6,False,-1,0.6499999999999999,0.3055050463303893,75% chance of $18; 25% chance of -$19,80% chance of -$6; 0.625% chance of $75.5; 3.125% chance of $76.5; 6.25% chance of $77.5; 6.25% chance of $78.5; 3.125% chance of $79.5; 0.625% chance of $80.5,8.75,10.8,16.021469970012117,33.60372003216311,-19.0,-6.0,18.0,80.5,2,7,B
222,179,False,16,1,3,1.0,3,5,0.9,-39,3,4,False,0,0.275,0.3255764119219941,$3 for sure,10% chance of -$39; 45% chance of $8; 22.5% chance of $6; 11.25% chance of $2; 11.25% chance of -$6,3.0,0.6000000000000019,0.0,13.897481786280562,3.0,-39.0,3.0,8.0,1,5,A
225,182,False,16,1,27,0.8,1,22,0.8,5,0,1,False,1,0.3375000000000001,0.2604483314082341,80% chance of $27; 20% chance of $1,20% chance of $5; 80% chance of $22,21.8,18.6,10.399999999999999,6.799999999999999,1.0,5.0,27.0,22.0,2,2,A
233,187,False,16,1,12,1.0,12,81,0.05,17,0,1,False,0,0.7625,0.3364025366531391,$12 for sure,95% chance of $17; 5% chance of $81,12.0,20.2,0.0,13.948476619330155,12.0,17.0,12.0,81.0,1,2,B
238,192,False,17,1,28,0.01,2,14,0.1,-2,0,1,False,0,0.2352941176470588,0.3334313581357268,1% chance of $28; 99% chance of $2,90% chance of -$2; 10% chance of $14,2.26,-0.3999999999999999,2.586967336477212,4.800000000000001,2.0,-2.0,28.0,14.0,2,2,A
263,214,False,16,1,24,1.0,24,24,0.95,-15,2,7,False,0,0.4625,0.4425306015783918,$24 for sure,5% chance of -$15; 47.5% chance of $18; 23.75% chance of $20; 11.875% chance of $24; 5.938% chance of $32; 2.969% chance of $48; 1.484% chance of $80; 1.484% chance of $144,24.0,22.05,0.0,19.348061918445485,24.0,-15.0,24.0,144.0,1,8,A
267,217,False,16,1,-10,1.0,-10,3,0.6,-21,0,1,False,0,0.5499999999999999,0.3759432581299116,-$10 for sure,40% chance of -$21; 60% chance of $3,-10.0,-6.6000000000000005,0.0,11.757550765359255,-10.0,-21.0,-10.0,3.0,1,2,B
279,227,False,16,1,16,0.25,15,102,0.4,-48,0,1,False,0,0.1875,0.2680174123696692,25% chance of $16; 75% chance of $15,60% chance of -$48; 40% chance of $102,15.25,12.000000000000007,0.4330127018922193,73.48469228349535,15.0,-48.0,16.0,102.0,2,2,A
280,228,False,16,1,26,1.0,26,38,0.01,28,1,8,False,0,0.8,0.3098386676965933,$26 for sure,99% chance of $28; 0.008% chance of $34.5; 0.055% chance of $35.5; 0.164% chance of $36.5; 0.273% chance of $37.5; 0.273% chance of $38.5; 0.164% chance of $39.5; 0.055% chance of $40.5; 0.008% chance of $41.5,26.0,28.099999999999998,0.0,1.0037429949942367,26.0,28.0,26.0,41.5,1,9,B
281,229,False,16,1,-1,1.0,-1,36,0.25,-9,3,5,False,0,0.6,0.3577708763999663,-$1 for sure,75% chance of -$9; 12.5% chance of $40; 6.25% chance of $38; 3.125% chance of $34; 1.562% chance of $26; 1.562% chance of $10,-1.0,2.25,0.0,19.854155736268414,-1.0,-9.0,-1.0,40.0,1,6,B
282,230,False,16,1,78,0.2,-28,41,0.01,-6,1,2,False,0,0.5875,0.3537890143385838,20% chance of $78; 80% chance of -$28,99% chance of -$6; 0.5% chance of $40.5; 0.5% chance of $41.5,-6.800000000000001,-5.529999999999999,42.400000000000006,4.676708244053717,-28.0,-6.0,78.0,41.5,2,3,B
284,232,False,16,1,27,0.4,27,75,0.5,-24,0,1,False,0,0.25,0.3055050463303893,40% chance of $27; 60% chance of $27,50% chance of -$24; 50% chance of $75,27.0,25.5,0.0,49.5,27.0,-24.0,27.0,75.0,2,2,A
286,233,False,16,1,-1,1.0,-1,-1,1.0,-1,3,2,False,0,0.6125,0.4224926034855521,-$1 for sure,50% chance of $0; 50% chance of -$2,-1.0,-1.0,0.0,1.0,-1.0,-2.0,-1.0,0.0,1,2,B
290,236,False,16,1,26,1.0,26,29,0.4,23,0,1,False,0,0.3375,0.4240676046732801,$26 for sure,60% chance of $23; 40% chance of $29,26.0,25.4,0.0,2.939387691339814,26.0,23.0,26.0,29.0,1,2,A
292,237,False,16,1,54,0.4,-21,25,0.1,18,0,1,False,0,0.95,0.0894427190999915,40% chance of $54; 60% chance of -$21,90% chance of $18; 10% chance of $25,9.000000000000002,18.7,36.742346141747674,2.1,-21.0,18.0,54.0,25.0,2,2,B
297,241,False,16,1,19,0.8,8,28,0.95,6,0,1,False,0,0.725,0.3172801075810878,80% chance of $19; 20% chance of $8,5% chance of $6; 95% chance of $28,16.8,26.9,4.4,4.7947888378947425,8.0,6.0,19.0,28.0,2,2,B
302,245,False,16,1,8,0.99,-25,58,0.25,-3,3,4,False,0,0.375,0.3336665001664586,99% chance of $8; 1% chance of -$25,75% chance of -$3; 12.5% chance of $61; 6.25% chance of $59; 3.125% chance of $55; 3.125% chance of $47,7.67,12.25,3.2834585424518474,26.512968524855907,-25.0,-3.0,8.0,61.0,2,5,A
309,251,False,16,1,68,0.25,0,17,1.0,17,0,1,False,0,0.7749999999999999,0.2816617356570348,25% chance of $68; 75% chance of $0,$17 for sure,17.0,17.0,29.444863728670914,0.0,0.0,17.0,68.0,17.0,2,1,B
311,252,False,16,1,-10,1.0,-10,57,0.1,-17,3,3,False,0,0.8125,0.3222318006239194,-$10 for sure,90% chance of -$17; 5% chance of $59; 2.5% chance of $57; 2.5% chance of $53,-10.0,-9.600000000000003,0.0,22.21350940306371,-10.0,-17.0,-10.0,59.0,1,4,B
314,255,False,16,1,58,0.01,1,27,0.1,0,1,4,False,0,0.4,0.3577708763999663,1% chance of $58; 99% chance of $1,90% chance of $0; 1.25% chance of $25.5; 3.75% chance of $26.5; 3.75% chance of $27.5; 1.25% chance of $28.5,1.5699999999999998,2.700000000000001,5.671428391507734,8.10462830733156,1.0,0.0,58.0,28.5,2,5,A
317,258,False,16,1,30,0.25,-13,46,0.05,-3,0,1,False,1,0.5625,0.3442382895611701,25% chance of $30; 75% chance of -$13,95% chance of -$3; 5% chance of $46,-2.25,-0.5499999999999994,18.619546181365433,10.67930241167465,-13.0,-3.0,30.0,46.0,2,2,B
319,260,False,16,1,6,1.0,6,25,0.75,-35,0,1,False,0,0.4,0.4131182235954577,$6 for sure,25% chance of -$35; 75% chance of $25,6.0,10.0,0.0,25.98076211353316,6.0,-35.0,6.0,25.0,1,2,A
321,261,False,16,1,35,0.2,-9,-2,0.1,-6,2,8,False,0,0.6000000000000002,0.3794733192202056,20% chance of $35; 80% chance of -$9,90% chance of -$6; 5% chance of -$9; 2.5% chance of -$7; 1.25% chance of -$3; 0.625% chance of $5; 0.312% chance of $21; 0.156% chance of $53; 0.078% chance of $117; 0.078% chance of $245,-0.20000000000000018,-5.600000000000006,17.6,8.363013810821945,-9.0,-9.0,35.0,245.0,2,9,B
322,262,False,16,1,8,1.0,8,19,0.25,1,1,6,False,0,0.3,0.3577708763999663,$8 for sure,75% chance of $1; 0.781% chance of $16.5; 3.906% chance of $17.5; 7.812% chance of $18.5; 7.812% chance of $19.5; 3.906% chance of $20.5; 0.781% chance of $21.5,8.0,5.5,0.0,7.814249804043892,8.0,1.0,8.0,21.5,1,7,A
326,265,False,16,1,56,0.2,-10,79,0.25,-13,3,4,False,0,0.6875000000000001,0.35,20% chance of $56; 80% chance of -$10,75% chance of -$13; 12.5% chance of $82; 6.25% chance of $80; 3.125% chance of $76; 3.125% chance of $68,3.200000000000001,10.0,26.400000000000002,39.90300740545755,-10.0,-13.0,56.0,82.0,2,5,B
327,266,False,16,1,8,0.75,-12,3,1.0,3,0,1,False,0,0.475,0.3991657967979388,75% chance of $8; 25% chance of -$12,$3 for sure,3.0,3.0,8.660254037844387,0.0,-12.0,3.0,8.0,3.0,2,1,A
330,268,False,16,1,67,0.05,13,32,0.25,4,1,4,False,0,0.225,0.2909753712372692,5% chance of $67; 95% chance of $13,75% chance of $4; 3.125% chance of $30.5; 9.375% chance of $31.5; 9.375% chance of $32.5; 3.125% chance of $33.5,15.7,11.0,11.769027147559818,12.132085558550928,13.0,4.0,67.0,33.5,2,5,A
333,270,False,16,1,10,1.0,10,43,0.2,7,0,1,False,0,0.625,0.4312771730569565,$10 for sure,80% chance of $7; 20% chance of $43,10.0,14.2,0.0,14.4,10.0,7.0,10.0,43.0,1,2,B
335,271,False,16,1,24,1.0,24,34,0.01,25,1,6,False,0,0.8875000000000001,0.2825479310370779,$24 for sure,99% chance of $25; 0.031% chance of $31.5; 0.156% chance of $32.5; 0.312% chance of $33.5; 0.312% chance of $34.5; 0.156% chance of $35.5; 0.031% chance of $36.5,24.0,25.089999999999996,0.0,0.9024411338142782,24.0,25.0,24.0,36.5,1,7,B
337,273,False,16,1,15,1.0,15,58,0.6,-49,1,8,False,0,0.45,0.4098780306383839,$15 for sure,40% chance of -$49; 0.469% chance of $54.5; 3.281% chance of $55.5; 9.844% chance of $56.5; 16.406% chance of $57.5; 16.406% chance of $58.5; 9.844% chance of $59.5; 3.281% chance of $60.5; 0.469% chance of $61.5,15.0,15.2,0.0,52.42909497597684,15.0,-49.0,15.0,61.5,1,9,A
342,277,False,17,1,29,0.99,11,46,0.4,21,2,2,False,0,0.6352941176470589,0.362182924208521,99% chance of $29; 1% chance of $11,60% chance of $21; 20% chance of $45; 20% chance of $47,28.82,31.0,1.7909773867919168,12.263767773404714,11.0,21.0,29.0,47.0,2,3,B
345,279,False,17,1,16,1.0,16,16,0.95,-6,0,1,False,0,0.2352941176470588,0.362182924208521,$16 for sure,5% chance of -$6; 95% chance of $16,16.0,14.899999999999999,0.0,4.7947888378947425,16.0,-6.0,16.0,16.0,1,2,A
349,283,False,17,1,9,0.5,-23,66,0.01,-2,1,4,False,0,0.6588235294117648,0.392203428607865,50% chance of $9; 50% chance of -$23,99% chance of -$2; 0.125% chance of $64.5; 0.375% chance of $65.5; 0.375% chance of $66.5; 0.125% chance of $67.5,-7.0,-1.32,16.0,6.766468798420635,-23.0,-2.0,9.0,67.5,2,5,B
350,284,False,18,1,22,1.0,22,38,0.4,31,0,1,False,0,0.8333333333333335,0.3378130356555584,$22 for sure,60% chance of $31; 40% chance of $38,22.0,33.8,0.0,3.4292856398964497,22.0,31.0,22.0,38.0,1,2,B
355,288,False,16,1,37,0.05,19,40,0.4,20,0,1,False,0,0.6000000000000001,0.4,5% chance of $37; 95% chance of $19,60% chance of $20; 40% chance of $40,19.900000000000002,28.0,3.9230090491866063,9.797958971132712,19.0,20.0,37.0,40.0,2,2,B
365,296,False,16,1,73,0.01,17,69,0.01,13,1,4,False,0,0.45,0.4226897995772629,1% chance of $73; 99% chance of $17,99% chance of $13; 0.125% chance of $67.5; 0.375% chance of $68.5; 0.375% chance of $69.5; 0.125% chance of $70.5,17.56,13.559999999999999,5.571929647797072,5.572602623550328,17.0,13.0,73.0,70.5,2,5,A
376,306,False,15,1,8,1.0,8,10,0.99,7,0,1,False,0,0.7866666666666667,0.3502380143083653,$8 for sure,1% chance of $7; 99% chance of $10,8.0,9.97,0.0,0.2984962311319861,8.0,7.0,8.0,10.0,1,2,B
379,308,False,15,1,11,1.0,11,79,0.01,10,0,1,False,0,0.4266666666666667,0.439913411393435,$11 for sure,99% chance of $10; 1% chance of $79,11.0,10.690000000000001,0.0,6.865413316035678,11.0,10.0,11.0,79.0,1,2,A
383,311,False,16,1,1,1.0,1,-2,0.1,-11,0,1,False,0,0.1624999999999999,0.2941088233970548,$1 for sure,90% chance of -$11; 10% chance of -$2,1.0,-10.1,0.0,2.7,1.0,-11.0,1.0,-2.0,1,2,A
386,313,False,16,1,26,1.0,26,29,0.1,26,0,1,False,0,0.55,0.4351245032554858,$26 for sure,90% chance of $26; 10% chance of $29,26.0,26.300000000000004,0.0,0.9,26.0,26.0,26.0,29.0,1,2,B
387,314,False,16,1,9,0.2,-11,-9,0.99,-10,0,1,False,0,0.275,0.3642343567906062,20% chance of $9; 80% chance of -$11,1% chance of -$10; 99% chance of -$9,-7.000000000000001,-9.01,8.0,0.09949874371066203,-11.0,-10.0,9.0,-9.0,2,2,A
390,316,False,16,1,18,0.95,3,8,0.9,-5,0,1,False,1,0.1,0.2422120283277993,95% chance of $18; 5% chance of $3,10% chance of -$5; 90% chance of $8,17.249999999999996,6.7,3.269174207655506,3.899999999999999,3.0,-5.0,18.0,8.0,2,2,A
392,318,False,16,1,2,1.0,2,73,0.2,-19,0,1,False,0,0.375,0.4187282332651254,$2 for sure,80% chance of -$19; 20% chance of $73,2.0,-0.5999999999999996,0.0,36.8,2.0,-19.0,2.0,73.0,1,2,A
394,319,False,16,1,8,1.0,8,15,0.75,1,2,3,False,0,0.6625,0.4177319714841085,$8 for sure,25% chance of $1; 37.5% chance of $13; 18.75% chance of $15; 18.75% chance of $19,8.0,11.5,0.0,6.422616289332565,8.0,1.0,8.0,19.0,1,4,B
397,322,False,16,1,30,1.0,30,71,0.4,-12,0,1,False,0,0.2625,0.3913651321549566,$30 for sure,60% chance of -$12; 40% chance of $71,30.0,21.200000000000003,0.0,40.661529730200755,30.0,-12.0,30.0,71.0,1,2,A
399,323,False,16,1,7,1.0,7,16,0.2,7,3,3,False,0,0.75,0.3829708431025353,$7 for sure,80% chance of $7; 10% chance of $18; 5% chance of $16; 5% chance of $12,7.0,8.8,0.0,3.7629775444453557,7.0,7.0,7.0,18.0,1,4,B
405,329,False,16,1,38,0.2,23,52,0.2,33,1,6,False,0,0.8500000000000001,0.2476556749467561,20% chance of $38; 80% chance of $23,80% chance of $33; 0.625% chance of $49.5; 3.125% chance of $50.5; 6.25% chance of $51.5; 6.25% chance of $52.5; 3.125% chance of $53.5; 0.625% chance of $54.5,26.000000000000004,36.800000000000004,6.0,7.616429609731846,23.0,33.0,38.0,54.5,2,7,B
406,330,False,15,1,99,0.1,9,28,0.8,6,2,4,False,0,0.6133333333333333,0.3888934240098375,10% chance of $99; 90% chance of $9,20% chance of $6; 40% chance of $25; 20% chance of $27; 10% chance of $31; 10% chance of $39,18.0,23.6,27.0,9.707728879609277,9.0,6.0,99.0,39.0,2,5,B
409,332,False,16,1,4,1.0,4,16,0.6,7,0,1,False,0,0.8624999999999999,0.280178514522438,$4 for sure,40% chance of $7; 60% chance of $16,4.0,12.4,0.0,4.409081537009721,4.0,7.0,4.0,16.0,1,2,B
422,344,False,16,1,80,0.25,-13,19,0.2,9,0,1,False,1,0.6,0.4066120181860509,25% chance of $80; 75% chance of -$13,80% chance of $9; 20% chance of $19,10.25,11.0,40.2701812759764,4.0,-13.0,9.0,80.0,19.0,2,2,B
425,347,False,16,1,15,1.0,15,27,0.6,-1,1,2,False,0,0.5625,0.4573474244670748,$15 for sure,40% chance of -$1; 30% chance of $26.5; 30% chance of $27.5,15.0,15.799999999999999,0.0,13.722609081366414,15.0,-1.0,15.0,27.5,1,3,B
429,350,False,16,1,34,0.01,-1,10,0.75,-31,0,1,False,-1,0.5875000000000001,0.4287578959428425,1% chance of $34; 99% chance of -$1,25% chance of -$31; 75% chance of $10,-0.6499999999999999,-0.25,3.48245602987317,17.75352077758099,-1.0,-31.0,34.0,10.0,2,2,B
436,356,False,16,1,34,0.6,-23,22,0.25,-1,0,1,False,0,0.525,0.4057914078275521,60% chance of $34; 40% chance of -$23,75% chance of -$1; 25% chance of $22,11.199999999999998,4.75,27.92418306772823,9.959292143521045,-23.0,-1.0,34.0,22.0,2,2,B
442,362,False,16,1,101,0.01,1,24,0.2,-2,1,4,False,0,0.1875,0.2963668897386031,1% chance of $101; 99% chance of $1,80% chance of -$2; 2.5% chance of $22.5; 7.5% chance of $23.5; 7.5% chance of $24.5; 2.5% chance of $25.5,2.0,3.2000000000000006,9.9498743710662,10.407209039891532,1.0,-2.0,101.0,25.5,2,5,A
444,363,False,16,1,-4,1.0,-4,14,0.75,-42,2,2,False,0,0.7125,0.3575378767813745,-$4 for sure,25% chance of -$42; 37.5% chance of $13; 37.5% chance of $15,-4.0,0.0,0.0,24.264171117101856,-4.0,-42.0,-4.0,15.0,1,3,B
447,365,False,16,1,-4,1.0,-4,67,0.01,-6,0,1,False,0,0.3375,0.3774917217635376,-$4 for sure,99% chance of -$6; 1% chance of $67,-4.0,-5.27,0.0,7.263408290878325,-4.0,-6.0,-4.0,67.0,1,2,A
462,379,False,16,1,2,1.0,2,7,0.75,3,1,4,False,0,0.825,0.2294921930407801,$2 for sure,25% chance of $3; 9.375% chance of $5.5; 28.125% chance of $6.5; 28.125% chance of $7.5; 9.375% chance of $8.5,2.0,6.0,0.0,1.8874586088176875,2.0,3.0,2.0,8.5,1,5,B
466,382,False,16,1,7,1.0,7,8,0.99,-26,1,6,False,0,0.35,0.3966526608171605,$7 for sure,1% chance of -$26; 3.094% chance of $5.5; 15.469% chance of $6.5; 30.938% chance of $7.5; 30.938% chance of $8.5; 15.469% chance of $9.5; 3.094% chance of $10.5,7.0,7.66,0.0,3.5611655395389876,7.0,-26.0,7.0,10.5,1,7,A
469,384,False,16,1,4,1.0,4,24,0.6,-31,0,1,False,0,0.575,0.3991657967979388,$4 for sure,40% chance of -$31; 60% chance of $24,4.0,1.9999999999999982,0.0,26.94438717061496,4.0,-31.0,4.0,24.0,1,2,B
471,386,False,16,1,1,1.0,1,15,0.75,-44,0,1,False,0,0.5875,0.3964425136973413,$1 for sure,25% chance of -$44; 75% chance of $15,1.0,0.25,0.0,25.54774941164094,1.0,-44.0,1.0,15.0,1,2,B
476,389,False,16,1,6,1.0,6,19,0.9,2,0,1,False,0,0.7875000000000001,0.2578759391645525,$6 for sure,10% chance of $2; 90% chance of $19,6.0,17.3,0.0,5.1,6.0,2.0,6.0,19.0,1,2,B
478,390,False,16,1,-8,1.0,-8,-9,0.99,-24,1,8,False,0,0.3750000000000001,0.3924283374069717,-$8 for sure,1% chance of -$24; 0.773% chance of -$12.5; 5.414% chance of -$11.5; 16.242% chance of -$10.5; 27.07% chance of -$9.5; 27.07% chance of -$8.5; 16.242% chance of -$7.5; 5.414% chance of -$6.5; 0.773% chance of -$5.5,-8.0,-9.15,0.0,1.9899748742132404,-8.0,-24.0,-8.0,-5.5,1,9,A
482,394,False,16,1,93,0.1,-3,37,0.6,-44,0,1,False,0,0.2625,0.3774917217635375,10% chance of $93; 90% chance of -$3,40% chance of -$44; 60% chance of $37,6.6000000000000005,4.599999999999998,28.800000000000004,39.681733833087485,-3.0,-44.0,93.0,37.0,2,2,A
489,400,False,16,1,40,0.01,13,34,0.5,3,0,1,False,0,0.675,0.3855731664245668,1% chance of $40; 99% chance of $13,50% chance of $3; 50% chance of $34,13.27,18.5,2.686466080187874,15.5,13.0,3.0,40.0,34.0,2,2,B
492,402,False,16,1,-8,1.0,-8,-5,0.8,-9,1,6,False,0,0.775,0.2909753712372692,-$8 for sure,20% chance of -$9; 2.5% chance of -$7.5; 12.5% chance of -$6.5; 25% chance of -$5.5; 25% chance of -$4.5; 12.5% chance of -$3.5; 2.5% chance of -$2.5,-8.0,-5.8,0.0,1.8867962264113207,-8.0,-9.0,-8.0,-2.5,1,7,B
496,405,False,16,1,25,0.8,-50,23,0.6,3,1,8,False,0,0.85,0.2780887148615228,80% chance of $25; 20% chance of -$50,40% chance of $3; 0.469% chance of $19.5; 3.281% chance of $20.5; 9.844% chance of $21.5; 16.406% chance of $22.5; 16.406% chance of $23.5; 9.844% chance of $24.5; 3.281% chance of $25.5; 0.469% chance of $26.5,10.000000000000002,15.0,29.999999999999996,9.851395840184273,-50.0,3.0,25.0,26.5,2,9,B
497,406,False,16,1,8,1.0,8,32,0.6,-5,3,5,False,0,0.5375000000000001,0.3703601850451351,$8 for sure,40% chance of -$5; 30% chance of $36; 15% chance of $34; 7.5% chance of $30; 3.75% chance of $22; 3.75% chance of $6,8.0,17.2,0.0,19.06200409191017,8.0,-5.0,8.0,36.0,1,6,B
500,408,False,16,1,29,0.75,1,22,1.0,22,1,6,False,0,0.425,0.4187282332651256,75% chance of $29; 25% chance of $1,3.125% chance of $19.5; 15.625% chance of $20.5; 31.25% chance of $21.5; 31.25% chance of $22.5; 15.625% chance of $23.5; 3.125% chance of $24.5,22.0,22.0,12.12435565298214,1.118033988749895,1.0,19.5,29.0,24.5,2,6,A
503,410,False,33,1,21,1.0,21,32,0.8,-1,0,1,False,0,0.490909090909091,0.3875916313947874,$21 for sure,20% chance of -$1; 80% chance of $32,21.0,25.400000000000002,0.0,13.2,21.0,-1.0,21.0,32.0,1,2,A
505,411,False,16,1,25,1.0,25,115,0.1,14,2,5,False,0,0.66875,0.3360927451364181,$25 for sure,90% chance of $14; 5% chance of $111; 2.5% chance of $113; 1.25% chance of $117; 0.625% chance of $125; 0.625% chance of $141,25.0,24.099999999999987,0.0,30.39555888612675,25.0,14.0,25.0,141.0,1,6,B
512,416,False,16,1,3,1.0,3,19,0.1,-1,3,6,False,0,0.3750000000000001,0.3785938897200182,$3 for sure,90% chance of -$1; 5% chance of $24; 2.5% chance of $22; 1.25% chance of $18; 0.625% chance of $10; 0.312% chance of -$6; 0.312% chance of -$38,3.0,1.0000000000000036,0.0,7.078135347674546,3.0,-38.0,3.0,24.0,1,7,A
517,421,False,16,1,-10,1.0,-10,-10,0.6,-20,3,5,False,0,0.2375,0.2552776266472772,-$10 for sure,40% chance of -$20; 30% chance of -$6; 15% chance of -$8; 7.5% chance of -$12; 3.75% chance of -$20; 3.75% chance of -$36,-10.0,-14.000000000000002,0.0,7.668115805072327,-10.0,-36.0,-10.0,-6.0,1,6,A
519,422,False,16,1,22,0.1,18,18,1.0,18,1,2,False,0,0.2875,0.3792536530256937,10% chance of $22; 90% chance of $18,50% chance of $17.5; 50% chance of $18.5,18.4,18.0,1.2000000000000002,0.5,18.0,17.5,22.0,18.5,2,2,A
522,424,False,16,1,30,0.5,-28,12,0.9,-43,0,1,False,0,0.575,0.4312771730569565,50% chance of $30; 50% chance of -$28,10% chance of -$43; 90% chance of $12,1.0,6.500000000000002,29.0,16.5,-28.0,-43.0,30.0,12.0,2,2,B
524,426,False,16,1,14,0.99,13,6,0.25,1,1,6,False,0,0.1,0.1932183566158592,99% chance of $14; 1% chance of $13,75% chance of $1; 0.781% chance of $3.5; 3.906% chance of $4.5; 7.812% chance of $5.5; 7.812% chance of $6.5; 3.906% chance of $7.5; 0.781% chance of $8.5,13.99,2.25,0.09949874371066203,2.23606797749979,13.0,1.0,14.0,8.5,2,7,A
526,427,False,16,1,89,0.2,-15,37,0.01,-2,3,4,False,0,0.575,0.3785938897200182,20% chance of $89; 80% chance of -$15,99% chance of -$2; 0.5% chance of $40; 0.25% chance of $38; 0.125% chance of $34; 0.125% chance of $26,5.800000000000001,-1.6099999999999974,41.6,3.90741602596909,-15.0,-2.0,89.0,40.0,2,5,B
528,429,False,32,1,-3,1.0,-3,70,0.1,-10,2,3,False,0,0.58125,0.3675880408037446,-$3 for sure,90% chance of -$10; 5% chance of $68; 2.5% chance of $70; 2.5% chance of $74,-3.0,-2.0000000000000027,0.0,24.01249674648598,-3.0,-10.0,-3.0,74.0,1,4,B
531,431,False,16,1,9,0.99,-17,9,1.0,9,0,1,False,0,0.8375,0.2753785273643051,99% chance of $9; 1% chance of -$17,$9 for sure,8.74,9.0,2.586967336477213,0.0,-17.0,9.0,9.0,9.0,2,1,B
533,432,False,16,1,-1,1.0,-1,24,0.2,-6,0,1,False,0,0.4696428571428572,0.4274867225530913,-$1 for sure,80% chance of -$6; 20% chance of $24,-1.0,0.0,0.0,12.0,-1.0,-6.0,-1.0,24.0,1,2,A
543,439,False,17,1,12,1.0,12,15,0.6,-8,0,1,False,0,0.1529411764705882,0.2065116433122583,$12 for sure,40% chance of -$8; 60% chance of $15,12.0,5.8,0.0,11.26765281680262,12.0,-8.0,12.0,15.0,1,2,A
547,442,False,17,1,-5,0.9,-11,18,0.5,-26,0,1,False,1,0.7294117647058824,0.3386825687172889,90% chance of -$5; 10% chance of -$11,50% chance of -$26; 50% chance of $18,-5.6,-4.0,1.7999999999999998,22.0,-11.0,-26.0,-5.0,18.0,2,2,B
548,443,False,16,1,51,0.5,-13,33,0.6,-11,2,2,False,1,0.5874999999999999,0.4096746676734276,50% chance of $51; 50% chance of -$13,40% chance of -$11; 30% chance of $32; 30% chance of $34,19.0,15.4,32.0,21.569422801734866,-13.0,-11.0,51.0,34.0,2,3,B
550,444,False,16,1,26,0.9,-3,26,0.99,0,1,2,False,0,0.6875,0.3575378767813745,90% chance of $26; 10% chance of -$3,1% chance of $0; 49.5% chance of $25.5; 49.5% chance of $26.5,23.1,25.740000000000002,8.7,2.634368994655078,-3.0,0.0,26.0,26.5,2,3,B
552,445,False,16,1,5,1.0,5,1,0.95,-11,0,1,False,0,0.1375,0.307408522978788,$5 for sure,5% chance of -$11; 95% chance of $1,5.0,0.39999999999999947,0.0,2.615339366124405,5.0,-11.0,5.0,1.0,1,2,A
557,449,False,32,1,-2,1.0,-2,87,0.01,-5,0,1,False,0,0.55,0.3627849269550852,-$2 for sure,99% chance of -$5; 1% chance of $87,-2.0,-4.08,0.0,9.153884421380903,-2.0,-5.0,-2.0,87.0,1,2,B
563,455,False,15,1,28,1.0,28,41,0.1,18,2,5,False,0,0.5066666666666667,0.4333699618219101,$28 for sure,90% chance of $18; 5% chance of $37; 2.5% chance of $39; 1.25% chance of $43; 0.625% chance of $51; 0.625% chance of $67,28.0,20.3,0.0,7.308214556237376,28.0,18.0,28.0,67.0,1,6,B
567,458,False,15,1,-8,0.75,-16,-18,0.75,-23,1,8,False,0,0.2266666666666666,0.3195234546871921,75% chance of -$8; 25% chance of -$16,25% chance of -$23; 0.586% chance of -$21.5; 4.102% chance of -$20.5; 12.305% chance of -$19.5; 20.508% chance of -$18.5; 20.508% chance of -$17.5; 12.305% chance of -$16.5; 4.102% chance of -$15.5; 0.586% chance of -$14.5,-10.0,-19.25,3.4641016151377544,2.449489742783178,-16.0,-23.0,-8.0,-14.5,2,9,A
570,460,False,15,1,27,0.75,-21,42,0.5,-18,0,1,False,0,0.5066666666666667,0.384460041889302,75% chance of $27; 25% chance of -$21,50% chance of -$18; 50% chance of $42,15.0,12.0,20.784609690826528,30.0,-21.0,-18.0,27.0,42.0,2,2,B
573,462,False,32,1,18,1.0,18,29,0.01,17,0,1,False,0,0.5375,0.3607787276469896,$18 for sure,99% chance of $17; 1% chance of $29,18.0,17.119999999999997,0.0,1.193984924527944,18.0,17.0,18.0,29.0,1,2,B
576,464,False,16,1,4,1.0,4,25,0.4,-13,0,1,False,0,0.2625,0.2895398648430529,$4 for sure,60% chance of -$13; 40% chance of $25,4.0,2.2,0.0,18.616122045152157,4.0,-13.0,4.0,25.0,1,2,A
583,469,False,16,1,21,1.0,21,45,0.4,-7,0,1,False,0,0.2125,0.2362907813126304,$21 for sure,60% chance of -$7; 40% chance of $45,21.0,13.8,0.0,25.474693324945054,21.0,-7.0,21.0,45.0,1,2,A
588,474,False,16,1,10,1.0,10,77,0.4,-44,0,1,False,0,0.2500000000000001,0.3055050463303893,$10 for sure,60% chance of -$44; 40% chance of $77,10.0,4.400000000000002,0.0,59.27765177535291,10.0,-44.0,10.0,77.0,1,2,A
592,478,False,16,1,8,1.0,8,78,0.2,-7,1,6,False,0,0.4,0.3577708763999664,$8 for sure,80% chance of -$7; 0.625% chance of $75.5; 3.125% chance of $76.5; 6.25% chance of $77.5; 6.25% chance of $78.5; 3.125% chance of $79.5; 0.625% chance of $80.5,8.0,10.0,0.0,34.00367627183861,8.0,-7.0,8.0,80.5,1,7,A
600,484,False,16,1,-3,1.0,-3,27,0.05,-1,1,8,False,0,0.925,0.1437590576856521,-$3 for sure,95% chance of -$1; 0.039% chance of $23.5; 0.273% chance of $24.5; 0.82% chance of $25.5; 1.367% chance of $26.5; 1.367% chance of $27.5; 0.82% chance of $28.5; 0.273% chance of $29.5; 0.039% chance of $30.5,-3.0,0.4000000000000001,0.0,6.109623556324891,-3.0,-1.0,-3.0,30.5,1,9,B
602,485,False,16,1,25,0.9,-11,66,0.25,12,2,3,False,0,0.7375,0.3403429642777023,90% chance of $25; 10% chance of -$11,75% chance of $12; 12.5% chance of $64; 6.25% chance of $66; 6.25% chance of $70,21.4,25.5,10.799999999999999,23.41473894793619,-11.0,12.0,25.0,70.0,2,4,B
607,490,False,16,1,48,0.5,6,100,0.5,-36,1,4,False,0,0.25,0.2875181153713043,50% chance of $48; 50% chance of $6,50% chance of -$36; 6.25% chance of $98.5; 18.75% chance of $99.5; 18.75% chance of $100.5; 6.25% chance of $101.5,27.0,32.0,21.0,68.00275729703907,6.0,-36.0,48.0,101.5,2,5,A
621,503,False,16,1,30,1.0,30,32,0.99,10,0,1,False,0,0.3750000000000001,0.4434711565216691,$30 for sure,1% chance of $10; 99% chance of $32,30.0,31.78,0.0,2.188972361634565,30.0,10.0,30.0,32.0,1,2,A
623,504,False,16,1,64,0.05,19,23,0.4,18,3,2,False,0,0.275,0.3568379650952703,5% chance of $64; 95% chance of $19,60% chance of $18; 20% chance of $24; 20% chance of $22,21.25,20.0,9.807522622966516,2.5298221281347035,19.0,18.0,64.0,24.0,2,3,A
626,507,False,16,1,9,1.0,9,10,0.01,3,0,1,False,0,0.2,0.3346640106136302,$9 for sure,99% chance of $3; 1% chance of $10,9.0,3.07,0.0,0.696491205974634,9.0,3.0,9.0,10.0,1,2,A
636,516,False,16,1,54,0.1,24,63,0.5,3,0,1,False,0,0.525,0.3714835124201342,10% chance of $54; 90% chance of $24,50% chance of $3; 50% chance of $63,27.0,33.0,9.0,30.0,24.0,3.0,54.0,63.0,2,2,B
642,522,False,16,1,91,0.1,4,13,0.8,-1,1,4,False,1,0.35,0.4412104562073145,10% chance of $91; 90% chance of $4,20% chance of -$1; 10% chance of $11.5; 30% chance of $12.5; 30% chance of $13.5; 10% chance of $14.5,12.7,10.200000000000003,26.099999999999998,5.653317610041028,4.0,-1.0,91.0,14.5,2,5,A
647,526,False,16,1,0,1.0,0,-5,0.25,-7,3,5,False,0,0.25,0.3306559138036598,$0 for sure,75% chance of -$7; 12.5% chance of -$1; 6.25% chance of -$3; 3.125% chance of -$7; 1.562% chance of -$15; 1.562% chance of -$31,0.0,-6.5,0.0,3.905124837953327,0.0,-31.0,0.0,-1.0,1,6,A
650,528,False,16,1,3,1.0,3,0,0.99,-26,0,1,False,0,0.1455827067669172,0.1953376850506186,$3 for sure,1% chance of -$26; 99% chance of $0,3.0,-0.26000000000000023,0.0,2.5869673364772128,3.0,-26.0,3.0,0.0,1,2,A
652,530,False,16,1,25,0.8,-10,18,1.0,18,0,1,False,0,0.6374999999999998,0.3879432948254165,80% chance of $25; 20% chance of -$10,$18 for sure,18.0,18.0,13.999999999999998,0.0,-10.0,18.0,25.0,18.0,2,1,B
654,531,False,16,1,-9,1.0,-9,-7,0.8,-32,1,8,False,0,0.35,0.3614784456460256,-$9 for sure,20% chance of -$32; 0.625% chance of -$10.5; 4.375% chance of -$9.5; 13.125% chance of -$8.5; 21.875% chance of -$7.5; 21.875% chance of -$6.5; 13.125% chance of -$5.5; 4.375% chance of -$4.5; 0.625% chance of -$3.5,-9.0,-11.999999999999998,0.0,10.069756700139282,-9.0,-32.0,-9.0,-3.5,1,9,A
658,533,False,16,1,44,0.2,-17,75,0.01,-3,1,6,False,0,0.575,0.4187282332651254,20% chance of $44; 80% chance of -$17,99% chance of -$3; 0.031% chance of $72.5; 0.156% chance of $73.5; 0.312% chance of $74.5; 0.312% chance of $75.5; 0.156% chance of $76.5; 0.031% chance of $77.5,-4.800000000000001,-2.2199999999999993,24.4,7.761707286415791,-17.0,-3.0,44.0,77.5,2,7,B
660,535,False,16,1,26,0.75,-6,20,0.8,6,1,8,False,-1,0.375,0.4187282332651256,75% chance of $26; 25% chance of -$6,20% chance of $6; 0.625% chance of $16.5; 4.375% chance of $17.5; 13.125% chance of $18.5; 21.875% chance of $19.5; 21.875% chance of $20.5; 13.125% chance of $21.5; 4.375% chance of $22.5; 0.625% chance of $23.5,18.0,17.200000000000003,13.856406460551018,5.7236352085016735,-6.0,6.0,26.0,23.5,2,9,A
662,537,False,16,1,31,0.5,15,60,0.4,-3,0,1,False,0,0.2250000000000001,0.3087609647175843,50% chance of $31; 50% chance of $15,60% chance of -$3; 40% chance of $60,23.0,22.2,8.0,30.863570759068043,15.0,-3.0,31.0,60.0,2,2,A
664,538,False,16,1,8,0.1,-1,4,0.4,-10,0,1,False,0,0.275,0.3714835124201341,10% chance of $8; 90% chance of -$1,60% chance of -$10; 40% chance of $4,-0.09999999999999998,-4.4,2.7,6.858571279792899,-1.0,-10.0,8.0,4.0,2,2,A
673,546,False,16,1,-1,0.6,-24,2,0.05,-9,0,1,False,0,0.575,0.3924283374069717,60% chance of -$1; 40% chance of -$24,95% chance of -$9; 5% chance of $2,-10.200000000000001,-8.45,11.267652816802618,2.3973944189473704,-24.0,-9.0,-1.0,2.0,2,2,B
678,549,False,32,1,19,1.0,19,44,0.8,-36,0,1,False,0,0.45625,0.3600515196110045,$19 for sure,20% chance of -$36; 80% chance of $44,19.0,28.000000000000004,0.0,31.999999999999996,19.0,-36.0,19.0,44.0,1,2,A
682,552,False,16,1,-2,1.0,-2,3,0.05,3,0,1,False,0,0.925,0.123827837473378,-$2 for sure,95% chance of $3; 5% chance of $3,-2.0,2.9999999999999996,0.0,4.440892098500626e-16,-2.0,3.0,-2.0,3.0,1,2,B
684,553,False,16,1,27,1.0,27,29,0.8,-8,1,8,False,0,0.375,0.3785938897200182,$27 for sure,20% chance of -$8; 0.625% chance of $25.5; 4.375% chance of $26.5; 13.125% chance of $27.5; 21.875% chance of $28.5; 21.875% chance of $29.5; 13.125% chance of $30.5; 4.375% chance of $31.5; 0.625% chance of $32.5,27.0,21.6,0.0,14.84722196237397,27.0,-8.0,27.0,32.5,1,9,A
687,555,False,16,1,17,0.99,-1,27,0.6,0,1,2,False,0,0.5375,0.4544227107000706,99% chance of $17; 1% chance of -$1,40% chance of $0; 30% chance of $26.5; 30% chance of $27.5,16.819999999999997,16.2,1.7909773867919168,13.23291351139272,-1.0,0.0,17.0,27.5,2,3,B
695,561,False,16,1,19,0.05,-9,48,0.4,-49,0,1,False,0,0.6875000000000001,0.3180670788790734,5% chance of $19; 95% chance of -$9,60% chance of -$49; 40% chance of $48,-7.599999999999999,-10.199999999999996,6.102458520956943,47.52010100999365,-9.0,-49.0,19.0,48.0,2,2,B
696,562,False,16,1,8,1.0,8,110,0.1,1,0,1,False,0,0.3625,0.3593976442141304,$8 for sure,90% chance of $1; 10% chance of $110,8.0,11.9,0.0,32.7,8.0,1.0,8.0,110.0,1,2,A
699,564,False,16,1,2,1.0,2,57,0.4,-41,2,2,False,0,0.525,0.3785938897200182,$2 for sure,60% chance of -$41; 20% chance of $56; 20% chance of $58,2.0,-1.7999999999999972,0.0,48.01416457671631,2.0,-41.0,2.0,58.0,1,3,B
705,568,False,16,1,6,1.0,6,17,0.1,13,3,2,False,0,0.7625,0.3593976442141304,$6 for sure,90% chance of $13; 5% chance of $18; 5% chance of $16,6.0,13.4,0.0,1.2409673645990855,6.0,13.0,6.0,18.0,1,3,B
711,573,False,16,1,30,1.0,30,38,0.8,-5,0,1,False,0,0.1625,0.2552776266472772,$30 for sure,20% chance of -$5; 80% chance of $38,30.0,29.400000000000002,0.0,17.2,30.0,-5.0,30.0,38.0,1,2,A
723,583,False,16,1,14,1.0,14,14,0.2,13,0,1,False,0,0.2,0.3425395354310701,$14 for sure,80% chance of $13; 20% chance of $14,14.0,13.200000000000001,0.0,0.4,14.0,13.0,14.0,14.0,1,2,A
725,584,False,33,1,-2,1.0,-2,34,0.1,-16,0,1,False,0,0.4363636363636363,0.4285281363415519,-$2 for sure,90% chance of -$16; 10% chance of $34,-2.0,-11.0,0.0,15.0,-2.0,-16.0,-2.0,34.0,1,2,A
728,586,False,16,1,-8,1.0,-8,8,0.8,-26,2,7,False,0,0.9000000000000001,0.2529822128134703,-$8 for sure,20% chance of -$26; 40% chance of $2; 20% chance of $4; 10% chance of $8; 5% chance of $16; 2.5% chance of $32; 1.25% chance of $64; 1.25% chance of $128,-8.0,1.199999999999998,0.0,20.960916010518233,-8.0,-26.0,-8.0,128.0,1,8,B
729,587,False,16,1,2,1.0,2,66,0.2,-7,1,6,False,0,0.425,0.3924283374069717,$2 for sure,80% chance of -$7; 0.625% chance of $63.5; 3.125% chance of $64.5; 6.25% chance of $65.5; 6.25% chance of $66.5; 3.125% chance of $67.5; 0.625% chance of $68.5,2.0,7.599999999999999,0.0,29.204280508172083,2.0,-7.0,2.0,68.5,1,7,A
736,593,False,16,1,39,0.5,-3,9,0.95,-11,1,4,False,0,0.325,0.3415650255319866,50% chance of $39; 50% chance of -$3,5% chance of -$11; 11.875% chance of $7.5; 35.625% chance of $8.5; 35.625% chance of $9.5; 11.875% chance of $10.5,18.0,7.999999999999999,21.0,4.439876124398069,-3.0,-11.0,39.0,10.5,2,5,A
741,597,False,16,1,28,1.0,28,86,0.2,1,0,1,False,0,0.3375,0.3242941051987635,$28 for sure,80% chance of $1; 20% chance of $86,28.0,18.0,0.0,34.0,28.0,1.0,28.0,86.0,1,2,A
743,598,False,16,1,6,1.0,6,15,0.05,9,0,1,False,0,0.7875000000000001,0.3612478373637689,$6 for sure,95% chance of $9; 5% chance of $15,6.0,9.299999999999999,0.0,1.307669683062202,6.0,9.0,6.0,15.0,1,2,B
751,605,False,16,1,0,1.0,0,25,0.6,-24,0,1,False,0,0.6875,0.3862210075418822,$0 for sure,40% chance of -$24; 60% chance of $25,0.0,5.399999999999999,0.0,24.004999479275146,0.0,-24.0,0.0,25.0,1,2,B
754,608,False,17,1,70,0.1,10,15,0.75,13,1,2,False,0,0.6941176470588235,0.3613699424331217,10% chance of $70; 90% chance of $10,25% chance of $13; 37.5% chance of $14.5; 37.5% chance of $15.5,16.0,14.5,18.0,0.9682458365518543,10.0,13.0,70.0,15.5,2,3,B
757,611,False,17,1,23,1.0,23,39,0.5,6,0,1,False,0,0.4,0.4,$23 for sure,50% chance of $6; 50% chance of $39,23.0,22.5,0.0,16.5,23.0,6.0,23.0,39.0,1,2,A
762,616,False,17,1,9,1.0,9,64,0.2,-5,3,4,False,0,0.5058823529411766,0.3880570000581328,$9 for sure,80% chance of -$5; 10% chance of $67; 5% chance of $65; 2.5% chance of $61; 2.5% chance of $53,9.0,8.799999999999999,0.0,27.675982367388514,9.0,-5.0,9.0,67.0,1,5,B
765,619,False,17,1,30,1.0,30,77,0.4,1,0,1,False,0,0.5882352941176472,0.3199264621385211,$30 for sure,60% chance of $1; 40% chance of $77,30.0,31.400000000000002,0.0,37.232244090304306,30.0,1.0,30.0,77.0,1,2,B
767,621,False,16,1,21,1.0,21,21,1.0,21,2,5,False,0,0.5875000000000001,0.3304037933599835,$21 for sure,50% chance of $17; 25% chance of $19; 12.5% chance of $23; 6.25% chance of $31; 6.25% chance of $47,21.0,21.0,0.0,7.615773105863909,21.0,17.0,21.0,47.0,1,5,B
769,623,False,16,1,-4,1.0,-4,20,0.5,-20,3,4,False,0,0.6874999999999999,0.3575378767813745,-$4 for sure,50% chance of -$20; 25% chance of $23; 12.5% chance of $21; 6.25% chance of $17; 6.25% chance of $9,-4.0,0.0,0.0,20.26079958935481,-4.0,-20.0,-4.0,23.0,1,5,B
776,630,False,16,1,55,0.5,-15,36,0.25,17,1,2,False,0,0.7125,0.35,50% chance of $55; 50% chance of -$15,75% chance of $17; 12.5% chance of $35.5; 12.5% chance of $36.5,20.0,21.75,35.0,8.231038816577165,-15.0,17.0,55.0,36.5,2,3,B
780,634,False,16,1,15,0.05,2,80,0.05,5,0,1,False,0,0.6749999999999999,0.3642343567906062,5% chance of $15; 95% chance of $2,95% chance of $5; 5% chance of $80,2.65,8.75,2.8332843133014376,16.345871038277526,2.0,5.0,15.0,80.0,2,2,B
781,635,False,16,1,62,0.25,-5,13,0.25,9,0,1,False,0,0.6625000000000001,0.3159641329855864,25% chance of $62; 75% chance of -$5,75% chance of $9; 25% chance of $13,11.75,10.0,29.011851026778693,1.7320508075688772,-5.0,9.0,62.0,13.0,2,2,B
785,639,False,16,1,47,0.6,-1,46,0.05,38,0,1,False,0,0.8375000000000001,0.2655183609470351,60% chance of $47; 40% chance of -$1,95% chance of $38; 5% chance of $46,27.8,38.4,23.51510153071851,1.7435595774162693,-1.0,38.0,47.0,46.0,2,2,B
794,648,False,16,1,100,0.4,-40,19,0.99,-10,0,1,False,1,0.5875,0.3964425136973414,40% chance of $100; 60% chance of -$40,1% chance of -$10; 99% chance of $19,16.0,18.709999999999997,68.58571279792899,2.8854635676091993,-40.0,-10.0,100.0,19.0,2,2,B
797,651,False,17,1,11,0.99,1,11,1.0,11,0,1,False,0,0.8470588235294118,0.3502100210210002,99% chance of $11; 1% chance of $1,$11 for sure,10.9,11.0,0.9949874371066204,0.0,1.0,11.0,11.0,11.0,2,1,B
808,660,False,17,1,28,0.05,8,3,0.99,-23,0,1,False,0,0.1058823529411764,0.2656844656620286,5% chance of $28; 95% chance of $8,1% chance of -$23; 99% chance of $3,9.0,2.7399999999999993,4.358898943540674,2.5869673364772128,8.0,-23.0,28.0,3.0,2,2,A
823,675,False,17,1,-2,1.0,-2,40,0.05,8,1,2,False,0,0.9294117647058824,0.1723539449880425,-$2 for sure,95% chance of $8; 2.5% chance of $39.5; 2.5% chance of $40.5,-2.0,9.6,0.0,6.975134407307145,-2.0,8.0,-2.0,40.5,1,3,B
831,680,False,16,1,13,0.9,7,42,0.75,-37,3,4,False,0,0.525,0.3991657967979388,90% chance of $13; 10% chance of $7,25% chance of -$37; 37.5% chance of $45; 18.75% chance of $43; 9.375% chance of $39; 9.375% chance of $31,12.4,22.25,1.7999999999999998,34.437443284889774,7.0,-37.0,13.0,45.0,2,5,B
832,681,False,16,1,26,1.0,26,24,0.75,23,1,4,False,0,0.225,0.3714835124201341,$26 for sure,25% chance of $23; 9.375% chance of $22.5; 28.125% chance of $23.5; 28.125% chance of $24.5; 9.375% chance of $25.5,26.0,23.75,0.0,0.8660254037844386,26.0,22.5,26.0,25.5,1,5,A
837,685,False,16,1,12,1.0,12,55,0.4,-12,0,1,False,0,0.4625000000000001,0.4112987559751022,$12 for sure,60% chance of -$12; 40% chance of $55,12.0,14.8,0.0,32.82316255329459,12.0,-12.0,12.0,55.0,1,2,A
840,688,False,16,1,62,0.05,0,71,0.01,6,0,1,False,0,0.7375000000000002,0.3403429642777023,5% chance of $62; 95% chance of $0,99% chance of $6; 1% chance of $71,3.1,6.6499999999999995,13.512586724976089,6.46741834119303,0.0,6.0,62.0,71.0,2,2,B
843,690,False,16,1,18,1.0,18,41,0.5,1,0,1,False,0,0.6125,0.3757215280851853,$18 for sure,50% chance of $1; 50% chance of $41,18.0,21.0,0.0,20.0,18.0,1.0,18.0,41.0,1,2,B
848,695,False,16,1,38,0.4,10,37,0.05,19,3,2,False,0,0.2625,0.3630886025935451,40% chance of $38; 60% chance of $10,95% chance of $19; 2.5% chance of $38; 2.5% chance of $36,21.200000000000003,19.900000000000002,13.717142559585797,3.929376540877702,10.0,19.0,38.0,38.0,2,3,A
850,697,False,16,1,6,1.0,6,45,0.2,-10,1,8,False,0,0.375,0.4057914078275521,$6 for sure,80% chance of -$10; 0.156% chance of $41.5; 1.094% chance of $42.5; 3.281% chance of $43.5; 5.469% chance of $44.5; 5.469% chance of $45.5; 3.281% chance of $46.5; 1.094% chance of $47.5; 0.156% chance of $48.5,6.0,0.9999999999999997,0.0,22.007953107910783,6.0,-10.0,6.0,48.5,1,9,A
857,703,False,16,1,8,0.25,-3,35,0.25,-4,0,1,False,0,0.7500000000000001,0.3306559138036598,25% chance of $8; 75% chance of -$3,75% chance of -$4; 25% chance of $35,-0.25,5.75,4.763139720814412,16.887495373796554,-3.0,-4.0,8.0,35.0,2,2,B
860,705,False,16,1,0,1.0,0,92,0.01,-4,0,1,False,0,0.3,0.4258325179379017,$0 for sure,99% chance of -$4; 1% chance of $92,0.0,-3.04,0.0,9.551879396223553,0.0,-4.0,0.0,92.0,1,2,A
863,707,False,16,1,10,0.75,-14,40,0.1,-5,0,1,False,0,0.2250000000000001,0.3336665001664586,75% chance of $10; 25% chance of -$14,90% chance of -$5; 10% chance of $40,4.0,-0.5,10.392304845413264,13.5,-14.0,-5.0,10.0,40.0,2,2,A
867,711,False,16,1,-10,1.0,-10,57,0.25,-36,0,1,False,0,0.6375000000000001,0.3879432948254164,-$10 for sure,75% chance of -$36; 25% chance of $57,-10.0,-12.75,0.0,40.2701812759764,-10.0,-36.0,-10.0,57.0,1,2,B
881,725,False,16,1,-8,1.0,-8,-8,0.75,-12,1,2,False,0,0.2375,0.3201562118716424,-$8 for sure,25% chance of -$12; 37.5% chance of -$8.5; 37.5% chance of -$7.5,-8.0,-9.0,0.0,1.7853571071357126,-8.0,-12.0,-8.0,-7.5,1,3,A
883,726,False,16,1,63,0.4,6,88,0.5,-44,0,1,False,0,0.2875,0.3721558813185679,40% chance of $63; 60% chance of $6,50% chance of -$44; 50% chance of $88,28.800000000000004,22.0,27.92418306772823,66.0,6.0,-44.0,63.0,88.0,2,2,A
890,732,False,16,1,11,0.75,-5,40,0.5,-34,0,1,False,-1,0.275,0.3785938897200182,75% chance of $11; 25% chance of -$5,50% chance of -$34; 50% chance of $40,7.0,3.0,6.928203230275509,37.0,-5.0,-34.0,11.0,40.0,2,2,A
898,739,False,16,1,14,1.0,14,115,0.05,6,1,4,False,0,0.5625,0.3667424164178449,$14 for sure,95% chance of $6; 0.625% chance of $113.5; 1.875% chance of $114.5; 1.875% chance of $115.5; 0.625% chance of $116.5,14.0,11.45,0.0,23.756788503499376,14.0,6.0,14.0,116.5,1,5,B
900,740,False,15,1,21,0.75,-6,83,0.4,-35,0,1,False,0,0.36,0.3561701038227982,75% chance of $21; 25% chance of -$6,60% chance of -$35; 40% chance of $83,14.25,12.200000000000003,11.691342951089922,57.807957929683,-6.0,-35.0,21.0,83.0,2,2,A
902,741,False,15,1,36,0.01,9,8,0.4,4,3,2,False,0,0.28,0.290811671999988,1% chance of $36; 99% chance of $9,60% chance of $4; 20% chance of $9; 20% chance of $7,9.27,5.6,2.686466080187874,2.0591260281974,9.0,4.0,36.0,9.0,2,3,A
908,746,False,15,1,29,1.0,29,100,0.5,-32,0,1,False,0,0.4666666666666667,0.3352326839390103,$29 for sure,50% chance of -$32; 50% chance of $100,29.0,34.0,0.0,66.0,29.0,-32.0,29.0,100.0,1,2,A
910,747,False,15,1,55,0.4,-12,55,0.5,-40,0,1,False,0,0.28,0.3764495792457281,40% chance of $55; 60% chance of -$12,50% chance of -$40; 50% chance of $55,14.8,7.5,32.82316255329459,47.5,-12.0,-40.0,55.0,55.0,2,2,A
912,748,False,15,1,-9,1.0,-9,94,0.01,-15,0,1,False,0,0.5066666666666667,0.3692979181920098,-$9 for sure,99% chance of -$15; 1% chance of $94,-9.0,-13.91,0.0,10.845363064462157,-9.0,-15.0,-9.0,94.0,1,2,B
915,750,False,15,1,41,0.4,-22,33,0.25,0,2,5,False,0,0.7733333333333334,0.376955220278534,40% chance of $41; 60% chance of -$22,75% chance of $0; 12.5% chance of $29; 6.25% chance of $31; 3.125% chance of $35; 1.562% chance of $43; 1.562% chance of $59,3.200000000000003,8.25,30.863570759068043,14.788086421170252,-22.0,0.0,41.0,59.0,2,6,B
921,755,False,16,1,20,1.0,20,60,0.6,-24,2,2,False,0,0.3,0.3011090610836324,$20 for sure,40% chance of -$24; 30% chance of $59; 30% chance of $61,20.0,26.400000000000002,0.0,41.15871718117561,20.0,-24.0,20.0,61.0,1,3,A
923,756,False,16,1,24,0.99,-6,39,0.75,5,0,1,False,0,0.5875,0.4529532720564746,99% chance of $24; 1% chance of -$6,25% chance of $5; 75% chance of $39,23.7,30.5,2.984962311319861,14.722431864335457,-6.0,5.0,24.0,39.0,2,2,B
932,764,False,16,1,36,0.5,10,39,0.5,4,0,1,False,0,0.3875,0.3612478373637689,50% chance of $36; 50% chance of $10,50% chance of $4; 50% chance of $39,23.0,21.5,13.0,17.5,10.0,4.0,36.0,39.0,2,2,A
936,767,False,16,1,9,0.95,-23,31,0.01,0,0,1,False,0,0.55,0.4033195589934446,95% chance of $9; 5% chance of -$23,99% chance of $0; 1% chance of $31,7.399999999999998,0.31,6.974238309665081,3.084461055030522,-23.0,0.0,9.0,31.0,2,2,B
938,768,False,16,1,83,0.05,6,33,0.2,1,0,1,False,0,0.2250000000000001,0.204939015319192,5% chance of $83; 95% chance of $6,80% chance of $1; 20% chance of $33,9.85,7.4,16.78176093263159,12.8,6.0,1.0,83.0,33.0,2,2,A
943,771,False,16,1,-9,1.0,-9,7,0.8,-50,1,4,False,0,0.7875000000000001,0.2963668897386032,-$9 for sure,20% chance of -$50; 10% chance of $5.5; 30% chance of $6.5; 30% chance of $7.5; 10% chance of $8.5,-9.0,-4.399999999999997,0.0,22.81315410021157,-9.0,-50.0,-9.0,8.5,1,5,B
947,774,False,16,1,23,0.2,4,6,0.9,-30,0,1,False,0,0.125,0.2408318915758459,20% chance of $23; 80% chance of $4,10% chance of -$30; 90% chance of $6,7.800000000000001,2.4000000000000012,7.6000000000000005,10.799999999999999,4.0,-30.0,23.0,6.0,2,2,A
948,775,False,16,1,13,1.0,13,30,0.01,12,0,1,False,0,0.475,0.3642343567906062,$13 for sure,99% chance of $12; 1% chance of $30,13.0,12.18,0.0,1.790977386791916,13.0,12.0,13.0,30.0,1,2,A
949,776,False,16,1,38,0.4,-29,-4,0.75,-15,2,6,False,0,0.4104166666666668,0.384075368760988,40% chance of $38; 60% chance of -$29,25% chance of -$15; 37.5% chance of -$9; 18.75% chance of -$7; 9.375% chance of -$3; 4.688% chance of $5; 2.344% chance of $21; 2.344% chance of $53,-2.1999999999999975,-6.75,32.82316255329459,11.333026956643137,-29.0,-15.0,38.0,53.0,2,7,A
958,784,False,16,1,-1,1.0,-1,62,0.01,-6,0,1,False,0,0.2625,0.3630886025935451,-$1 for sure,99% chance of -$6; 1% chance of $62,-1.0,-5.319999999999999,0.0,6.765914572325015,-1.0,-6.0,-1.0,62.0,1,2,A
967,791,False,16,1,71,0.5,-11,34,0.99,-39,0,1,False,1,0.3625,0.3879432948254165,50% chance of $71; 50% chance of -$11,1% chance of -$39; 99% chance of $34,30.0,33.269999999999996,41.0,7.2634082908783295,-11.0,-39.0,71.0,34.0,2,2,A
973,796,False,16,1,6,1.0,6,24,0.5,-14,3,3,False,0,0.3750000000000001,0.3855731664245667,$6 for sure,50% chance of -$14; 25% chance of $26; 12.5% chance of $24; 12.5% chance of $20,6.0,5.0,0.0,19.078784028338912,6.0,-14.0,6.0,26.0,1,4,A
979,801,False,16,1,18,0.4,-17,68,0.05,-12,0,1,False,1,0.2125,0.3222318006239194,40% chance of $18; 60% chance of -$17,95% chance of -$12; 5% chance of $68,-2.999999999999999,-7.999999999999998,17.146428199482248,17.435595774162696,-17.0,-12.0,18.0,68.0,2,2,A
980,802,False,16,1,26,1.0,26,68,0.05,19,0,1,False,0,0.5625000000000001,0.3879432948254165,$26 for sure,95% chance of $19; 5% chance of $68,26.0,21.450000000000003,0.0,10.679302411674652,26.0,19.0,26.0,68.0,1,2,B
982,803,False,16,1,-9,1.0,-9,-7,0.99,-8,0,1,False,0,0.7124999999999999,0.3649200825751669,-$9 for sure,1% chance of -$8; 99% chance of -$7,-9.0,-7.01,0.0,0.09949874371066203,-9.0,-8.0,-9.0,-7.0,1,2,B
993,813,False,16,1,8,1.0,8,50,0.25,-8,0,1,False,0,0.3125,0.3792536530256937,$8 for sure,75% chance of -$8; 25% chance of $50,8.0,6.5,0.0,25.11473670974872,8.0,-8.0,8.0,50.0,1,2,A
997,816,False,16,1,3,0.95,-3,3,1.0,3,0,1,False,0,0.8125,0.2777888886666755,95% chance of $3; 5% chance of -$3,$3 for sure,2.6999999999999993,3.0,1.3076696830622025,0.0,-3.0,3.0,3.0,3.0,2,1,B
1005,822,False,16,1,60,0.05,21,76,0.4,-2,3,4,False,0,0.15,0.2366431913239846,5% chance of $60; 95% chance of $21,60% chance of -$2; 20% chance of $79; 10% chance of $77; 5% chance of $73; 5% chance of $65,22.95,29.199999999999996,8.499852939904313,38.32179536503998,21.0,-2.0,60.0,79.0,2,5,A
1007,824,False,16,1,-3,0.99,-35,5,0.9,-30,0,1,False,0,0.6625,0.3844910055298216,99% chance of -$3; 1% chance of -$35,10% chance of -$30; 90% chance of $5,-3.3200000000000003,1.5000000000000009,3.183959798741185,10.499999999999998,-35.0,-30.0,-3.0,5.0,2,2,B
1009,825,False,16,1,88,0.1,5,17,0.4,13,1,8,False,-1,0.7125,0.3263433774416143,10% chance of $88; 90% chance of $5,60% chance of $13; 0.312% chance of $13.5; 2.188% chance of $14.5; 6.562% chance of $15.5; 10.938% chance of $16.5; 10.938% chance of $17.5; 6.562% chance of $18.5; 2.188% chance of $19.5; 0.312% chance of $20.5,13.3,14.6,24.9,2.1307275752662513,5.0,13.0,88.0,20.5,2,9,B
1010,826,False,16,1,12,1.0,12,62,0.05,16,1,8,False,0,0.85,0.2581988897471611,$12 for sure,95% chance of $16; 0.039% chance of $58.5; 0.273% chance of $59.5; 0.82% chance of $60.5; 1.367% chance of $61.5; 1.367% chance of $62.5; 0.82% chance of $63.5; 0.273% chance of $64.5; 0.039% chance of $65.5,12.0,18.3,0.0,10.029830507042481,12.0,16.0,12.0,65.5,1,9,B
1012,828,False,16,1,58,0.4,-17,27,0.25,7,0,1,False,1,0.7375,0.3242941051987634,40% chance of $58; 60% chance of -$17,75% chance of $7; 25% chance of $27,13.000000000000004,12.0,36.742346141747674,8.660254037844387,-17.0,7.0,58.0,27.0,2,2,B
1013,829,False,16,1,27,1.0,27,38,0.8,-37,1,2,False,0,0.3375,0.3630886025935451,$27 for sure,20% chance of -$37; 40% chance of $37.5; 40% chance of $38.5,27.0,23.0,0.0,30.00333314816872,27.0,-37.0,27.0,38.5,1,3,A
1015,830,False,16,1,-1,1.0,-1,20,0.5,-17,0,1,False,0,0.7124999999999999,0.3649200825751669,-$1 for sure,50% chance of -$17; 50% chance of $20,-1.0,1.5,0.0,18.5,-1.0,-17.0,-1.0,20.0,1,2,B
1018,833,False,16,1,24,0.99,6,25,0.5,23,1,8,False,0,0.55,0.3829708431025353,99% chance of $24; 1% chance of $6,50% chance of $23; 0.391% chance of $21.5; 2.734% chance of $22.5; 8.203% chance of $23.5; 13.672% chance of $24.5; 13.672% chance of $25.5; 8.203% chance of $26.5; 2.734% chance of $27.5; 0.391% chance of $28.5,23.819999999999997,24.0,1.7909773867919168,1.3693063937629153,6.0,21.5,24.0,28.5,2,9,B
1022,836,False,16,1,29,0.5,-39,42,0.01,-4,2,4,False,0,0.4125,0.3964425136973413,50% chance of $29; 50% chance of -$39,99% chance of -$4; 0.5% chance of $39; 0.25% chance of $41; 0.125% chance of $45; 0.125% chance of $53,-5.0,-3.539999999999995,34.0,4.599826083668851,-39.0,-4.0,29.0,53.0,2,5,A
1032,845,False,16,1,70,0.4,-48,83,0.2,-21,1,8,False,0,0.5499999999999999,0.3614784456460256,40% chance of $70; 60% chance of -$48,80% chance of -$21; 0.156% chance of $79.5; 1.094% chance of $80.5; 3.281% chance of $81.5; 5.469% chance of $82.5; 5.469% chance of $83.5; 3.281% chance of $84.5; 1.094% chance of $85.5; 0.156% chance of $86.5,-0.7999999999999972,-0.2000000000000007,57.807957929683,41.60420651809142,-48.0,-21.0,70.0,86.5,2,9,B
1036,848,False,16,1,44,0.6,-19,30,0.01,15,0,1,False,0,0.825,0.2408318915758459,60% chance of $44; 40% chance of -$19,99% chance of $15; 1% chance of $30,18.799999999999997,15.15,30.863570759068043,1.49248115565993,-19.0,15.0,44.0,30.0,2,2,B
1046,858,False,16,1,70,0.1,1,10,0.75,-19,0,1,False,1,0.3125000000000001,0.3721558813185679,10% chance of $70; 90% chance of $1,25% chance of -$19; 75% chance of $10,7.9,2.75,20.700000000000003,12.55736835487436,1.0,-19.0,70.0,10.0,2,2,A
1051,861,False,16,1,23,0.6,3,64,0.01,18,1,4,False,0,0.65,0.3687817782917155,60% chance of $23; 40% chance of $3,99% chance of $18; 0.125% chance of $62.5; 0.375% chance of $63.5; 0.375% chance of $64.5; 0.125% chance of $65.5,15.0,18.46,9.797958971132712,4.577761461675346,3.0,18.0,23.0,65.5,2,5,B
1053,862,False,16,1,16,1.0,16,27,0.4,4,1,4,False,0,0.4124999999999999,0.3537890143385838,$16 for sure,60% chance of $4; 5% chance of $25.5; 15% chance of $26.5; 15% chance of $27.5; 5% chance of $28.5,16.0,13.200000000000003,0.0,11.2809574061779,16.0,4.0,16.0,28.5,1,5,A
1062,869,False,16,1,17,0.6,-18,9,0.99,6,2,5,False,-1,0.8750000000000001,0.161245154965971,60% chance of $17; 40% chance of -$18,1% chance of $6; 49.5% chance of $5; 24.75% chance of $7; 12.375% chance of $11; 6.188% chance of $19; 6.188% chance of $35,2.999999999999999,8.970000000000002,17.146428199482248,7.583475456543658,-18.0,5.0,17.0,35.0,2,6,B
1064,871,False,16,1,32,0.75,25,39,0.8,18,0,1,False,0,0.6124999999999999,0.3827531841800927,75% chance of $32; 25% chance of $25,20% chance of $18; 80% chance of $39,30.25,34.800000000000004,3.031088913245535,8.399999999999999,25.0,18.0,32.0,39.0,2,2,B
1065,872,False,17,1,9,1.0,9,19,0.05,13,0,1,False,0,0.776470588235294,0.290537028114976,$9 for sure,95% chance of $13; 5% chance of $19,9.0,13.299999999999999,0.0,1.307669683062202,9.0,13.0,9.0,19.0,1,2,B
1066,873,False,17,1,14,1.0,14,46,0.01,15,0,1,False,0,0.7647058823529412,0.3408466966074855,$14 for sure,99% chance of $15; 1% chance of $46,14.0,15.31,0.0,3.0844610550305216,14.0,15.0,14.0,46.0,1,2,B
1071,877,False,17,1,43,0.4,-44,-9,1.0,-9,2,8,False,0,0.5294117647058822,0.3670229997601529,40% chance of $43; 60% chance of -$44,50% chance of -$16; 25% chance of -$14; 12.5% chance of -$10; 6.25% chance of -$2; 3.125% chance of $14; 1.562% chance of $46; 0.781% chance of $110; 0.781% chance of $238,-9.2,-9.0,42.621121524427295,26.1725046566048,-44.0,-16.0,43.0,238.0,2,8,B
1073,879,False,17,1,54,0.01,5,64,0.01,-2,0,1,False,0,0.188235294117647,0.2869720215917757,1% chance of $54; 99% chance of $5,99% chance of -$2; 1% chance of $64,5.49,-1.3399999999999999,4.875438441822438,6.566917084903692,5.0,-2.0,54.0,64.0,2,2,A
1075,880,False,16,1,24,1.0,24,21,0.99,-7,2,4,False,0,0.3375,0.4177319714841085,$24 for sure,1% chance of -$7; 49.5% chance of $18; 24.75% chance of $20; 12.375% chance of $24; 12.375% chance of $32,24.0,20.72,0.0,5.343369723311312,24.0,-7.0,24.0,32.0,1,5,A
1077,881,False,16,1,17,1.0,17,25,0.8,-39,1,6,False,0,0.3375,0.4112987559751022,$17 for sure,20% chance of -$39; 2.5% chance of $22.5; 12.5% chance of $23.5; 25% chance of $24.5; 25% chance of $25.5; 12.5% chance of $26.5; 2.5% chance of $27.5,17.0,12.200000000000003,0.0,25.61952380509833,17.0,-39.0,17.0,27.5,1,7,A
1078,882,False,16,1,10,1.0,10,35,0.25,3,3,2,False,0,0.2250000000000001,0.262043253427114,$10 for sure,75% chance of $3; 12.5% chance of $36; 12.5% chance of $34,10.0,11.0,0.0,13.865424623862047,10.0,3.0,10.0,36.0,1,3,A
1081,884,False,16,1,82,0.01,11,17,0.9,-42,2,2,False,0,0.275,0.3255764119219941,1% chance of $82; 99% chance of $11,10% chance of -$42; 45% chance of $16; 45% chance of $18,11.71,11.100000000000001,7.064410803457001,17.725405496066937,11.0,-42.0,82.0,18.0,2,3,A
1085,886,False,31,1,27,1.0,27,38,0.25,19,0,1,False,0,0.4451612903225807,0.3888776240047927,$27 for sure,75% chance of $19; 25% chance of $38,27.0,23.75,0.0,8.227241335952167,27.0,19.0,27.0,38.0,1,2,A
1090,890,False,16,1,3,0.2,-6,40,0.2,-7,0,1,False,0,0.6874999999999999,0.3792536530256938,20% chance of $3; 80% chance of -$6,80% chance of -$7; 20% chance of $40,-4.200000000000001,2.3999999999999995,3.6,18.8,-6.0,-7.0,3.0,40.0,2,2,B
1092,891,False,16,1,24,0.5,-44,5,0.05,-2,0,1,False,0,0.6125,0.3138470965295043,50% chance of $24; 50% chance of -$44,95% chance of -$2; 5% chance of $5,-10.0,-1.65,34.0,1.525614630239236,-44.0,-2.0,24.0,5.0,2,2,B
1094,892,False,16,1,71,0.01,16,21,0.6,6,0,1,False,0,0.4375,0.4209117088733297,1% chance of $71; 99% chance of $16,40% chance of $6; 60% chance of $21,16.55,15.0,5.47243090408641,7.3484692283495345,16.0,6.0,71.0,21.0,2,2,A
1101,898,False,16,1,12,1.0,12,50,0.2,1,1,6,False,0,0.425,0.3415650255319866,$12 for sure,80% chance of $1; 0.625% chance of $47.5; 3.125% chance of $48.5; 6.25% chance of $49.5; 6.25% chance of $50.5; 3.125% chance of $51.5; 0.625% chance of $52.5,12.0,10.8,0.0,19.60637651377735,12.0,1.0,12.0,52.5,1,7,A
1102,899,False,16,1,23,1.0,23,44,0.01,13,1,8,False,0,0.2875,0.393064880140671,$23 for sure,99% chance of $13; 0.008% chance of $40.5; 0.055% chance of $41.5; 0.164% chance of $42.5; 0.273% chance of $43.5; 0.273% chance of $44.5; 0.164% chance of $45.5; 0.055% chance of $46.5; 0.008% chance of $47.5,23.0,13.309999999999997,0.0,3.0872965520014435,23.0,13.0,23.0,47.5,1,9,A
1112,909,False,16,1,-2,0.75,-19,108,0.1,-4,0,1,False,0,0.925,0.1770122406313567,75% chance of -$2; 25% chance of -$19,90% chance of -$4; 10% chance of $108,-6.25,7.200000000000001,7.361215932167728,33.6,-19.0,-4.0,-2.0,108.0,2,2,B
1118,914,False,16,1,6,1.0,6,32,0.6,-38,1,4,False,0,0.525,0.3642343567906062,$6 for sure,40% chance of -$38; 7.5% chance of $30.5; 22.5% chance of $31.5; 22.5% chance of $32.5; 7.5% chance of $33.5,6.0,3.999999999999999,0.0,34.299416904664724,6.0,-38.0,6.0,33.5,1,5,B
1121,917,False,16,1,7,0.5,-15,30,0.5,-28,0,1,False,-1,0.7624999999999998,0.3283798613394758,50% chance of $7; 50% chance of -$15,50% chance of -$28; 50% chance of $30,-4.0,1.0,11.0,29.0,-15.0,-28.0,7.0,30.0,2,2,B
1128,923,False,16,1,5,1.0,5,1,0.95,-5,1,6,False,0,0.2125,0.3537890143385838,$5 for sure,5% chance of -$5; 2.969% chance of -$1.5; 14.844% chance of -$0.5; 29.688% chance of $0.5; 29.688% chance of $1.5; 14.844% chance of $2.5; 2.969% chance of $3.5,5.0,0.6999999999999997,0.0,1.7022044530549205,5.0,-5.0,5.0,3.5,1,7,A
1131,926,False,16,1,23,1.0,23,42,0.1,16,0,1,False,0,0.3,0.3425395354310701,$23 for sure,90% chance of $16; 10% chance of $42,23.0,18.6,0.0,7.8,23.0,16.0,23.0,42.0,1,2,A
1138,933,False,16,1,118,0.01,18,37,0.05,19,1,4,False,0,0.4125,0.3685557397915997,1% chance of $118; 99% chance of $18,95% chance of $19; 0.625% chance of $35.5; 1.875% chance of $36.5; 1.875% chance of $37.5; 0.625% chance of $38.5,19.0,19.900000000000002,9.9498743710662,3.9277856356985676,18.0,19.0,118.0,38.5,2,5,A
1144,938,False,16,1,102,0.4,-18,30,1.0,30,1,2,False,0,0.6249999999999999,0.3492849839314596,40% chance of $102; 60% chance of -$18,50% chance of $29.5; 50% chance of $30.5,30.000000000000007,30.0,58.787753826796276,0.5,-18.0,29.5,102.0,30.5,2,2,B
1147,940,False,16,1,7,1.0,7,-2,0.01,-3,0,1,False,0,0.325,0.3568379650952703,$7 for sure,99% chance of -$3; 1% chance of -$2,7.0,-2.9899999999999998,0.0,0.099498743710662,7.0,-3.0,7.0,-2.0,1,2,A
1151,943,False,16,1,25,0.4,-2,65,0.2,-4,1,6,False,0,0.325,0.3336665001664586,40% chance of $25; 60% chance of -$2,80% chance of -$4; 0.625% chance of $62.5; 3.125% chance of $63.5; 6.25% chance of $64.5; 6.25% chance of $65.5; 3.125% chance of $66.5; 0.625% chance of $67.5,8.8,9.8,13.227244611029162,27.604528613979266,-2.0,-4.0,25.0,67.5,2,7,A
1153,944,False,16,1,14,0.4,-14,65,0.25,-22,1,4,False,0,0.4625,0.3480900266693469,40% chance of $14; 60% chance of -$14,75% chance of -$22; 3.125% chance of $63.5; 9.375% chance of $64.5; 9.375% chance of $65.5; 3.125% chance of $66.5,-2.8,-0.25,13.717142559585797,37.6745935611786,-14.0,-22.0,14.0,66.5,2,5,A
1155,945,False,16,1,27,0.99,-38,31,0.95,14,0,1,False,0,0.7625,0.3593976442141304,99% chance of $27; 1% chance of -$38,5% chance of $14; 95% chance of $31,26.35,30.15,6.467418341193032,3.705064102009574,-38.0,14.0,27.0,31.0,2,2,B
1159,948,False,16,1,72,0.25,12,57,0.1,19,0,1,False,0,0.275,0.2620432534271139,25% chance of $72; 75% chance of $12,90% chance of $19; 10% chance of $57,27.0,22.8,25.98076211353316,11.4,12.0,19.0,72.0,57.0,2,2,A
1161,950,False,16,1,16,0.6,9,35,0.4,0,0,1,False,0,0.3750000000000001,0.3255764119219941,60% chance of $16; 40% chance of $9,60% chance of $0; 40% chance of $35,13.2,14.0,3.4292856398964493,17.146428199482248,9.0,0.0,16.0,35.0,2,2,A
1170,958,False,19,1,6,1.0,6,14,0.05,1,3,5,False,0,0.3894736842105264,0.4135143915836347,$6 for sure,95% chance of $1; 2.5% chance of $18; 1.25% chance of $16; 0.625% chance of $12; 0.312% chance of $4; 0.313% chance of -$12,6.0,1.6499999999999995,0.0,3.30567693521312,6.0,-12.0,6.0,18.0,1,6,A
1173,960,False,18,1,28,1.0,28,101,0.1,19,0,1,False,0,0.5222222222222223,0.4008161608159554,$28 for sure,90% chance of $19; 10% chance of $101,28.0,27.200000000000003,0.0,24.6,28.0,19.0,28.0,101.0,1,2,B
1183,968,False,15,1,10,0.99,-10,80,0.2,-6,1,4,False,0,0.3733333333333333,0.4333699618219101,99% chance of $10; 1% chance of -$10,80% chance of -$6; 2.5% chance of $78.5; 7.5% chance of $79.5; 7.5% chance of $80.5; 2.5% chance of $81.5,9.8,11.200000000000001,1.9899748742132408,34.4021801634722,-10.0,-6.0,10.0,81.5,2,5,A
1188,972,False,16,1,46,0.1,0,34,0.4,-24,0,1,False,0,0.2375,0.3593976442141304,10% chance of $46; 90% chance of $0,60% chance of -$24; 40% chance of $34,4.6000000000000005,-0.7999999999999972,13.8,28.414081016284864,0.0,-24.0,46.0,34.0,2,2,A
1196,979,False,16,1,1,1.0,1,35,0.5,-19,1,4,False,0,0.65,0.3540244812627134,$1 for sure,50% chance of -$19; 6.25% chance of $33.5; 18.75% chance of $34.5; 18.75% chance of $35.5; 6.25% chance of $36.5,1.0,8.0,0.0,27.006943551612796,1.0,-19.0,1.0,36.5,1,5,B
1202,984,False,16,1,31,0.05,18,27,0.01,22,2,2,False,0,0.775,0.3255764119219941,5% chance of $31; 95% chance of $18,99% chance of $22; 0.5% chance of $26; 0.5% chance of $28,18.65,22.05,2.8332843133014376,0.507444578254613,18.0,22.0,31.0,28.0,2,3,B
1206,987,False,16,1,11,0.95,-3,10,1.0,10,0,1,False,0,0.7875,0.2578759391645525,95% chance of $11; 5% chance of -$3,$10 for sure,10.299999999999999,10.0,3.0512292604784728,0.0,-3.0,10.0,11.0,10.0,2,1,B
1208,989,False,33,1,34,0.25,11,114,0.1,10,1,6,False,0,0.5393939393939395,0.4107458109489629,25% chance of $34; 75% chance of $11,90% chance of $10; 0.312% chance of $111.5; 1.562% chance of $112.5; 3.125% chance of $113.5; 3.125% chance of $114.5; 1.562% chance of $115.5; 0.312% chance of $116.5,16.75,20.4,9.959292143521045,31.202003140824146,11.0,10.0,34.0,116.5,2,7,B
1211,991,False,16,1,2,1.0,2,11,0.01,5,0,1,False,0,0.8625,0.2895398648430529,$2 for sure,99% chance of $5; 1% chance of $11,2.0,5.0600000000000005,0.0,0.596992462263972,2.0,5.0,2.0,11.0,1,2,B
1227,1005,False,16,1,11,1.0,11,21,0.9,-18,0,1,False,0,0.5874999999999999,0.4349329450233296,$11 for sure,10% chance of -$18; 90% chance of $21,11.0,17.1,0.0,11.699999999999998,11.0,-18.0,11.0,21.0,1,2,B
1238,1015,False,16,1,-9,0.8,-10,2,0.2,-14,1,8,False,0,0.825,0.2909753712372692,80% chance of -$9; 20% chance of -$10,80% chance of -$14; 0.156% chance of -$1.5; 1.094% chance of -$0.5; 3.281% chance of $0.5; 5.469% chance of $1.5; 5.469% chance of $2.5; 3.281% chance of $3.5; 1.094% chance of $4.5; 0.156% chance of $5.5,-9.2,-10.8,0.39999999999999997,6.427285585688565,-10.0,-14.0,-9.0,5.5,2,9,B
1240,1016,False,16,1,49,0.1,-1,-1,0.4,-8,0,1,False,0,0.05,0.1154700538379251,10% chance of $49; 90% chance of -$1,60% chance of -$8; 40% chance of -$1,4.0,-5.2,15.0,3.4292856398964493,-1.0,-8.0,49.0,-1.0,2,2,A
1242,1017,False,16,1,38,0.2,-2,97,0.2,-13,0,1,False,-1,0.575,0.3991657967979388,20% chance of $38; 80% chance of -$2,80% chance of -$13; 20% chance of $97,6.0,9.000000000000002,16.0,44.0,-2.0,-13.0,38.0,97.0,2,2,B
1249,1023,False,16,1,17,1.0,17,35,0.6,2,0,1,False,0,0.7000000000000001,0.3183289703016886,$17 for sure,40% chance of $2; 60% chance of $35,17.0,21.8,0.0,16.166632302368974,17.0,2.0,17.0,35.0,1,2,B
1251,1025,False,16,1,19,1.0,19,12,0.95,-25,2,3,False,0,0.3,0.3502380143083653,$19 for sure,5% chance of -$25; 47.5% chance of $10; 23.75% chance of $12; 23.75% chance of $16,19.0,10.149999999999999,0.0,8.409964328105087,19.0,-25.0,19.0,16.0,1,4,A
1252,1026,False,16,1,18,1.0,18,38,0.2,13,1,4,False,0,0.6375,0.3593976442141304,$18 for sure,80% chance of $13; 2.5% chance of $36.5; 7.5% chance of $37.5; 7.5% chance of $38.5; 2.5% chance of $39.5,18.0,18.0,0.0,10.007497189607399,18.0,13.0,18.0,39.5,1,5,B
1253,1027,False,16,1,-7,0.05,-10,-1,0.4,-12,0,1,False,0,0.6125000000000002,0.3612478373637689,5% chance of -$7; 95% chance of -$10,60% chance of -$12; 40% chance of -$1,-9.85,-7.6,0.653834841531101,5.388877434122992,-10.0,-12.0,-7.0,-1.0,2,2,B
1258,1032,False,16,1,12,1.0,12,6,0.9,3,0,1,False,0,0.25,0.3540244812627134,$12 for sure,10% chance of $3; 90% chance of $6,12.0,5.7,0.0,0.8999999999999999,12.0,3.0,12.0,6.0,1,2,A
1264,1038,False,16,1,51,0.2,16,31,0.8,17,0,1,False,1,0.4625,0.3981205847478877,20% chance of $51; 80% chance of $16,20% chance of $17; 80% chance of $31,23.0,28.2,14.0,5.6,16.0,17.0,51.0,31.0,2,2,A
1265,1039,False,16,1,8,1.0,8,12,0.6,-13,0,1,False,0,0.15,0.2683281572999748,$8 for sure,40% chance of -$13; 60% chance of $12,8.0,1.9999999999999991,0.0,12.24744871391589,8.0,-13.0,8.0,12.0,1,2,A
1274,1048,False,16,1,11,1.0,11,58,0.1,10,1,2,False,0,0.8250000000000001,0.3087609647175843,$11 for sure,90% chance of $10; 5% chance of $57.5; 5% chance of $58.5,11.0,14.8,0.0,14.40086802939323,11.0,10.0,11.0,58.5,1,3,B
1276,1050,False,16,1,2,1.0,2,-1,0.4,-6,0,1,False,0,0.0,0.0,$2 for sure,60% chance of -$6; 40% chance of -$1,2.0,-3.9999999999999996,0.0,2.449489742783178,2.0,-6.0,2.0,-1.0,1,2,A
1281,1055,False,16,1,26,0.2,10,42,0.25,-10,0,1,False,0,0.075,0.161245154965971,20% chance of $26; 80% chance of $10,75% chance of -$10; 25% chance of $42,13.2,3.0,6.4,22.516660498395403,10.0,-10.0,26.0,42.0,2,2,A
1285,1057,False,16,1,-5,1.0,-5,-6,0.99,-24,0,1,False,0,0.225,0.3568379650952703,-$5 for sure,1% chance of -$24; 99% chance of -$6,-5.0,-6.18,0.0,1.7909773867919168,-5.0,-24.0,-5.0,-6.0,1,2,A
1288,1059,False,16,1,7,1.0,7,101,0.1,-1,2,3,False,0,0.4125,0.4031128874149276,$7 for sure,90% chance of -$1; 5% chance of $99; 2.5% chance of $101; 2.5% chance of $105,7.0,9.199999999999996,0.0,30.60980235153438,7.0,-1.0,7.0,105.0,1,4,A
1291,1061,False,16,1,30,1.0,30,74,0.4,1,0,1,False,0,0.3999999999999999,0.3346640106136302,$30 for sure,60% chance of $1; 40% chance of $74,30.0,30.200000000000003,0.0,35.7625502446344,30.0,1.0,30.0,74.0,1,2,A
1293,1063,False,16,1,23,1.0,23,47,0.75,-24,1,2,False,0,0.525,0.3855731664245668,$23 for sure,25% chance of -$24; 37.5% chance of $46.5; 37.5% chance of $47.5,23.0,29.25,0.0,30.74695106835798,23.0,-24.0,23.0,47.5,1,3,B
1296,1065,False,16,1,9,1.0,9,52,0.05,9,0,1,False,0,0.7875,0.2963668897386031,$9 for sure,95% chance of $9; 5% chance of $52,9.0,11.149999999999999,0.0,9.371632728612449,9.0,9.0,9.0,52.0,1,2,B
1298,1067,False,16,1,4,0.5,-14,-5,1.0,-5,0,1,False,0,0.5375,0.3480900266693469,50% chance of $4; 50% chance of -$14,-$5 for sure,-5.0,-5.0,9.0,0.0,-14.0,-5.0,4.0,-5.0,2,1,B
1303,1070,False,16,1,5,1.0,5,5,1.0,5,2,5,False,0,0.4625,0.3774917217635376,$5 for sure,50% chance of $1; 25% chance of $3; 12.5% chance of $7; 6.25% chance of $15; 6.25% chance of $31,5.0,5.0,0.0,7.615773105863909,5.0,1.0,5.0,31.0,1,5,A
1307,1073,False,16,1,33,0.2,-20,2,0.2,-16,0,1,False,0,0.325,0.3336665001664586,20% chance of $33; 80% chance of -$20,80% chance of -$16; 20% chance of $2,-9.399999999999999,-12.4,21.200000000000003,7.2,-20.0,-16.0,33.0,2.0,2,2,A
1310,1075,False,15,1,19,0.9,-25,97,0.05,20,1,4,False,0,0.9066666666666666,0.1486446705914413,90% chance of $19; 10% chance of -$25,95% chance of $20; 0.625% chance of $95.5; 1.875% chance of $96.5; 1.875% chance of $97.5; 0.625% chance of $98.5,14.600000000000001,23.85,13.199999999999998,16.78287817985938,-25.0,20.0,19.0,98.5,2,5,B
1313,1077,False,15,1,10,1.0,10,13,0.05,2,0,1,False,0,0.1866666666666666,0.2972893411828826,$10 for sure,95% chance of $2; 5% chance of $13,10.0,2.55,0.0,2.3973944189473704,10.0,2.0,10.0,13.0,1,2,A
1314,1078,False,15,1,105,0.25,-28,45,0.1,7,1,2,False,0,0.68,0.3189267717114474,25% chance of $105; 75% chance of -$28,90% chance of $7; 5% chance of $44.5; 5% chance of $45.5,5.25,10.8,57.59068935166517,11.401096438500993,-28.0,7.0,105.0,45.5,2,3,B
1316,1079,False,15,1,45,0.01,6,26,0.4,-1,1,6,False,-1,0.5333333333333333,0.3829708431025353,1% chance of $45; 99% chance of $6,60% chance of -$1; 1.25% chance of $23.5; 6.25% chance of $24.5; 12.5% chance of $25.5; 12.5% chance of $26.5; 6.25% chance of $27.5; 1.25% chance of $28.5,6.39,9.800000000000002,3.880451004715818,13.246131510746828,6.0,-1.0,45.0,28.5,2,7,B
1320,1082,False,17,1,28,1.0,28,32,0.9,27,0,1,False,0,0.6470588235294118,0.4155081934493343,$28 for sure,10% chance of $27; 90% chance of $32,28.0,31.5,0.0,1.4999999999999998,28.0,27.0,28.0,32.0,1,2,B
1324,1085,False,17,1,-3,1.0,-3,66,0.01,1,2,7,False,0,0.8941176470588235,0.1748949264390412,-$3 for sure,99% chance of $1; 0.5% chance of $60; 0.25% chance of $62; 0.125% chance of $66; 0.062% chance of $74; 0.031% chance of $90; 0.016% chance of $122; 0.016% chance of $186,-3.0,1.6500000000000075,0.0,6.708762926203411,-3.0,1.0,-3.0,186.0,1,8,B
1326,1086,False,17,1,-6,1.0,-6,3,0.1,-5,0,1,False,0,0.8352941176470587,0.2849148479602901,-$6 for sure,90% chance of -$5; 10% chance of $3,-6.0,-4.2,0.0,2.4000000000000004,-6.0,-5.0,-6.0,3.0,1,2,B
1327,1087,False,17,1,30,0.6,23,42,0.95,31,0,1,False,0,0.5647058823529411,0.3823303160726799,60% chance of $30; 40% chance of $23,5% chance of $31; 95% chance of $42,27.200000000000003,41.45,3.4292856398964497,2.3973944189473713,23.0,31.0,30.0,42.0,2,2,B
1333,1092,False,16,1,-2,1.0,-2,1,0.99,0,2,4,False,0,0.8000000000000002,0.2633122354417533,-$2 for sure,1% chance of $0; 49.5% chance of -$2; 24.75% chance of $0; 12.375% chance of $4; 12.375% chance of $12,-2.0,0.9900000000000001,0.0,4.560690737158134,-2.0,-2.0,-2.0,12.0,1,5,B
1336,1095,False,16,1,13,1.0,13,24,0.6,0,0,1,False,0,0.425,0.3415650255319866,$13 for sure,40% chance of $0; 60% chance of $24,13.0,14.399999999999999,0.0,11.757550765359255,13.0,0.0,13.0,24.0,1,2,A
1338,1096,False,16,1,21,1.0,21,25,0.6,11,0,1,False,0,0.6000000000000001,0.4,$21 for sure,40% chance of $11; 60% chance of $25,21.0,19.4,0.0,6.858571279792899,21.0,11.0,21.0,25.0,1,2,B
1339,1097,False,16,1,26,1.0,26,30,0.99,29,0,1,False,0,0.7625000000000001,0.3518996068956789,$26 for sure,1% chance of $29; 99% chance of $30,26.0,29.99,0.0,0.09949874371066204,26.0,29.0,26.0,30.0,1,2,B
1344,1102,False,16,1,86,0.05,13,15,0.9,14,0,1,False,0,0.3875,0.4031128874149274,5% chance of $86; 95% chance of $13,10% chance of $14; 90% chance of $15,16.65,14.9,15.909981143923456,0.3,13.0,14.0,86.0,15.0,2,2,A
1352,1109,False,16,1,21,1.0,21,37,0.5,11,2,4,False,0,0.6000000000000001,0.3651483716701107,$21 for sure,50% chance of $11; 25% chance of $34; 12.5% chance of $36; 6.25% chance of $40; 6.25% chance of $48,21.0,24.0,0.0,13.397761006974262,21.0,11.0,21.0,48.0,1,5,B
1353,1110,False,16,1,24,1.0,24,32,0.99,-22,0,1,False,0,0.5875,0.4096746676734276,$24 for sure,1% chance of -$22; 99% chance of $32,24.0,31.46,0.0,5.3729321603757505,24.0,-22.0,24.0,32.0,1,2,B
1356,1113,False,16,1,-10,1.0,-10,-10,1.0,-10,2,7,False,0,0.6375000000000001,0.4014556845614054,-$10 for sure,50% chance of -$16; 25% chance of -$14; 12.5% chance of -$10; 6.25% chance of -$2; 3.125% chance of $14; 1.562% chance of $46; 1.562% chance of $110,-10.0,-10.0,0.0,17.832554500127006,-10.0,-16.0,-10.0,110.0,1,7,B
1359,1116,False,16,1,56,0.01,19,19,1.0,19,0,1,False,0,0.1875,0.3052321520853704,1% chance of $56; 99% chance of $19,$19 for sure,19.369999999999997,19.0,3.6814535172944938,0.0,19.0,19.0,56.0,19.0,2,1,A
1363,1119,False,16,1,76,0.4,-32,33,0.25,-1,0,1,False,0,0.5375000000000001,0.3556683848755748,40% chance of $76; 60% chance of -$32,75% chance of -$1; 25% chance of $33,11.200000000000003,7.5,52.90897844411665,14.722431864335457,-32.0,-1.0,76.0,33.0,2,2,B
1371,1126,False,16,1,27,0.4,-15,113,0.05,3,0,1,False,0,0.775,0.2909753712372692,40% chance of $27; 60% chance of -$15,95% chance of $3; 5% chance of $113,1.8000000000000007,8.5,20.575713839378697,23.973944189473706,-15.0,3.0,27.0,113.0,2,2,B
1379,1133,False,16,1,12,1.0,12,104,0.1,-4,1,4,False,0,0.4500000000000001,0.3759432581299117,$12 for sure,90% chance of -$4; 1.25% chance of $102.5; 3.75% chance of $103.5; 3.75% chance of $104.5; 1.25% chance of $105.5,12.0,6.800000000000003,0.0,32.40115738673544,12.0,-4.0,12.0,105.5,1,5,A
1381,1134,False,16,1,26,1.0,26,50,0.1,19,1,6,False,0,0.475,0.443471156521669,$26 for sure,90% chance of $19; 0.312% chance of $47.5; 1.562% chance of $48.5; 3.125% chance of $49.5; 3.125% chance of $50.5; 1.562% chance of $51.5; 0.312% chance of $52.5,26.0,22.1,0.0,9.306718003678847,26.0,19.0,26.0,52.5,1,7,A
1384,1136,False,16,1,-8,0.95,-19,59,0.1,-12,0,1,False,-1,0.7875,0.3304037933599835,95% chance of -$8; 5% chance of -$19,90% chance of -$12; 10% chance of $59,-8.55,-4.9,2.3973944189473713,21.3,-19.0,-12.0,-8.0,59.0,2,2,B
1392,1144,False,17,1,-4,1.0,-4,20,0.4,-12,1,6,False,0,0.7647058823529412,0.2935582916359803,-$4 for sure,60% chance of -$12; 1.25% chance of $17.5; 6.25% chance of $18.5; 12.5% chance of $19.5; 12.5% chance of $20.5; 6.25% chance of $21.5; 1.25% chance of $22.5,-4.0,0.8,0.0,15.692673449734436,-4.0,-12.0,-4.0,22.5,1,7,B
1399,1150,False,17,1,1,1.0,1,75,0.05,-3,0,1,False,0,0.3411764705882353,0.392203428607865,$1 for sure,95% chance of -$3; 5% chance of $75,1.0,0.9000000000000004,0.0,16.999705879808626,1.0,-3.0,1.0,75.0,1,2,A
1402,1152,False,17,1,21,1.0,21,28,0.1,25,0,1,False,0,0.6705882352941177,0.3933266865506855,$21 for sure,90% chance of $25; 10% chance of $28,21.0,25.3,0.0,0.9,21.0,25.0,21.0,28.0,1,2,B
1403,1153,False,17,1,-6,1.0,-6,51,0.1,-12,0,1,False,0,0.6235294117647058,0.3152963125472329,-$6 for sure,90% chance of -$12; 10% chance of $51,-6.0,-5.7,0.0,18.900000000000002,-6.0,-12.0,-6.0,51.0,1,2,B
1407,1156,False,16,1,27,0.25,12,8,0.75,-3,0,1,False,0,0.0375,0.1087811258138714,25% chance of $27; 75% chance of $12,25% chance of -$3; 75% chance of $8,15.75,5.25,6.49519052838329,4.763139720814412,12.0,-3.0,27.0,8.0,2,2,A
1409,1157,False,16,1,-7,1.0,-7,1,0.75,-17,0,1,False,0,0.7125000000000001,0.35,-$7 for sure,25% chance of -$17; 75% chance of $1,-7.0,-3.5,0.0,7.794228634059948,-7.0,-17.0,-7.0,1.0,1,2,B
1412,1160,False,16,1,9,1.0,9,16,0.2,1,0,1,False,0,0.2875,0.2825479310370779,$9 for sure,80% chance of $1; 20% chance of $16,9.0,4.0,0.0,6.0,9.0,1.0,9.0,16.0,1,2,A
1415,1162,False,16,1,16,0.75,-29,72,0.05,1,0,1,False,0,0.6749999999999998,0.2294921930407801,75% chance of $16; 25% chance of -$29,95% chance of $1; 5% chance of $72,4.75,4.55,19.48557158514987,15.474091249569392,-29.0,1.0,16.0,72.0,2,2,B
1430,1176,False,16,1,29,1.0,29,71,0.25,14,0,1,False,0,0.55,0.3759432581299116,$29 for sure,75% chance of $14; 25% chance of $71,29.0,28.25,0.0,24.681724007856502,29.0,14.0,29.0,71.0,1,2,B
1433,1179,False,16,1,12,1.0,12,10,0.6,4,1,2,False,0,0.1375,0.2704933763822446,$12 for sure,40% chance of $4; 30% chance of $9.5; 30% chance of $10.5,12.0,7.6,0.0,2.9647934160747185,12.0,4.0,12.0,10.5,1,3,A
1437,1182,False,16,1,24,0.99,6,25,0.75,5,0,1,False,0,0.275,0.3336665001664586,99% chance of $24; 1% chance of $6,25% chance of $5; 75% chance of $25,23.819999999999997,20.0,1.7909773867919168,8.660254037844387,6.0,5.0,24.0,25.0,2,2,A
1439,1184,False,16,1,0,0.6,-18,8,0.4,-28,2,8,False,0,0.7625,0.2848976424378879,60% chance of $0; 40% chance of -$18,60% chance of -$28; 20% chance of $1; 10% chance of $3; 5% chance of $7; 2.5% chance of $15; 1.25% chance of $31; 0.625% chance of $63; 0.312% chance of $127; 0.312% chance of $255,-7.2,-13.600000000000025,8.818163074019441,24.187600128991583,-18.0,-28.0,0.0,255.0,2,9,B
1446,1190,False,16,1,22,0.75,-29,13,0.6,-1,2,6,False,0,0.6625000000000001,0.3556683848755747,75% chance of $22; 25% chance of -$29,40% chance of -$1; 30% chance of $8; 15% chance of $10; 7.5% chance of $14; 3.75% chance of $22; 1.875% chance of $38; 1.875% chance of $70,9.25,7.400000000000002,22.083647796503186,11.473447607410778,-29.0,-1.0,22.0,70.0,2,7,B
1448,1191,False,16,1,30,1.0,30,87,0.5,-20,2,5,False,0,0.475,0.3642343567906062,$30 for sure,50% chance of -$20; 25% chance of $83; 12.5% chance of $85; 6.25% chance of $89; 3.125% chance of $97; 3.125% chance of $113,30.0,33.5,0.0,53.77034498680476,30.0,-20.0,30.0,113.0,1,6,A
1451,1193,False,16,1,52,0.6,-5,29,0.1,25,0,1,False,0,0.575,0.2816617356570348,60% chance of $52; 40% chance of -$5,90% chance of $25; 10% chance of $29,29.2,25.4,27.92418306772823,1.2000000000000002,-5.0,25.0,52.0,29.0,2,2,B
1453,1194,False,16,1,31,0.4,-29,6,0.4,-23,0,1,False,0,0.1875,0.2680174123696692,40% chance of $31; 60% chance of -$29,60% chance of -$23; 40% chance of $6,-4.999999999999998,-11.399999999999999,29.393876913398138,14.207040508142432,-29.0,-23.0,31.0,6.0,2,2,A
1455,1195,False,16,1,14,1.0,14,41,0.2,3,0,1,False,0,0.4,0.3794733192202056,$14 for sure,80% chance of $3; 20% chance of $41,14.0,10.600000000000001,0.0,15.200000000000001,14.0,3.0,14.0,41.0,1,2,A
1456,1196,False,16,1,16,0.99,3,46,0.2,-2,1,4,False,0,0.25,0.3829708431025353,99% chance of $16; 1% chance of $3,80% chance of -$2; 2.5% chance of $44.5; 7.5% chance of $45.5; 7.5% chance of $46.5; 2.5% chance of $47.5,15.87,7.600000000000001,1.2934836682386064,19.203905852716524,3.0,-2.0,16.0,47.5,2,5,A
1459,1198,False,16,1,92,0.05,15,27,0.95,21,1,2,False,0,0.55,0.3687817782917155,5% chance of $92; 95% chance of $15,5% chance of $21; 47.5% chance of $26.5; 47.5% chance of $27.5,18.85,26.7,16.781760932631595,1.3955285736952867,15.0,21.0,92.0,27.5,2,3,B
1461,1199,False,16,1,31,0.25,28,38,0.4,18,0,1,False,0,0.325,0.3087609647175843,25% chance of $31; 75% chance of $28,60% chance of $18; 40% chance of $38,28.75,26.0,1.299038105676658,9.797958971132712,28.0,18.0,31.0,38.0,2,2,A
1467,1204,False,16,1,9,0.95,-17,31,0.1,13,1,4,False,0,0.875,0.2175622516277429,95% chance of $9; 5% chance of -$17,90% chance of $13; 1.25% chance of $29.5; 3.75% chance of $30.5; 3.75% chance of $31.5; 1.25% chance of $32.5,7.699999999999998,14.800000000000002,5.666568626602878,5.406939984871295,-17.0,13.0,9.0,32.5,2,5,B
1472,1208,False,16,1,36,0.05,-5,5,0.4,-7,1,4,False,0,0.4375000000000001,0.3518996068956789,5% chance of $36; 95% chance of -$5,60% chance of -$7; 5% chance of $3.5; 15% chance of $4.5; 15% chance of $5.5; 5% chance of $6.5,-2.95,-2.2,8.935742834258381,5.9042357676502055,-5.0,-7.0,36.0,6.5,2,5,A
1474,1209,False,16,1,57,0.5,-9,18,0.8,2,0,1,False,0,0.4625,0.4177319714841085,50% chance of $57; 50% chance of -$9,20% chance of $2; 80% chance of $18,24.0,14.8,33.0,6.3999999999999995,-9.0,2.0,57.0,18.0,2,2,A
1478,1212,False,16,1,19,0.5,-29,36,0.1,-17,2,3,False,0,0.425,0.3924283374069717,50% chance of $19; 50% chance of -$29,90% chance of -$17; 5% chance of $34; 2.5% chance of $36; 2.5% chance of $40,-5.0,-11.700000000000003,24.0,15.918856742869442,-29.0,-17.0,19.0,40.0,2,4,A
1480,1214,False,31,1,22,1.0,22,27,0.5,5,1,2,False,0,0.3870967741935484,0.3649127160329996,$22 for sure,50% chance of $5; 25% chance of $26.5; 25% chance of $27.5,22.0,16.0,0.0,11.00568035152757,22.0,5.0,22.0,27.5,1,3,A
1482,1215,False,15,1,15,1.0,15,27,0.75,-2,0,1,False,0,0.56,0.4014260294784796,$15 for sure,25% chance of -$2; 75% chance of $27,15.0,19.75,0.0,12.55736835487436,15.0,-2.0,15.0,27.0,1,2,B
1484,1216,False,15,1,28,1.0,28,42,0.8,-5,0,1,False,0,0.7333333333333333,0.3754362541795624,$28 for sure,20% chance of -$5; 80% chance of $42,28.0,32.6,0.0,18.799999999999997,28.0,-5.0,28.0,42.0,1,2,B
1485,1217,False,15,1,28,1.0,28,74,0.25,26,1,8,False,0,0.68,0.352946778667023,$28 for sure,75% chance of $26; 0.195% chance of $70.5; 1.367% chance of $71.5; 4.102% chance of $72.5; 6.836% chance of $73.5; 6.836% chance of $74.5; 4.102% chance of $75.5; 1.367% chance of $76.5; 0.195% chance of $77.5,28.0,38.0,0.0,20.79513164180501,28.0,26.0,28.0,77.5,1,9,B
1492,1223,False,15,1,19,0.2,-6,-4,0.25,-5,0,1,False,1,0.2,0.2828427124746189,20% chance of $19; 80% chance of -$6,75% chance of -$5; 25% chance of -$4,-1.0000000000000004,-4.75,10.0,0.4330127018922193,-6.0,-5.0,19.0,-4.0,2,2,A
1497,1227,False,16,1,-5,0.95,-22,93,0.1,-20,0,1,False,0,0.5875,0.4096746676734275,95% chance of -$5; 5% chance of -$22,90% chance of -$20; 10% chance of $93,-5.850000000000001,-8.7,3.705064102009574,33.900000000000006,-22.0,-20.0,-5.0,93.0,2,2,B
1498,1228,False,16,1,13,1.0,13,35,0.05,14,0,1,False,0,0.7,0.3577708763999663,$13 for sure,95% chance of $14; 5% chance of $35,13.0,15.049999999999999,0.0,4.576843890717708,13.0,14.0,13.0,35.0,1,2,B
1500,1229,False,16,1,15,1.0,15,16,0.75,1,1,8,False,0,0.375,0.4057914078275521,$15 for sure,25% chance of $1; 0.586% chance of $12.5; 4.102% chance of $13.5; 12.305% chance of $14.5; 20.508% chance of $15.5; 20.508% chance of $16.5; 12.305% chance of $17.5; 4.102% chance of $18.5; 0.586% chance of $19.5,15.0,12.25,0.0,6.59545297913646,15.0,1.0,15.0,19.5,1,9,A
1504,1233,False,16,1,19,1.0,19,49,0.6,-22,0,1,False,0,0.2375,0.2655183609470351,$19 for sure,40% chance of -$22; 60% chance of $49,19.0,20.599999999999998,0.0,34.78275434752113,19.0,-22.0,19.0,49.0,1,2,A
1506,1234,False,16,1,2,0.9,-6,29,0.4,-24,0,1,False,0,0.3750000000000001,0.3336665001664586,90% chance of $2; 10% chance of -$6,60% chance of -$24; 40% chance of $29,1.2000000000000002,-2.799999999999997,2.4,25.964591273501686,-6.0,-24.0,2.0,29.0,2,2,A
1519,1246,False,17,1,19,1.0,19,35,0.5,10,2,4,False,0,0.4470588235294117,0.3043797937175354,$19 for sure,50% chance of $10; 25% chance of $32; 12.5% chance of $34; 6.25% chance of $38; 6.25% chance of $46,19.0,22.5,0.0,12.913171570144957,19.0,10.0,19.0,46.0,1,5,A
1522,1248,False,17,1,54,0.01,-2,4,0.75,-22,1,8,False,0,0.5529411764705884,0.3842486939776497,1% chance of $54; 99% chance of -$2,25% chance of -$22; 0.586% chance of $0.5; 4.102% chance of $1.5; 12.305% chance of $2.5; 20.508% chance of $3.5; 20.508% chance of $4.5; 12.305% chance of $5.5; 4.102% chance of $6.5; 0.586% chance of $7.5,-1.44,-2.5,5.571929647797072,11.316470297756275,-2.0,-22.0,54.0,7.5,2,9,B
1525,1250,False,17,1,72,0.4,-35,16,0.2,7,0,1,False,0,0.5764705882352941,0.4115966043420212,40% chance of $72; 60% chance of -$35,80% chance of $7; 20% chance of $16,7.800000000000001,8.8,52.41908049556001,3.6,-35.0,7.0,72.0,16.0,2,2,B
1530,1255,False,17,1,30,0.05,2,3,1.0,3,0,1,False,0,0.3529411764705882,0.4094472601245848,5% chance of $30; 95% chance of $2,$3 for sure,3.4,3.0,6.102458520956944,0.0,2.0,3.0,30.0,3.0,2,1,A
1533,1257,False,16,1,-2,0.4,-10,68,0.25,-25,3,2,False,0,0.65,0.3464101615137754,40% chance of -$2; 60% chance of -$10,75% chance of -$25; 12.5% chance of $69; 12.5% chance of $67,-6.8,-1.75,3.919183588453085,40.273285190061166,-10.0,-25.0,-2.0,69.0,2,3,B
1536,1260,False,16,1,-4,1.0,-4,118,0.2,-37,1,4,False,0,0.6249999999999999,0.3568379650952703,-$4 for sure,80% chance of -$37; 2.5% chance of $116.5; 7.5% chance of $117.5; 7.5% chance of $118.5; 2.5% chance of $119.5,-4.0,-5.999999999999998,0.0,62.001209665618624,-4.0,-37.0,-4.0,119.5,1,5,B
1543,1266,False,16,1,84,0.2,-26,40,0.05,-10,0,1,False,0,0.4625,0.3844910055298216,20% chance of $84; 80% chance of -$26,95% chance of -$10; 5% chance of $40,-4.0,-7.5,44.0,10.897247358851684,-26.0,-10.0,84.0,40.0,2,2,A
1548,1270,False,16,1,8,1.0,8,39,0.5,-33,0,1,False,0,0.4125,0.4161329915623929,$8 for sure,50% chance of -$33; 50% chance of $39,8.0,3.0,0.0,36.0,8.0,-33.0,8.0,39.0,1,2,A
1560,1282,False,16,1,-6,1.0,-6,-1,0.9,-19,2,6,False,0,0.775,0.2909753712372692,-$6 for sure,10% chance of -$19; 45% chance of -$6; 22.5% chance of -$4; 11.25% chance of $0; 5.625% chance of $8; 2.812% chance of $24; 2.812% chance of $56,-6.0,-2.8000000000000016,0.0,12.492397688194204,-6.0,-19.0,-6.0,56.0,1,7,B
1561,1283,False,16,1,6,1.0,6,106,0.05,-5,0,1,False,0,0.3375,0.3403429642777023,$6 for sure,95% chance of -$5; 5% chance of $106,6.0,0.5500000000000007,0.0,24.19188913665074,6.0,-5.0,6.0,106.0,1,2,A
1573,1294,False,16,1,20,0.75,12,46,0.4,-12,0,1,False,1,0.175,0.204939015319192,75% chance of $20; 25% chance of $12,60% chance of -$12; 40% chance of $46,18.0,11.200000000000003,3.4641016151377544,28.414081016284864,12.0,-12.0,20.0,46.0,2,2,A
1575,1295,False,31,1,54,0.2,-10,84,0.05,-4,0,1,False,0,0.5741935483870968,0.3924009360636846,20% chance of $54; 80% chance of -$10,95% chance of -$4; 5% chance of $84,2.8000000000000007,0.40000000000000036,25.6,19.179155351578963,-10.0,-4.0,54.0,84.0,2,2,B
1578,1297,False,16,1,108,0.25,-4,53,0.4,-4,0,1,False,-1,0.375,0.4057914078275521,25% chance of $108; 75% chance of -$4,60% chance of -$4; 40% chance of $53,24.0,18.800000000000004,48.49742261192856,27.92418306772823,-4.0,-4.0,108.0,53.0,2,2,A
1580,1299,False,18,1,-8,1.0,-8,41,0.5,-45,1,6,False,0,0.7555555555555555,0.3257971621264882,-$8 for sure,50% chance of -$45; 1.562% chance of $38.5; 7.812% chance of $39.5; 15.625% chance of $40.5; 15.625% chance of $41.5; 7.812% chance of $42.5; 1.562% chance of $43.5,-8.0,-2.0,0.0,43.00726682782806,-8.0,-45.0,-8.0,43.5,1,7,B
1582,1300,False,18,1,29,1.0,29,51,0.25,24,1,2,False,0,0.8111111111111112,0.2867441755680876,$29 for sure,75% chance of $24; 12.5% chance of $50.5; 12.5% chance of $51.5,29.0,30.75,0.0,11.6940155635265,29.0,24.0,29.0,51.5,1,3,B
1584,1301,False,16,1,4,1.0,4,11,0.2,0,0,1,False,0,0.3125000000000001,0.3575378767813745,$4 for sure,80% chance of $0; 20% chance of $11,4.0,2.2,0.0,4.4,4.0,0.0,4.0,11.0,1,2,A
1588,1305,False,18,1,96,0.4,-31,31,0.8,-15,3,5,False,0,0.7111111111111111,0.3233808333817773,40% chance of $96; 60% chance of -$31,20% chance of -$15; 40% chance of $35; 20% chance of $33; 10% chance of $29; 5% chance of $21; 5% chance of $5,19.800000000000008,21.8,62.217039466692725,19.62039754948915,-31.0,-15.0,96.0,35.0,2,6,B
1592,1308,False,18,1,-4,1.0,-4,-7,0.95,-10,2,3,False,0,0.2,0.3429971702850177,-$4 for sure,5% chance of -$10; 47.5% chance of -$9; 23.75% chance of -$7; 23.75% chance of -$3,-4.0,-7.15,0.0,2.475378758897313,-4.0,-10.0,-4.0,-3.0,1,4,A
1594,1309,False,16,1,3,0.75,-25,-4,0.75,-11,1,8,False,0,0.2625,0.307408522978788,75% chance of $3; 25% chance of -$25,25% chance of -$11; 0.586% chance of -$7.5; 4.102% chance of -$6.5; 12.305% chance of -$5.5; 20.508% chance of -$4.5; 20.508% chance of -$3.5; 12.305% chance of -$2.5; 4.102% chance of -$1.5; 0.586% chance of -$0.5,-4.0,-5.75,12.12435565298214,3.24037034920393,-25.0,-11.0,3.0,-0.5,2,9,A
1597,1311,False,16,1,17,0.9,-4,60,0.05,18,1,8,False,0,0.85,0.2581988897471611,90% chance of $17; 10% chance of -$4,95% chance of $18; 0.039% chance of $56.5; 0.273% chance of $57.5; 0.82% chance of $58.5; 1.367% chance of $59.5; 1.367% chance of $60.5; 0.82% chance of $61.5; 0.273% chance of $62.5; 0.039% chance of $63.5,14.9,20.099999999999998,6.299999999999999,9.158466028762678,-4.0,18.0,17.0,63.5,2,9,B
1601,1314,False,16,1,1,1.0,1,41,0.6,-48,0,1,False,0,0.6625000000000001,0.3480900266693469,$1 for sure,40% chance of -$48; 60% chance of $41,1.0,5.399999999999995,0.0,43.60091742154057,1.0,-48.0,1.0,41.0,1,2,B
1602,1315,False,16,1,19,0.75,-16,9,0.01,9,3,3,False,0,0.6000000000000001,0.3723797345005051,75% chance of $19; 25% chance of -$16,99% chance of $9; 0.5% chance of $11; 0.25% chance of $9; 0.25% chance of $5,10.25,9.000000000000002,15.155444566227676,0.24494897427832057,-16.0,5.0,19.0,11.0,2,4,B
1606,1318,False,16,1,-1,1.0,-1,1,0.9,-18,0,1,False,0,0.6249999999999999,0.3492849839314596,-$1 for sure,10% chance of -$18; 90% chance of $1,-1.0,-0.8999999999999996,0.0,5.699999999999999,-1.0,-18.0,-1.0,1.0,1,2,B
1608,1319,False,16,1,20,1.0,20,73,0.2,-1,0,1,False,0,0.25,0.3141125063837265,$20 for sure,80% chance of -$1; 20% chance of $73,20.0,13.8,0.0,29.6,20.0,-1.0,20.0,73.0,1,2,A
1612,1322,False,16,1,35,0.6,18,46,0.2,28,1,4,False,0,0.55,0.322490309931942,60% chance of $35; 40% chance of $18,80% chance of $28; 2.5% chance of $44.5; 7.5% chance of $45.5; 7.5% chance of $46.5; 2.5% chance of $47.5,28.2,31.600000000000005,8.328265125462805,7.210409142344143,18.0,28.0,35.0,47.5,2,5,B
1616,1325,False,16,1,17,0.95,-12,16,1.0,16,2,7,False,0,0.8500000000000001,0.2780887148615228,95% chance of $17; 5% chance of -$12,50% chance of $10; 25% chance of $12; 12.5% chance of $16; 6.25% chance of $24; 3.125% chance of $40; 1.562% chance of $72; 1.562% chance of $136,15.549999999999997,16.0,6.320403468133979,17.832554500127006,-12.0,10.0,17.0,136.0,2,7,B
1620,1328,False,16,1,51,0.2,-24,117,0.1,-21,1,4,False,0,0.7125,0.3575378767813745,20% chance of $51; 80% chance of -$24,90% chance of -$21; 1.25% chance of $115.5; 3.75% chance of $116.5; 3.75% chance of $117.5; 1.25% chance of $118.5,-9.000000000000002,-7.199999999999997,30.0,41.400905787192634,-24.0,-21.0,51.0,118.5,2,5,B
1623,1330,False,16,1,23,1.0,23,41,0.1,15,1,6,False,0,0.475,0.4312771730569565,$23 for sure,90% chance of $15; 0.312% chance of $38.5; 1.562% chance of $39.5; 3.125% chance of $40.5; 3.125% chance of $41.5; 1.562% chance of $42.5; 0.312% chance of $43.5,23.0,17.6,0.0,7.808008709011536,23.0,15.0,23.0,43.5,1,7,A
1625,1331,False,16,1,13,1.0,13,88,0.01,12,0,1,False,0,0.6375,0.3879432948254165,$13 for sure,99% chance of $12; 1% chance of $88,13.0,12.76,0.0,7.561904522010312,13.0,12.0,13.0,88.0,1,2,B
1628,1333,False,16,1,26,1.0,26,31,0.2,20,2,7,False,0,0.5500000000000002,0.4098780306383839,$26 for sure,80% chance of $20; 10% chance of $25; 5% chance of $27; 2.5% chance of $31; 1.25% chance of $39; 0.625% chance of $55; 0.312% chance of $87; 0.312% chance of $151,26.0,22.199999999999985,0.0,9.10823802938848,26.0,20.0,26.0,151.0,1,8,B
1631,1336,False,16,1,8,0.99,-17,17,0.5,-4,0,1,False,0,0.3375,0.4177319714841085,99% chance of $8; 1% chance of -$17,50% chance of -$4; 50% chance of $17,7.75,6.5,2.4874685927665507,10.5,-17.0,-4.0,8.0,17.0,2,2,A
1632,1337,False,16,1,36,0.5,-46,17,0.01,-8,0,1,False,-1,0.4625,0.3774917217635375,50% chance of $36; 50% chance of -$46,99% chance of -$8; 1% chance of $17,-5.0,-7.75,41.0,2.48746859276655,-46.0,-8.0,36.0,17.0,2,2,A
1634,1338,False,16,1,-3,1.0,-3,13,0.6,-24,1,2,False,0,0.7375,0.3556683848755748,-$3 for sure,40% chance of -$24; 30% chance of $12.5; 30% chance of $13.5,-3.0,-1.8000000000000016,0.0,18.130361276047427,-3.0,-24.0,-3.0,13.5,1,3,B
1638,1341,False,16,1,-4,1.0,-4,-4,1.0,-4,1,6,False,0,0.5875,0.4161329915623929,-$4 for sure,3.125% chance of -$6.5; 15.625% chance of -$5.5; 31.25% chance of -$4.5; 31.25% chance of -$3.5; 15.625% chance of -$2.5; 3.125% chance of -$1.5,-4.0,-4.0,0.0,1.118033988749895,-4.0,-6.5,-4.0,-1.5,1,6,B
1641,1343,False,16,1,36,0.25,5,119,0.2,-11,0,1,False,0,0.3604166666666666,0.3129829601325499,25% chance of $36; 75% chance of $5,80% chance of -$11; 20% chance of $119,12.75,15.0,13.423393758658799,52.00000000000001,5.0,-11.0,36.0,119.0,2,2,A
1643,1344,False,16,1,19,1.0,19,50,0.6,-24,0,1,False,0,0.3875,0.3138470965295043,$19 for sure,40% chance of -$24; 60% chance of $50,19.0,20.4,0.0,36.252448193191036,19.0,-24.0,19.0,50.0,1,2,A
1649,1349,False,16,1,24,0.75,1,22,0.95,-37,3,5,False,1,0.2,0.3098386676965933,75% chance of $24; 25% chance of $1,5% chance of -$37; 47.5% chance of $26; 23.75% chance of $24; 11.875% chance of $20; 5.938% chance of $12; 5.938% chance of -$4,18.25,19.049999999999994,9.959292143521045,14.847474532727786,1.0,-37.0,24.0,26.0,2,6,A
1653,1352,False,16,1,-7,1.0,-7,-9,0.75,-14,0,1,False,0,0.1875,0.2578759391645526,-$7 for sure,25% chance of -$14; 75% chance of -$9,-7.0,-10.25,0.0,2.165063509461097,-7.0,-14.0,-7.0,-9.0,1,2,A
1655,1353,False,16,1,13,1.0,13,27,0.01,4,0,1,False,0,0.2375,0.311715682420161,$13 for sure,99% chance of $4; 1% chance of $27,13.0,4.23,0.0,2.288471105345226,13.0,4.0,13.0,27.0,1,2,A
1679,1376,False,16,1,25,0.8,15,35,0.05,26,0,1,False,0,0.8,0.3098386676965933,80% chance of $25; 20% chance of $15,95% chance of $26; 5% chance of $35,23.0,26.45,3.9999999999999996,1.961504524593303,15.0,26.0,25.0,35.0,2,2,B
1682,1378,False,16,1,74,0.25,-38,-1,0.2,-4,0,1,False,-1,0.525,0.4057914078275521,25% chance of $74; 75% chance of -$38,80% chance of -$4; 20% chance of -$1,-10.0,-3.4000000000000004,48.49742261192856,1.2,-38.0,-4.0,74.0,-1.0,2,2,B
1687,1382,False,16,1,8,0.2,-7,7,0.6,-30,3,6,False,1,0.6125,0.3537890143385839,20% chance of $8; 80% chance of -$7,40% chance of -$30; 30% chance of $12; 15% chance of $10; 7.5% chance of $6; 3.75% chance of -$2; 1.875% chance of -$18; 1.875% chance of -$50,-4.0,-7.800000000000002,6.0,20.32633759436264,-7.0,-50.0,8.0,12.0,2,7,B
1695,1388,False,16,1,27,1.0,27,62,0.25,16,0,1,False,0,0.4625,0.4112987559751022,$27 for sure,75% chance of $16; 25% chance of $62,27.0,27.5,0.0,19.91858428704209,27.0,16.0,27.0,62.0,1,2,A
1698,1390,False,16,1,-2,0.99,-29,5,0.01,-1,0,1,False,0,0.85,0.2,99% chance of -$2; 1% chance of -$29,99% chance of -$1; 1% chance of $5,-2.2700000000000005,-0.94,2.6864660801878752,0.596992462263972,-29.0,-1.0,-2.0,5.0,2,2,B
1704,1395,False,16,1,37,0.2,27,49,0.2,29,0,1,False,0,0.7375,0.2986078811194819,20% chance of $37; 80% chance of $27,80% chance of $29; 20% chance of $49,29.0,33.0,4.0,8.0,27.0,29.0,37.0,49.0,2,2,B
1707,1397,False,16,1,7,1.0,7,94,0.05,8,1,6,False,0,0.725,0.2909753712372692,$7 for sure,95% chance of $8; 0.156% chance of $91.5; 0.781% chance of $92.5; 1.562% chance of $93.5; 1.562% chance of $94.5; 0.781% chance of $95.5; 0.156% chance of $96.5,7.0,12.299999999999999,0.0,18.744932648585323,7.0,8.0,7.0,96.5,1,7,B
1711,1401,False,16,1,34,0.2,-20,17,0.4,-41,2,7,False,0,0.6749999999999999,0.3255764119219941,20% chance of $34; 80% chance of -$20,60% chance of -$41; 20% chance of $11; 10% chance of $13; 5% chance of $17; 2.5% chance of $25; 1.25% chance of $41; 0.625% chance of $73; 0.625% chance of $137,-9.2,-17.800000000000008,21.6,30.57057408685677,-20.0,-41.0,34.0,137.0,2,8,B
1713,1403,False,16,1,-9,0.99,-16,-3,0.8,-34,0,1,False,0,0.4,0.4442221666388715,99% chance of -$9; 1% chance of -$16,20% chance of -$34; 80% chance of -$3,-9.07,-9.2,0.6964912059746343,12.4,-16.0,-34.0,-9.0,-3.0,2,2,A
1717,1407,False,16,1,18,1.0,18,72,0.01,12,1,2,False,0,0.35,0.3306559138036599,$18 for sure,99% chance of $12; 0.5% chance of $71.5; 0.5% chance of $72.5,18.0,12.6,0.0,5.97013400184619,18.0,12.0,18.0,72.5,1,3,A
1718,1408,False,16,1,36,0.2,15,69,0.4,-16,3,3,False,-1,0.3375,0.3480900266693469,20% chance of $36; 80% chance of $15,60% chance of -$16; 20% chance of $71; 10% chance of $69; 10% chance of $65,19.2,17.999999999999996,8.4,41.670133189131995,15.0,-16.0,36.0,71.0,2,4,A
1721,1411,False,31,1,22,0.25,10,14,0.99,-3,2,7,False,0,0.4580645161290324,0.3273878368219026,25% chance of $22; 75% chance of $10,1% chance of -$3; 49.5% chance of $8; 24.75% chance of $10; 12.375% chance of $14; 6.188% chance of $22; 3.094% chance of $38; 1.547% chance of $70; 1.547% chance of $134,13.0,13.830000000000009,5.196152422706632,17.82361074530077,10.0,-3.0,22.0,134.0,2,8,A
1723,1412,False,19,1,2,1.0,2,10,0.01,6,0,1,False,0,0.7578947368421054,0.3371708921694098,$2 for sure,99% chance of $6; 1% chance of $10,2.0,6.039999999999999,0.0,0.39799497484264795,2.0,6.0,2.0,10.0,1,2,B
1727,1415,False,19,1,24,0.05,8,1,0.99,-6,0,1,False,0,0.0631578947368421,0.1640139774388806,5% chance of $24; 95% chance of $8,1% chance of -$6; 99% chance of $1,8.8,0.9299999999999999,3.4871191548325386,0.6964912059746342,8.0,-6.0,24.0,1.0,2,2,A
1729,1417,False,19,1,-8,1.0,-8,9,0.75,-38,0,1,False,0,0.6947368421052632,0.3222726316689132,-$8 for sure,25% chance of -$38; 75% chance of $9,-8.0,-2.75,0.0,20.351596988934308,-8.0,-38.0,-8.0,9.0,1,2,B
1731,1418,False,18,1,25,1.0,25,34,0.5,24,0,1,False,0,0.6777777777777778,0.3766033262724549,$25 for sure,50% chance of $24; 50% chance of $34,25.0,29.0,0.0,5.0,25.0,24.0,25.0,34.0,1,2,B
1734,1420,False,15,1,30,1.0,30,28,0.99,26,1,6,False,0,0.2533333333333333,0.341983012666391,$30 for sure,1% chance of $26; 3.094% chance of $25.5; 15.469% chance of $26.5; 30.938% chance of $27.5; 30.938% chance of $28.5; 15.469% chance of $29.5; 3.094% chance of $30.5,30.0,27.980000000000004,0.0,1.1300884921102419,30.0,25.5,30.0,30.5,1,7,A
1741,1426,False,15,1,31,0.5,-7,68,0.05,7,1,8,False,0,0.6666666666666666,0.3976119189552021,50% chance of $31; 50% chance of -$7,95% chance of $7; 0.039% chance of $64.5; 0.273% chance of $65.5; 0.82% chance of $66.5; 1.367% chance of $67.5; 1.367% chance of $68.5; 0.82% chance of $69.5; 0.273% chance of $70.5; 0.039% chance of $71.5,12.0,10.049999999999999,19.0,13.297932170078173,-7.0,7.0,31.0,71.5,2,9,B
1743,1428,False,15,1,2,1.0,2,8,0.4,-4,0,1,False,0,0.36,0.322490309931942,$2 for sure,60% chance of -$4; 40% chance of $8,2.0,0.8000000000000003,0.0,5.878775382679628,2.0,-4.0,2.0,8.0,1,2,A
1754,1438,False,16,1,12,1.0,12,13,0.6,5,0,1,False,0,0.325,0.4312771730569565,$12 for sure,40% chance of $5; 60% chance of $13,12.0,9.8,0.0,3.919183588453085,12.0,5.0,12.0,13.0,1,2,A
1766,1449,False,17,1,-2,1.0,-2,-7,0.9,-18,0,1,False,0,0.1294117647058823,0.2443478715948661,-$2 for sure,10% chance of -$18; 90% chance of -$7,-2.0,-8.1,0.0,3.2999999999999994,-2.0,-18.0,-2.0,-7.0,1,2,A
1770,1452,False,17,1,12,1.0,12,8,0.6,-6,1,6,False,0,0.2117647058823529,0.3351909025860794,$12 for sure,40% chance of -$6; 1.875% chance of $5.5; 9.375% chance of $6.5; 18.75% chance of $7.5; 18.75% chance of $8.5; 9.375% chance of $9.5; 1.875% chance of $10.5,12.0,2.3999999999999995,0.0,6.913031173081746,12.0,-6.0,12.0,10.5,1,7,A
1773,1454,False,17,1,16,1.0,16,35,0.1,13,0,1,False,0,0.4941176470588236,0.4422535870901644,$16 for sure,90% chance of $13; 10% chance of $35,16.0,15.200000000000001,0.0,6.6,16.0,13.0,16.0,35.0,1,2,A
1775,1455,False,17,1,16,0.1,-5,10,0.4,-19,2,2,False,0,0.5764705882352942,0.3455600739464592,10% chance of $16; 90% chance of -$5,60% chance of -$19; 20% chance of $9; 20% chance of $11,-2.9,-7.4,6.3,14.221111067704943,-5.0,-19.0,16.0,11.0,2,3,B
1779,1458,False,16,1,-7,1.0,-7,5,0.75,-35,1,2,False,0,0.6,0.4066120181860508,-$7 for sure,25% chance of -$35; 37.5% chance of $4.5; 37.5% chance of $5.5,-7.0,-5.0,0.0,17.32591988899868,-7.0,-35.0,-7.0,5.5,1,3,B
1785,1463,False,16,1,82,0.25,10,33,0.99,26,2,2,False,0,0.6124999999999999,0.3138470965295043,25% chance of $82; 75% chance of $10,1% chance of $26; 49.5% chance of $32; 49.5% chance of $34,28.0,32.93000000000001,31.176914536239792,1.2145369487998297,10.0,26.0,82.0,34.0,2,3,B
1789,1467,False,16,1,43,0.4,3,26,0.5,-8,0,1,False,0,0.1625,0.233452350598575,40% chance of $43; 60% chance of $3,50% chance of -$8; 50% chance of $26,19.0,9.0,19.595917942265423,17.0,3.0,-8.0,43.0,26.0,2,2,A
1791,1468,False,17,1,-6,1.0,-6,81,0.25,-35,0,1,False,0,0.5176470588235295,0.3678234870791408,-$6 for sure,75% chance of -$35; 25% chance of $81,-6.0,-6.0,0.0,50.22947341949744,-6.0,-35.0,-6.0,81.0,1,2,B
1797,1474,False,17,1,75,0.2,-25,8,0.5,-16,0,1,False,0,0.3764705882352941,0.3455600739464592,20% chance of $75; 80% chance of -$25,50% chance of -$16; 50% chance of $8,-5.0,-4.0,40.0,12.0,-25.0,-16.0,75.0,8.0,2,2,A
1804,1479,False,16,1,28,0.95,-4,33,0.25,28,3,3,False,0,0.8624999999999999,0.2704933763822446,95% chance of $28; 5% chance of -$4,75% chance of $28; 12.5% chance of $35; 6.25% chance of $33; 6.25% chance of $29,26.4,29.25,6.974238309665081,2.48746859276655,-4.0,28.0,28.0,35.0,2,4,B
1806,1481,False,16,1,29,0.9,-12,20,0.99,-4,0,1,False,0,0.4,0.3577708763999663,90% chance of $29; 10% chance of -$12,1% chance of -$4; 99% chance of $20,24.900000000000002,19.76,12.299999999999999,2.387969849055889,-12.0,-4.0,29.0,20.0,2,2,A
1812,1486,False,16,1,5,1.0,5,10,0.5,-2,3,5,False,0,0.3875,0.2963668897386031,$5 for sure,50% chance of -$2; 25% chance of $14; 12.5% chance of $12; 6.25% chance of $8; 3.125% chance of $0; 3.125% chance of -$16,5.0,4.0,0.0,8.06225774829855,5.0,-16.0,5.0,14.0,1,6,A
1815,1488,False,16,1,16,1.0,16,16,0.6,4,1,2,False,0,0.325,0.3785938897200182,$16 for sure,40% chance of $4; 30% chance of $15.5; 30% chance of $16.5,16.0,11.2,0.0,5.8915193286621745,16.0,4.0,16.0,16.5,1,3,A
1818,1490,False,16,1,3,1.0,3,31,0.01,9,1,6,False,0,0.9625,0.15,$3 for sure,99% chance of $9; 0.031% chance of $28.5; 0.156% chance of $29.5; 0.312% chance of $30.5; 0.312% chance of $31.5; 0.156% chance of $32.5; 0.031% chance of $33.5,3.0,9.219999999999999,0.0,2.1918257229989795,3.0,9.0,3.0,33.5,1,7,B
1828,1498,False,16,1,83,0.25,-5,30,0.6,-1,0,1,False,1,0.725,0.2816617356570348,25% chance of $83; 75% chance of -$5,40% chance of -$1; 60% chance of $30,17.0,17.6,38.1051177665153,15.186836405255704,-5.0,-1.0,83.0,30.0,2,2,B
1834,1503,False,16,1,21,1.0,21,68,0.4,-7,0,1,False,0,0.475,0.4057914078275521,$21 for sure,60% chance of -$7; 40% chance of $68,21.0,23.000000000000004,0.0,36.742346141747674,21.0,-7.0,21.0,68.0,1,2,A
1837,1505,False,16,1,19,1.0,19,60,0.4,-6,2,6,False,0,0.4125,0.4161329915623929,$19 for sure,60% chance of -$6; 20% chance of $55; 10% chance of $57; 5% chance of $61; 2.5% chance of $69; 1.25% chance of $85; 1.25% chance of $117,19.0,20.400000000000002,0.0,33.19397535698308,19.0,-6.0,19.0,117.0,1,7,A
1841,1508,False,16,1,6,0.95,2,14,0.8,14,0,1,False,0,0.8874999999999998,0.2305789814069501,95% chance of $6; 5% chance of $2,20% chance of $14; 80% chance of $14,5.799999999999999,14.0,0.8717797887081351,0.0,2.0,14.0,6.0,14.0,2,2,B
1845,1511,False,16,1,10,1.0,10,20,0.5,13,0,1,False,0,0.775,0.4123105625617659,$10 for sure,50% chance of $13; 50% chance of $20,10.0,16.5,0.0,3.5,10.0,13.0,10.0,20.0,1,2,B
1850,1515,False,16,1,15,1.0,15,76,0.2,-1,1,6,False,0,0.425,0.4187282332651256,$15 for sure,80% chance of -$1; 0.625% chance of $73.5; 3.125% chance of $74.5; 6.25% chance of $75.5; 6.25% chance of $76.5; 3.125% chance of $77.5; 0.625% chance of $78.5,15.0,14.4,0.0,30.80405817420815,15.0,-1.0,15.0,78.5,1,7,A
1854,1518,False,16,1,35,0.4,-38,11,0.75,-42,3,5,False,1,0.35,0.3464101615137755,40% chance of $35; 60% chance of -$38,25% chance of -$42; 37.5% chance of $15; 18.75% chance of $13; 9.375% chance of $9; 4.688% chance of $1; 4.688% chance of -$15,-8.8,-2.25,35.7625502446344,23.878599205146017,-38.0,-42.0,35.0,15.0,2,6,A
1860,1522,False,16,1,39,0.5,-31,96,0.2,-21,0,1,False,1,0.175,0.2720294101747089,50% chance of $39; 50% chance of -$31,80% chance of -$21; 20% chance of $96,4.0,2.400000000000002,35.0,46.800000000000004,-31.0,-21.0,39.0,96.0,2,2,A
1862,1523,False,16,1,46,0.8,-44,77,0.5,-14,0,1,False,0,0.5499999999999999,0.3687817782917155,80% chance of $46; 20% chance of -$44,50% chance of -$14; 50% chance of $77,28.000000000000007,31.5,35.99999999999999,45.5,-44.0,-14.0,46.0,77.0,2,2,B
1865,1526,False,16,1,-5,1.0,-5,22,0.25,-8,0,1,False,0,0.8,0.2422120283277993,-$5 for sure,75% chance of -$8; 25% chance of $22,-5.0,-0.5,0.0,12.99038105676658,-5.0,-8.0,-5.0,22.0,1,2,B
1869,1529,False,16,1,1,0.1,-6,19,0.4,-31,0,1,False,0,0.5499999999999999,0.3687817782917156,10% chance of $1; 90% chance of -$6,60% chance of -$31; 40% chance of $19,-5.300000000000001,-10.999999999999996,2.1,24.49489742783178,-6.0,-31.0,1.0,19.0,2,2,B
1872,1531,False,16,1,27,0.25,7,11,0.75,1,0,1,False,0,0.4625,0.4544227107000706,25% chance of $27; 75% chance of $7,25% chance of $1; 75% chance of $11,12.0,8.5,8.660254037844387,4.330127018922194,7.0,1.0,27.0,11.0,2,2,A
1874,1532,False,16,1,18,1.0,18,52,0.25,7,0,1,False,0,0.4749999999999999,0.4187282332651254,$18 for sure,75% chance of $7; 25% chance of $52,18.0,18.25,0.0,19.48557158514987,18.0,7.0,18.0,52.0,1,2,A
1877,1535,False,16,1,16,1.0,16,89,0.1,8,1,4,False,0,0.4125000000000001,0.4096746676734276,$16 for sure,90% chance of $8; 1.25% chance of $87.5; 3.75% chance of $88.5; 3.75% chance of $89.5; 1.25% chance of $90.5,16.0,16.100000000000005,0.0,24.301543160877667,16.0,8.0,16.0,90.5,1,5,A
1881,1538,False,16,1,23,1.0,23,67,0.01,26,0,1,False,0,0.6875,0.4440345331915826,$23 for sure,99% chance of $26; 1% chance of $67,23.0,26.41,0.0,4.079448492137142,23.0,26.0,23.0,67.0,1,2,B
1882,1539,False,16,1,20,1.0,20,39,0.01,10,0,1,False,0,0.2,0.2309401076758503,$20 for sure,99% chance of $10; 1% chance of $39,20.0,10.290000000000001,0.0,2.885463567609198,20.0,10.0,20.0,39.0,1,2,A
1886,1542,False,16,1,-9,1.0,-9,70,0.05,-20,0,1,False,0,0.3875,0.3461695153148719,-$9 for sure,95% chance of -$20; 5% chance of $70,-9.0,-15.5,0.0,19.615045245933032,-9.0,-20.0,-9.0,70.0,1,2,A
1887,1543,False,16,1,19,1.0,19,69,0.05,13,0,1,False,0,0.3625,0.3810074364978545,$19 for sure,95% chance of $13; 5% chance of $69,19.0,15.8,0.0,12.204917041913887,19.0,13.0,19.0,69.0,1,2,A
1889,1544,False,16,1,23,1.0,23,73,0.6,-23,0,1,False,0,0.175,0.2294921930407801,$23 for sure,40% chance of -$23; 60% chance of $73,23.0,34.599999999999994,0.0,47.03020306143702,23.0,-23.0,23.0,73.0,1,2,A
1891,1545,False,16,1,24,1.0,24,62,0.4,8,0,1,False,0,0.55,0.3687817782917155,$24 for sure,60% chance of $8; 40% chance of $62,24.0,29.6,0.0,26.454489222058324,24.0,8.0,24.0,62.0,1,2,B
1896,1549,False,16,1,106,0.25,-30,18,0.2,0,0,1,False,0,0.4875,0.3862210075418822,25% chance of $106; 75% chance of -$30,80% chance of $0; 20% chance of $18,4.0,3.6,58.88972745734183,7.200000000000001,-30.0,0.0,106.0,18.0,2,2,A
1901,1554,False,16,1,118,0.2,-7,38,0.6,-25,0,1,False,-1,0.4,0.4,20% chance of $118; 80% chance of -$7,40% chance of -$25; 60% chance of $38,18.0,12.8,50.0,30.863570759068043,-7.0,-25.0,118.0,38.0,2,2,A
1903,1556,False,16,1,25,1.0,25,24,0.75,9,0,1,False,0,0.3125000000000001,0.3263433774416145,$25 for sure,25% chance of $9; 75% chance of $24,25.0,20.25,0.0,6.49519052838329,25.0,9.0,25.0,24.0,1,2,A
1905,1558,False,16,1,2,1.0,2,-6,0.99,-9,1,6,False,0,0.1,0.1788854381999831,$2 for sure,1% chance of -$9; 3.094% chance of -$8.5; 15.469% chance of -$7.5; 30.938% chance of -$6.5; 30.938% chance of -$5.5; 15.469% chance of -$4.5; 3.094% chance of -$3.5,2.0,-6.030000000000001,0.0,1.1517812292271479,2.0,-9.0,2.0,-3.5,1,7,A
1907,1559,False,16,1,6,0.95,-43,116,0.2,-28,0,1,False,0,0.3875,0.4161329915623929,95% chance of $6; 5% chance of -$43,80% chance of -$28; 20% chance of $116,3.549999999999997,0.8000000000000007,10.679302411674655,57.60000000000001,-43.0,-28.0,6.0,116.0,2,2,A
1912,1564,False,16,1,8,0.75,-12,66,0.25,-15,1,8,False,0,0.625,0.4312771730569565,75% chance of $8; 25% chance of -$12,75% chance of -$15; 0.195% chance of $62.5; 1.367% chance of $63.5; 4.102% chance of $64.5; 6.836% chance of $65.5; 6.836% chance of $66.5; 4.102% chance of $67.5; 1.367% chance of $68.5; 0.195% chance of $69.5,3.0,5.25,8.660254037844387,35.08026510732209,-12.0,-15.0,8.0,69.5,2,9,B
1920,1570,False,16,1,-9,0.99,-38,3,0.6,-26,0,1,False,0,0.55,0.4531372124791047,99% chance of -$9; 1% chance of -$38,40% chance of -$26; 60% chance of $3,-9.290000000000001,-8.600000000000001,2.8854635676091993,14.207040508142432,-38.0,-26.0,-9.0,3.0,2,2,B
1927,1576,False,19,1,0,1.0,0,51,0.01,-4,0,1,False,0,0.6947368421052633,0.3792883456195392,$0 for sure,99% chance of -$4; 1% chance of $51,0.0,-3.45,0.0,5.47243090408641,0.0,-4.0,0.0,51.0,1,2,B
1928,1577,False,20,1,67,0.1,6,45,0.01,13,3,4,False,0,0.56,0.3816860103885336,10% chance of $67; 90% chance of $6,99% chance of $13; 0.5% chance of $48; 0.25% chance of $46; 0.125% chance of $42; 0.125% chance of $34,12.100000000000001,13.320000000000004,18.3,3.2167685648799855,6.0,13.0,67.0,48.0,2,5,B
1929,1578,False,21,1,23,1.0,23,70,0.4,-14,0,1,False,0,0.3904761904761904,0.3871753632461161,$23 for sure,60% chance of -$14; 40% chance of $70,23.0,19.6,0.0,41.15142767875739,23.0,-14.0,23.0,70.0,1,2,A
1931,1579,False,21,1,35,0.2,4,40,0.5,-15,3,4,False,0,0.5428571428571428,0.3956910771946072,20% chance of $35; 80% chance of $4,50% chance of -$15; 25% chance of $43; 12.5% chance of $41; 6.25% chance of $37; 6.25% chance of $29,10.2,12.5,12.4,27.690250992000777,4.0,-15.0,35.0,43.0,2,5,B
1932,1580,False,17,1,1,0.9,-13,0,1.0,0,1,4,False,0,0.4588235294117648,0.4228753118967395,90% chance of $1; 10% chance of -$13,12.5% chance of -$1.5; 37.5% chance of -$0.5; 37.5% chance of $0.5; 12.5% chance of $1.5,-0.3999999999999998,0.0,4.199999999999999,0.8660254037844386,-13.0,-1.5,1.0,1.5,2,4,A
1938,1585,False,17,1,-4,1.0,-4,85,0.05,-12,0,1,False,0,0.3647058823529412,0.3823303160726799,-$4 for sure,95% chance of -$12; 5% chance of $85,-4.0,-7.149999999999999,0.0,21.14065987617227,-4.0,-12.0,-4.0,85.0,1,2,A
1951,1595,False,16,1,67,0.2,-12,10,0.5,6,0,1,False,0,0.6875,0.3862210075418822,20% chance of $67; 80% chance of -$12,50% chance of $6; 50% chance of $10,3.799999999999999,8.0,31.6,2.0,-12.0,6.0,67.0,10.0,2,2,B
1956,1599,False,16,1,29,0.5,-39,15,0.75,-47,0,1,False,1,0.5750000000000001,0.3642343567906062,50% chance of $29; 50% chance of -$39,25% chance of -$47; 75% chance of $15,-5.0,-0.5,34.0,26.846787517317598,-39.0,-47.0,29.0,15.0,2,2,B
1957,1600,False,16,1,27,1.0,27,30,0.2,23,0,1,False,0,0.4375,0.4145278438577236,$27 for sure,80% chance of $23; 20% chance of $30,27.0,24.400000000000002,0.0,2.8,27.0,23.0,27.0,30.0,1,2,A
1959,1601,False,16,1,-2,1.0,-2,-6,0.99,-10,0,1,False,0,0.1625,0.3201562118716424,-$2 for sure,1% chance of -$10; 99% chance of -$6,-2.0,-6.039999999999999,0.0,0.3979949748426481,-2.0,-10.0,-2.0,-6.0,1,2,A
1961,1602,False,15,1,48,0.25,0,77,0.4,-25,1,6,False,0,0.2933333333333333,0.3104528182847634,25% chance of $48; 75% chance of $0,60% chance of -$25; 1.25% chance of $74.5; 6.25% chance of $75.5; 12.5% chance of $76.5; 12.5% chance of $77.5; 6.25% chance of $78.5; 1.25% chance of $79.5,12.0,15.800000000000002,20.784609690826528,49.97459354512051,0.0,-25.0,48.0,79.5,2,7,A
1966,1606,False,16,1,16,0.4,11,53,0.01,14,2,3,False,-1,0.6375,0.3364025366531392,40% chance of $16; 60% chance of $11,99% chance of $14; 0.5% chance of $51; 0.25% chance of $53; 0.25% chance of $57,13.0,14.390000000000006,2.449489742783178,3.8881743788055796,11.0,14.0,16.0,57.0,2,4,B
1972,1611,False,16,1,29,1.0,29,78,0.2,19,1,4,False,0,0.4625,0.3403429642777023,$29 for sure,80% chance of $19; 2.5% chance of $76.5; 7.5% chance of $77.5; 7.5% chance of $78.5; 2.5% chance of $79.5,29.0,30.8,0.0,23.603177752158714,29.0,19.0,29.0,79.5,1,5,A
1975,1613,False,16,1,-4,0.9,-12,10,0.25,-6,1,4,False,0,0.725,0.3785938897200183,90% chance of -$4; 10% chance of -$12,75% chance of -$6; 3.125% chance of $8.5; 9.375% chance of $9.5; 9.375% chance of $10.5; 3.125% chance of $11.5,-4.8,-2.0,2.4,6.94172168845741,-12.0,-6.0,-4.0,11.5,2,5,B
1977,1615,False,16,1,9,0.4,-6,0,1.0,0,0,1,False,0,0.3875,0.3612478373637689,40% chance of $9; 60% chance of -$6,$0 for sure,4.440892098500626e-16,0.0,7.3484692283495345,0.0,-6.0,0.0,9.0,0.0,2,1,A
1979,1617,False,15,1,8,0.8,8,26,0.8,-46,1,4,False,0,0.4799999999999999,0.3363671463488329,80% chance of $8; 20% chance of $8,20% chance of -$46; 10% chance of $24.5; 30% chance of $25.5; 30% chance of $26.5; 10% chance of $27.5,8.0,11.600000000000005,0.0,28.81041478354659,8.0,-46.0,8.0,27.5,2,5,A
1983,1620,False,16,1,9,1.0,9,28,0.5,-25,1,8,False,0,0.45,0.3898717737923586,$9 for sure,50% chance of -$25; 0.391% chance of $24.5; 2.734% chance of $25.5; 8.203% chance of $26.5; 13.672% chance of $27.5; 13.672% chance of $28.5; 8.203% chance of $29.5; 2.734% chance of $30.5; 0.391% chance of $31.5,9.0,1.5,0.0,26.516504294495533,9.0,-25.0,9.0,31.5,1,9,A
1984,1621,False,16,1,-1,1.0,-1,1,0.2,-17,0,1,False,0,0.4875,0.3930648801406709,-$1 for sure,80% chance of -$17; 20% chance of $1,-1.0,-13.400000000000002,0.0,7.2,-1.0,-17.0,-1.0,1.0,1,2,A
1990,1625,False,16,1,32,0.4,-31,17,0.25,-3,2,6,False,1,0.7,0.3098386676965933,40% chance of $32; 60% chance of -$31,75% chance of -$3; 12.5% chance of $12; 6.25% chance of $14; 3.125% chance of $18; 1.562% chance of $26; 0.781% chance of $42; 0.781% chance of $74,-5.799999999999997,2.0,30.863570759068043,10.5,-31.0,-3.0,32.0,74.0,2,7,B
1991,1626,False,16,1,9,1.0,9,15,0.75,4,0,1,False,0,0.7749999999999999,0.3087609647175843,$9 for sure,25% chance of $4; 75% chance of $15,9.0,12.25,0.0,4.763139720814412,9.0,4.0,9.0,15.0,1,2,B
1992,1627,False,16,1,22,1.0,22,64,0.2,7,1,2,False,0,0.4,0.3932768321000701,$22 for sure,80% chance of $7; 10% chance of $63.5; 10% chance of $64.5,22.0,18.400000000000002,0.0,22.80109646486326,22.0,7.0,22.0,64.5,1,3,A
1994,1628,False,16,1,27,1.0,27,44,0.75,-42,0,1,False,0,0.3479166666666666,0.3236295893627638,$27 for sure,25% chance of -$42; 75% chance of $44,27.0,22.5,0.0,37.239092362730865,27.0,-42.0,27.0,44.0,1,2,A
1996,1630,False,16,1,-1,1.0,-1,49,0.25,-26,1,2,False,0,0.6250000000000001,0.412310562561766,-$1 for sure,75% chance of -$26; 12.5% chance of $48.5; 12.5% chance of $49.5,-1.0,-7.25,0.0,32.47691487810996,-1.0,-26.0,-1.0,49.5,1,3,B
1999,1632,False,16,1,21,1.0,21,29,0.1,27,0,1,False,0,0.7375,0.3844910055298216,$21 for sure,90% chance of $27; 10% chance of $29,21.0,27.200000000000003,0.0,0.6,21.0,27.0,21.0,29.0,1,2,B
2001,1634,False,16,1,-9,0.75,-10,6,0.25,-3,1,4,False,0,0.9125,0.2418677324489565,75% chance of -$9; 25% chance of -$10,75% chance of -$3; 3.125% chance of $4.5; 9.375% chance of $5.5; 9.375% chance of $6.5; 3.125% chance of $7.5,-9.25,-0.75,0.4330127018922193,3.9210967853395307,-10.0,-3.0,-9.0,7.5,2,5,B
2003,1635,False,16,1,5,1.0,5,17,0.25,4,0,1,False,0,0.6625000000000001,0.4303099657998483,$5 for sure,75% chance of $4; 25% chance of $17,5.0,7.25,0.0,5.629165124598851,5.0,4.0,5.0,17.0,1,2,B
2007,1639,False,16,1,13,1.0,13,18,0.05,13,1,4,False,0,0.5625,0.4080441152620633,$13 for sure,95% chance of $13; 0.625% chance of $16.5; 1.875% chance of $17.5; 1.875% chance of $18.5; 0.625% chance of $19.5,13.0,13.25,0.0,1.1067971810589328,13.0,13.0,13.0,19.5,1,5,B
2009,1641,False,16,1,31,0.6,-1,48,0.4,-5,1,4,False,0,0.2625,0.3630886025935451,60% chance of $31; 40% chance of -$1,60% chance of -$5; 5% chance of $46.5; 15% chance of $47.5; 15% chance of $48.5; 5% chance of $49.5,18.2,16.200000000000003,15.67673435381234,25.970367729394976,-1.0,-5.0,31.0,49.5,2,5,A
2013,1645,False,16,1,13,0.4,5,9,0.6,2,0,1,False,-1,0.4375,0.3667424164178449,40% chance of $13; 60% chance of $5,40% chance of $2; 60% chance of $9,8.2,6.199999999999999,3.919183588453085,3.4292856398964493,5.0,2.0,13.0,9.0,2,2,A
2015,1646,False,16,1,7,1.0,7,16,0.1,-1,0,1,False,0,0.2125,0.2473189573539939,$7 for sure,90% chance of -$1; 10% chance of $16,7.0,0.7000000000000001,0.0,5.1000000000000005,7.0,-1.0,7.0,16.0,1,2,A
2019,1649,False,16,1,3,1.0,3,2,0.4,-7,3,5,False,0,0.225,0.204939015319192,$3 for sure,60% chance of -$7; 20% chance of $6; 10% chance of $4; 5% chance of $0; 2.5% chance of -$8; 2.5% chance of -$24,3.0,-3.3999999999999995,0.0,6.529931086925802,3.0,-24.0,3.0,6.0,1,6,A
2024,1652,False,33,1,35,0.75,-8,76,0.5,-11,2,6,False,0,0.5333333333333333,0.3862210075418823,75% chance of $35; 25% chance of -$8,50% chance of -$11; 25% chance of $71; 12.5% chance of $73; 6.25% chance of $77; 3.125% chance of $85; 1.562% chance of $101; 1.562% chance of $133,24.25,32.5,18.619546181365433,44.30293444005713,-8.0,-11.0,35.0,133.0,2,7,B
2026,1653,False,16,1,21,1.0,21,80,0.4,-26,0,1,False,0,0.3583333333333333,0.3946869364164182,$21 for sure,60% chance of -$26; 40% chance of $80,21.0,16.4,0.0,51.92918254700338,21.0,-26.0,21.0,80.0,1,2,A
2036,1661,False,16,1,23,0.9,-8,25,0.99,-31,0,1,False,0,0.6,0.4442221666388715,90% chance of $23; 10% chance of -$8,1% chance of -$31; 99% chance of $25,19.9,24.44,9.299999999999999,5.571929647797074,-8.0,-31.0,23.0,25.0,2,2,B
2047,1671,False,31,1,-1,1.0,-1,71,0.2,-21,0,1,False,0,0.5161290322580645,0.3643229100615262,-$1 for sure,80% chance of -$21; 20% chance of $71,-1.0,-2.5999999999999996,0.0,36.8,-1.0,-21.0,-1.0,71.0,1,2,B
2050,1673,False,31,1,25,1.0,25,46,0.5,1,0,1,False,0,0.4516129032258064,0.3053642281406861,$25 for sure,50% chance of $1; 50% chance of $46,25.0,23.5,0.0,22.5,25.0,1.0,25.0,46.0,1,2,A
2052,1674,False,16,1,14,1.0,14,34,0.01,18,0,1,False,0,0.7250000000000001,0.3492849839314596,$14 for sure,99% chance of $18; 1% chance of $34,14.0,18.16,0.0,1.591979899370592,14.0,18.0,14.0,34.0,1,2,B
2056,1677,False,16,1,-10,1.0,-10,33,0.25,-32,2,5,False,0,0.625,0.3714835124201341,-$10 for sure,75% chance of -$32; 12.5% chance of $29; 6.25% chance of $31; 3.125% chance of $35; 1.562% chance of $43; 1.562% chance of $59,-10.0,-15.75,0.0,28.4022446296063,-10.0,-32.0,-10.0,59.0,1,6,B
2061,1681,False,16,1,30,1.0,30,97,0.1,15,1,2,False,0,0.475,0.3336665001664586,$30 for sure,90% chance of $15; 5% chance of $96.5; 5% chance of $97.5,30.0,23.2,0.0,24.600508124833517,30.0,15.0,30.0,97.5,1,3,A
2064,1683,False,16,1,-8,1.0,-8,6,0.9,-25,0,1,False,0,0.875,0.1770122406313567,-$8 for sure,10% chance of -$25; 90% chance of $6,-8.0,2.900000000000001,0.0,9.299999999999999,-8.0,-25.0,-8.0,6.0,1,2,B
2067,1685,False,16,1,-3,1.0,-3,28,0.05,-2,0,1,False,0,0.8375,0.311715682420161,-$3 for sure,95% chance of -$2; 5% chance of $28,-3.0,-0.4999999999999998,0.0,6.5383484153110105,-3.0,-2.0,-3.0,28.0,1,2,B
2072,1688,False,16,1,25,0.8,-14,35,0.05,7,0,1,False,0,0.6375000000000001,0.3810074364978545,80% chance of $25; 20% chance of -$14,95% chance of $7; 5% chance of $35,17.2,8.399999999999999,15.599999999999998,6.102458520956943,-14.0,7.0,25.0,35.0,2,2,B
2075,1690,False,16,1,16,0.1,-5,16,0.01,-7,1,4,False,0,0.35,0.3687817782917156,10% chance of $16; 90% chance of -$5,99% chance of -$7; 0.125% chance of $14.5; 0.375% chance of $15.5; 0.375% chance of $16.5; 0.125% chance of $17.5,-2.9,-6.77,6.3,2.2901091677035836,-5.0,-7.0,16.0,17.5,2,5,A
2080,1693,False,16,1,-8,0.99,-27,3,0.9,-37,1,8,False,0,0.875,0.2909753712372692,99% chance of -$8; 1% chance of -$27,10% chance of -$37; 0.703% chance of -$0.5; 4.922% chance of $0.5; 14.766% chance of $1.5; 24.609% chance of $2.5; 24.609% chance of $3.5; 14.766% chance of $4.5; 4.922% chance of $5.5; 0.703% chance of $6.5,-8.19,-0.9999999999999989,1.8904761305025788,12.06544653131412,-27.0,-37.0,-8.0,6.5,2,9,B
2082,1694,False,16,1,2,1.0,2,14,0.05,-7,0,1,False,0,0.225,0.3087609647175843,$2 for sure,95% chance of -$7; 5% chance of $14,2.0,-5.949999999999999,0.0,4.576843890717708,2.0,-7.0,2.0,14.0,1,2,A
2085,1696,False,16,1,16,1.0,16,27,0.05,20,0,1,False,0,0.775,0.3336665001664586,$16 for sure,95% chance of $20; 5% chance of $27,16.0,20.35,0.0,1.5256146302392357,16.0,20.0,16.0,27.0,1,2,B
2092,1701,False,16,1,81,0.05,16,22,0.9,10,0,1,False,0,0.425,0.3642343567906063,5% chance of $81; 95% chance of $16,10% chance of $10; 90% chance of $22,19.25,20.8,14.16642156650719,3.5999999999999996,16.0,10.0,81.0,22.0,2,2,A
2094,1702,False,32,1,25,0.05,13,18,0.1,13,1,2,False,0,0.4625,0.3748117807216602,5% chance of $25; 95% chance of $13,90% chance of $13; 5% chance of $17.5; 5% chance of $18.5,13.6,13.500000000000002,2.615339366124404,1.5083103128998356,13.0,13.0,25.0,18.5,2,3,A
2096,1703,False,16,1,14,1.0,14,72,0.05,3,3,3,False,0,0.4,0.4066120181860509,$14 for sure,95% chance of $3; 2.5% chance of $74; 1.25% chance of $72; 1.25% chance of $68,14.0,6.4500000000000055,0.0,15.04817264653753,14.0,3.0,14.0,74.0,1,4,A
2102,1707,False,16,1,13,1.0,13,22,0.25,6,0,1,False,0,0.35,0.3464101615137754,$13 for sure,75% chance of $6; 25% chance of $22,13.0,10.0,0.0,6.928203230275509,13.0,6.0,13.0,22.0,1,2,A
2105,1709,False,16,1,69,0.05,22,24,0.6,14,1,6,False,0,0.2375,0.3364025366531392,5% chance of $69; 95% chance of $22,40% chance of $14; 1.875% chance of $21.5; 9.375% chance of $22.5; 18.75% chance of $23.5; 18.75% chance of $24.5; 9.375% chance of $25.5; 1.875% chance of $26.5,24.349999999999998,20.0,10.243412517320584,4.9749371855331,22.0,14.0,69.0,26.5,2,7,A
2114,1715,False,16,1,25,1.0,25,77,0.25,1,0,1,False,0,0.1875,0.3304037933599835,$25 for sure,75% chance of $1; 25% chance of $77,25.0,20.0,0.0,32.90896534380867,25.0,1.0,25.0,77.0,1,2,A
2121,1720,False,16,1,17,0.8,-43,35,0.2,2,0,1,False,1,0.6875000000000001,0.399791612384919,80% chance of $17; 20% chance of -$43,80% chance of $2; 20% chance of $35,5.0000000000000036,8.6,23.999999999999996,13.200000000000001,-43.0,2.0,17.0,35.0,2,2,B
2126,1724,False,16,1,14,1.0,14,19,0.01,13,0,1,False,0,0.525,0.4312771730569565,$14 for sure,99% chance of $13; 1% chance of $19,14.0,13.059999999999999,0.0,0.596992462263972,14.0,13.0,14.0,19.0,1,2,B
2130,1727,False,18,1,13,1.0,13,79,0.1,-3,0,1,False,0,0.2444444444444445,0.3467873093244571,$13 for sure,90% chance of -$3; 10% chance of $79,13.0,5.2,0.0,24.599999999999998,13.0,-3.0,13.0,79.0,1,2,A
2133,1729,False,18,1,39,0.05,26,41,0.8,-11,0,1,False,0,0.3444444444444444,0.3745149368296233,5% chance of $39; 95% chance of $26,20% chance of -$11; 80% chance of $41,26.65,30.600000000000005,2.8332843133014376,20.799999999999997,26.0,-11.0,39.0,41.0,2,2,A
2134,1730,False,18,1,26,0.9,-44,19,1.0,19,0,1,False,0,0.6555555555555557,0.3484794233476806,90% chance of $26; 10% chance of -$44,$19 for sure,19.000000000000004,19.0,20.999999999999996,0.0,-44.0,19.0,26.0,19.0,2,1,B
2135,1731,False,16,1,13,1.0,13,39,0.25,-4,0,1,False,0,0.3500000000000001,0.322490309931942,$13 for sure,75% chance of -$4; 25% chance of $39,13.0,6.75,0.0,18.619546181365433,13.0,-4.0,13.0,39.0,1,2,A
2139,1734,False,16,1,7,1.0,7,24,0.1,11,0,1,False,0,0.8125,0.2680174123696692,$7 for sure,90% chance of $11; 10% chance of $24,7.0,12.3,0.0,3.9,7.0,11.0,7.0,24.0,1,2,B
2145,1739,False,16,1,22,1.0,22,103,0.25,-8,0,1,False,0,0.275,0.2909753712372692,$22 for sure,75% chance of -$8; 25% chance of $103,22.0,19.75,0.0,48.064409910036346,22.0,-8.0,22.0,103.0,1,2,A
2146,1740,False,16,1,10,0.25,-10,2,0.75,-2,0,1,False,0,0.7374999999999999,0.3844910055298216,25% chance of $10; 75% chance of -$10,25% chance of -$2; 75% chance of $2,-5.0,1.0,8.660254037844387,1.7320508075688772,-10.0,-2.0,10.0,2.0,2,2,B
2147,1741,False,16,1,72,0.1,-11,15,0.5,-10,0,1,False,0,0.7,0.3794733192202056,10% chance of $72; 90% chance of -$11,50% chance of -$10; 50% chance of $15,-2.7,2.5,24.9,12.5,-11.0,-10.0,72.0,15.0,2,2,B
2148,1742,False,16,1,31,0.9,11,47,0.01,32,2,2,False,0,0.6125,0.4096746676734275,90% chance of $31; 10% chance of $11,99% chance of $32; 0.5% chance of $46; 0.5% chance of $48,29.0,32.150000000000006,5.999999999999999,1.495827530165164,11.0,32.0,31.0,48.0,2,3,B
2152,1745,False,16,1,6,1.0,6,0,0.8,-5,0,1,False,0,0.0875,0.1784189825476351,$6 for sure,20% chance of -$5; 80% chance of $0,6.0,-0.9999999999999998,0.0,1.9999999999999998,6.0,-5.0,6.0,0.0,1,2,A
2162,1755,False,16,1,17,1.0,17,6,0.8,4,1,4,False,0,0.275,0.3415650255319866,$17 for sure,20% chance of $4; 10% chance of $4.5; 30% chance of $5.5; 30% chance of $6.5; 10% chance of $7.5,17.0,5.6000000000000005,0.0,1.1135528725660044,17.0,4.0,17.0,7.5,1,5,A
2163,1756,False,16,1,14,0.4,-23,39,0.25,-31,0,1,False,0,0.45,0.2966479394838265,40% chance of $14; 60% chance of -$23,75% chance of -$31; 25% chance of $39,-8.2,-13.5,18.126224096595518,30.31088913245535,-23.0,-31.0,14.0,39.0,2,2,A
2164,1757,False,16,1,23,1.0,23,24,0.4,22,0,1,False,0,0.4375000000000001,0.4145278438577237,$23 for sure,60% chance of $22; 40% chance of $24,23.0,22.8,0.0,0.9797958971132713,23.0,22.0,23.0,24.0,1,2,A
2173,1764,False,16,1,16,0.1,-13,4,0.6,-50,1,6,False,1,0.5875,0.4224926034855521,10% chance of $16; 90% chance of -$13,40% chance of -$50; 1.875% chance of $1.5; 9.375% chance of $2.5; 18.75% chance of $3.5; 18.75% chance of $4.5; 9.375% chance of $5.5; 1.875% chance of $6.5,-10.100000000000001,-17.6,8.7,26.468660714135122,-13.0,-50.0,16.0,6.5,2,7,B
2181,1771,False,16,1,27,1.0,27,77,0.1,18,0,1,False,0,0.4,0.3651483716701108,$27 for sure,90% chance of $18; 10% chance of $77,27.0,23.9,0.0,17.7,27.0,18.0,27.0,77.0,1,2,A
2186,1775,False,16,1,-6,1.0,-6,11,0.75,-46,1,4,False,0,0.6000000000000001,0.3502380143083653,-$6 for sure,25% chance of -$46; 9.375% chance of $9.5; 28.125% chance of $10.5; 28.125% chance of $11.5; 9.375% chance of $12.5,-6.0,-3.25,0.0,24.69311644973149,-6.0,-46.0,-6.0,12.5,1,5,B
2188,1776,False,16,1,15,0.1,5,5,0.6,1,0,1,False,0,0.2875,0.3422961680572347,10% chance of $15; 90% chance of $5,40% chance of $1; 60% chance of $5,6.0,3.4,3.0,1.9595917942265424,5.0,1.0,15.0,5.0,2,2,A
2192,1779,False,16,1,-8,1.0,-8,10,0.6,-41,0,1,False,0,0.5500000000000002,0.3141125063837265,-$8 for sure,40% chance of -$41; 60% chance of $10,-8.0,-10.400000000000002,0.0,24.984795376388416,-8.0,-41.0,-8.0,10.0,1,2,B
2194,1780,False,16,1,18,1.0,18,21,0.75,15,0,1,False,0,0.65,0.3306559138036599,$18 for sure,25% chance of $15; 75% chance of $21,18.0,19.5,0.0,2.598076211353316,18.0,15.0,18.0,21.0,1,2,B
2198,1783,False,16,1,-4,1.0,-4,15,0.01,-12,1,6,False,0,0.45,0.4226897995772629,-$4 for sure,99% chance of -$12; 0.031% chance of $12.5; 0.156% chance of $13.5; 0.312% chance of $14.5; 0.312% chance of $15.5; 0.156% chance of $16.5; 0.031% chance of $17.5,-4.0,-11.729999999999997,0.0,2.688791550120611,-4.0,-12.0,-4.0,17.5,1,7,A
2200,1784,False,16,1,-8,1.0,-8,10,0.01,-11,3,2,False,0,0.5374999999999999,0.3774917217635375,-$8 for sure,99% chance of -$11; 0.5% chance of $11; 0.5% chance of $9,-8.0,-10.790000000000001,0.0,2.0918651964216104,-8.0,-11.0,-8.0,11.0,1,3,B
2208,1790,False,16,1,3,1.0,3,-2,0.5,-6,0,1,False,0,0.0875,0.1784189825476351,$3 for sure,50% chance of -$6; 50% chance of -$2,3.0,-4.0,0.0,2.0,3.0,-6.0,3.0,-2.0,1,2,A
2209,1791,False,16,1,30,1.0,30,25,0.9,19,0,1,False,0,0.1375,0.2276693508870557,$30 for sure,10% chance of $19; 90% chance of $25,30.0,24.4,0.0,1.8,30.0,19.0,30.0,25.0,1,2,A
2212,1794,False,16,1,-8,1.0,-8,-1,0.6,-25,3,5,False,0,0.375,0.3568379650952703,-$8 for sure,40% chance of -$25; 30% chance of $3; 15% chance of $1; 7.5% chance of -$3; 3.75% chance of -$11; 3.75% chance of -$27,-8.0,-10.6,0.0,13.154466921924278,-8.0,-27.0,-8.0,3.0,1,6,A
2216,1796,False,16,1,23,0.25,7,23,0.6,-6,0,1,False,-1,0.2375,0.2941088233970548,25% chance of $23; 75% chance of $7,40% chance of -$6; 60% chance of $23,11.0,11.399999999999999,6.928203230275509,14.207040508142432,7.0,-6.0,23.0,23.0,2,2,A
2221,1800,False,16,1,15,1.0,15,27,0.4,6,0,1,False,0,0.4125,0.3827531841800928,$15 for sure,60% chance of $6; 40% chance of $27,15.0,14.4,0.0,10.287856919689348,15.0,6.0,15.0,27.0,1,2,A
2226,1804,False,16,1,17,1.0,17,81,0.2,-8,1,8,False,0,0.2375,0.2753785273643051,$17 for sure,80% chance of -$8; 0.156% chance of $77.5; 1.094% chance of $78.5; 3.281% chance of $79.5; 5.469% chance of $80.5; 5.469% chance of $81.5; 3.281% chance of $82.5; 1.094% chance of $83.5; 0.156% chance of $84.5,17.0,9.8,0.0,35.60491539099623,17.0,-8.0,17.0,84.5,1,9,A
2230,1807,False,16,1,5,1.0,5,36,0.5,-13,0,1,False,0,0.45,0.3898717737923586,$5 for sure,50% chance of -$13; 50% chance of $36,5.0,11.5,0.0,24.5,5.0,-13.0,5.0,36.0,1,2,A
2232,1808,False,16,1,4,1.0,4,53,0.5,-19,0,1,False,0,0.7000000000000001,0.3502380143083653,$4 for sure,50% chance of -$19; 50% chance of $53,4.0,17.0,0.0,36.0,4.0,-19.0,4.0,53.0,1,2,B
2235,1811,False,16,1,12,0.5,-6,5,0.6,-6,0,1,False,0,0.2125,0.2777888886666756,50% chance of $12; 50% chance of -$6,40% chance of -$6; 60% chance of $5,3.0,0.5999999999999996,9.0,5.388877434122992,-6.0,-6.0,12.0,5.0,2,2,A
2237,1812,False,16,1,100,0.25,-4,21,0.6,21,1,6,False,0,0.5499999999999999,0.3966526608171605,25% chance of $100; 75% chance of -$4,40% chance of $21; 1.875% chance of $18.5; 9.375% chance of $19.5; 18.75% chance of $20.5; 18.75% chance of $21.5; 9.375% chance of $22.5; 1.875% chance of $23.5,22.0,21.000000000000004,45.033320996790806,0.8660254037844386,-4.0,18.5,100.0,23.5,2,7,B
2238,1813,False,16,1,17,0.75,13,14,0.75,9,1,2,False,1,0.2625,0.3159641329855864,75% chance of $17; 25% chance of $13,25% chance of $9; 37.5% chance of $13.5; 37.5% chance of $14.5,16.0,12.75,1.7320508075688772,2.207940216581962,13.0,9.0,17.0,14.5,2,3,A
2240,1814,False,16,1,13,0.05,12,29,0.6,-12,0,1,False,0,0.325,0.3492849839314596,5% chance of $13; 95% chance of $12,40% chance of -$12; 60% chance of $29,12.049999999999999,12.599999999999998,0.2179449471770337,20.08581589082206,12.0,-12.0,13.0,29.0,2,2,A
2244,1818,False,16,1,84,0.01,4,45,0.2,-14,1,2,False,0,0.125,0.204939015319192,1% chance of $84; 99% chance of $4,80% chance of -$14; 10% chance of $44.5; 10% chance of $45.5,4.8,-2.200000000000001,7.95989949685296,23.601059298260324,4.0,-14.0,84.0,45.5,2,3,A
2246,1819,False,16,1,0,1.0,0,18,0.05,3,1,4,False,0,0.9375,0.1586400537905439,$0 for sure,95% chance of $3; 0.625% chance of $16.5; 1.875% chance of $17.5; 1.875% chance of $18.5; 0.625% chance of $19.5,0.0,3.75,0.0,3.274904578762563,0.0,3.0,0.0,19.5,1,5,B
2249,1821,False,16,1,28,1.0,28,103,0.1,29,3,2,False,0,0.7875000000000001,0.3537890143385839,$28 for sure,90% chance of $29; 5% chance of $104; 5% chance of $102,28.0,36.39999999999999,0.0,22.20225213801518,28.0,29.0,28.0,104.0,1,3,B
2251,1822,False,16,1,38,0.05,4,25,0.6,-32,0,1,False,0,0.2875,0.3649200825751669,5% chance of $38; 95% chance of $4,40% chance of -$32; 60% chance of $25,5.7,2.1999999999999993,7.410128204019144,27.92418306772823,4.0,-32.0,38.0,25.0,2,2,A
2253,1823,False,16,1,32,0.05,-2,3,0.95,-3,1,2,False,0,0.7000000000000001,0.3723797345005049,5% chance of $32; 95% chance of -$2,5% chance of -$3; 47.5% chance of $2.5; 47.5% chance of $3.5,-0.2999999999999998,2.6999999999999997,7.410128204019144,1.3955285736952867,-2.0,-3.0,32.0,3.5,2,3,B
2259,1828,False,16,1,17,1.0,17,19,0.95,-21,1,2,False,0,0.3750000000000001,0.4553387017741116,$17 for sure,5% chance of -$21; 47.5% chance of $18.5; 47.5% chance of $19.5,17.0,17.0,0.0,8.731408821032266,17.0,-21.0,17.0,19.5,1,3,A
2265,1833,False,16,1,15,1.0,15,18,0.95,0,1,4,False,0,0.7375000000000002,0.3703601850451351,$15 for sure,5% chance of $0; 11.875% chance of $16.5; 35.625% chance of $17.5; 35.625% chance of $18.5; 11.875% chance of $19.5,15.0,17.099999999999998,0.0,4.012792045446663,15.0,0.0,15.0,19.5,1,5,B
2271,1839,False,16,1,20,1.0,20,107,0.4,-31,0,1,False,0,0.2625,0.3159641329855864,$20 for sure,60% chance of -$31; 40% chance of $107,20.0,24.200000000000006,0.0,67.60591690081571,20.0,-31.0,20.0,107.0,1,2,A
2275,1842,False,16,1,6,1.0,6,85,0.01,0,3,6,False,0,0.3625,0.4333974311568232,$6 for sure,99% chance of $0; 0.5% chance of $90; 0.25% chance of $88; 0.125% chance of $84; 0.062% chance of $76; 0.031% chance of $60; 0.031% chance of $28,6.0,0.8500000000000023,0.0,8.540345426269363,6.0,0.0,6.0,90.0,1,7,A
2278,1844,False,16,1,22,1.0,22,26,0.5,22,0,1,False,0,0.7499999999999999,0.3540244812627134,$22 for sure,50% chance of $22; 50% chance of $26,22.0,24.0,0.0,2.0,22.0,22.0,22.0,26.0,1,2,B
2283,1847,False,16,1,35,0.4,25,37,0.8,-11,0,1,False,1,0.1875,0.3537890143385838,40% chance of $35; 60% chance of $25,20% chance of -$11; 80% chance of $37,29.0,27.400000000000002,4.898979485566356,19.2,25.0,-11.0,35.0,37.0,2,2,A
2287,1850,False,16,1,-6,1.0,-6,-3,0.95,-25,0,1,False,0,0.5499999999999999,0.322490309931942,-$6 for sure,5% chance of -$25; 95% chance of -$3,-6.0,-4.1000000000000005,0.0,4.7947888378947425,-6.0,-25.0,-6.0,-3.0,1,2,B
2289,1851,False,16,1,14,0.95,-26,10,0.95,7,2,5,False,0,0.6625,0.3981205847478877,95% chance of $14; 5% chance of -$26,5% chance of $7; 47.5% chance of $6; 23.75% chance of $8; 11.875% chance of $12; 5.938% chance of $20; 5.938% chance of $36,11.999999999999998,9.850000000000003,8.717797887081352,7.4516776634527115,-26.0,6.0,14.0,36.0,2,6,B
2290,1852,False,16,1,102,0.1,-18,-3,0.75,-9,0,1,False,0,0.4500000000000001,0.409878030638384,10% chance of $102; 90% chance of -$18,25% chance of -$9; 75% chance of -$3,-5.999999999999998,-4.5,36.0,2.598076211353316,-18.0,-9.0,102.0,-3.0,2,2,A
2292,1853,False,16,1,-10,1.0,-10,12,0.01,-12,1,2,False,0,0.6625000000000001,0.3913651321549567,-$10 for sure,99% chance of -$12; 0.5% chance of $11.5; 0.5% chance of $12.5,-10.0,-11.76,0.0,2.3884932488914425,-10.0,-12.0,-10.0,12.5,1,3,B
2293,1854,False,16,1,34,0.01,22,22,1.0,22,0,1,False,0,0.2375,0.2655183609470351,1% chance of $34; 99% chance of $22,$22 for sure,22.12,22.0,1.193984924527944,0.0,22.0,22.0,34.0,22.0,2,1,A
2298,1858,False,16,1,14,1.0,14,14,1.0,14,2,2,False,0,0.55,0.3898717737923586,$14 for sure,50% chance of $13; 50% chance of $15,14.0,14.0,0.0,1.0,14.0,13.0,14.0,15.0,1,2,B
2300,1859,False,16,1,18,1.0,18,69,0.01,9,2,6,False,0,0.35,0.3759432581299116,$18 for sure,99% chance of $9; 0.5% chance of $64; 0.25% chance of $66; 0.125% chance of $70; 0.062% chance of $78; 0.031% chance of $94; 0.031% chance of $126,18.0,9.60000000000001,0.0,6.08687111741337,18.0,9.0,18.0,126.0,1,7,A
2305,1863,False,16,1,-5,1.0,-5,-6,0.95,-23,0,1,False,0,0.075,0.161245154965971,-$5 for sure,5% chance of -$23; 95% chance of -$6,-5.0,-6.8500000000000005,0.0,3.705064102009574,-5.0,-23.0,-5.0,-6.0,1,2,A
2310,1866,False,16,1,9,1.0,9,9,0.9,-47,0,1,False,0,0.0375,0.15,$9 for sure,10% chance of -$47; 90% chance of $9,9.0,3.4000000000000004,0.0,16.799999999999997,9.0,-47.0,9.0,9.0,1,2,A
2314,1870,False,16,1,26,0.5,-46,14,0.01,-13,1,2,False,1,0.325,0.4123105625617661,50% chance of $26; 50% chance of -$46,99% chance of -$13; 0.5% chance of $13.5; 0.5% chance of $14.5,-10.0,-12.729999999999999,36.0,2.6869313351851773,-46.0,-13.0,26.0,14.5,2,3,A
2316,1871,False,16,1,10,1.0,10,20,0.75,-22,0,1,False,0,0.35,0.4163331998932265,$10 for sure,25% chance of -$22; 75% chance of $20,10.0,9.5,0.0,18.186533479473212,10.0,-22.0,10.0,20.0,1,2,A
2319,1874,False,16,1,9,1.0,9,46,0.5,-33,2,7,False,0,0.5499999999999999,0.4033195589934446,$9 for sure,50% chance of -$33; 25% chance of $40; 12.5% chance of $42; 6.25% chance of $46; 3.125% chance of $54; 1.562% chance of $70; 0.781% chance of $102; 0.781% chance of $166,9.0,6.5,0.0,41.46383966783588,9.0,-33.0,9.0,166.0,1,8,B
2328,1881,False,16,1,17,0.95,-43,17,0.01,14,0,1,False,1,0.8875,0.2729468812791236,95% chance of $17; 5% chance of -$43,99% chance of $14; 1% chance of $17,13.999999999999996,14.03,13.076696830622026,0.298496231131986,-43.0,14.0,17.0,17.0,2,2,B
2330,1882,False,16,1,22,0.8,8,19,1.0,19,1,4,False,0,0.3875,0.4287578959428425,80% chance of $22; 20% chance of $8,12.5% chance of $17.5; 37.5% chance of $18.5; 37.5% chance of $19.5; 12.5% chance of $20.5,19.200000000000003,19.0,5.6,0.8660254037844386,8.0,17.5,22.0,20.5,2,4,A
2336,1887,False,16,1,25,0.9,-35,28,0.25,18,3,3,False,0,0.85,0.2966479394838265,90% chance of $25; 10% chance of -$35,75% chance of $18; 12.5% chance of $30; 6.25% chance of $28; 6.25% chance of $24,19.0,20.5,17.999999999999996,4.5,-35.0,18.0,25.0,30.0,2,4,B
2338,1888,False,16,1,-2,1.0,-2,30,0.4,-21,0,1,False,0,0.4375,0.4080441152620633,-$2 for sure,60% chance of -$21; 40% chance of $30,-2.0,-0.5999999999999996,0.0,24.984795376388416,-2.0,-21.0,-2.0,30.0,1,2,A
2342,1891,False,32,1,29,1.0,29,46,0.5,7,1,6,False,0,0.4812500000000001,0.3830585738078994,$29 for sure,50% chance of $7; 1.562% chance of $43.5; 7.812% chance of $44.5; 15.625% chance of $45.5; 15.625% chance of $46.5; 7.812% chance of $47.5; 1.562% chance of $48.5,29.0,26.5,0.0,19.51601906127374,29.0,7.0,29.0,48.5,1,7,A
2344,1892,False,16,1,12,1.0,12,57,0.2,12,0,1,False,0,0.6541666666666667,0.3827531841800928,$12 for sure,80% chance of $12; 20% chance of $57,12.0,21.0,0.0,18.0,12.0,12.0,12.0,57.0,1,2,B
2347,1894,False,16,1,-5,1.0,-5,17,0.25,-22,2,4,False,0,0.2625,0.2704933763822446,-$5 for sure,75% chance of -$22; 12.5% chance of $14; 6.25% chance of $16; 3.125% chance of $20; 3.125% chance of $28,-5.0,-12.25,0.0,17.042226967154264,-5.0,-22.0,-5.0,28.0,1,5,A
2351,1897,False,16,1,0,0.99,-8,6,0.95,-24,2,5,False,0,0.7999999999999999,0.3011090610836323,99% chance of $0; 1% chance of -$8,5% chance of -$24; 47.5% chance of $2; 23.75% chance of $4; 11.875% chance of $8; 5.938% chance of $16; 5.938% chance of $32,-0.08000000000000007,4.500000000000002,0.7959899496852962,9.89191589127203,-8.0,-24.0,0.0,32.0,2,6,B
2353,1898,False,16,1,0,1.0,0,50,0.4,-37,0,1,False,0,0.45,0.3966526608171605,$0 for sure,60% chance of -$37; 40% chance of $50,0.0,-2.1999999999999993,0.0,42.621121524427295,0.0,-37.0,0.0,50.0,1,2,A
2355,1899,False,15,1,11,0.95,4,16,0.1,11,2,7,False,0,0.7599999999999999,0.3397478056273085,95% chance of $11; 5% chance of $4,90% chance of $11; 5% chance of $10; 2.5% chance of $12; 1.25% chance of $16; 0.625% chance of $24; 0.312% chance of $40; 0.156% chance of $72; 0.156% chance of $136,10.649999999999999,11.499999999999995,1.5256146302392364,5.8352377843580046,4.0,10.0,11.0,136.0,2,8,B
2358,1901,False,16,1,-9,1.0,-9,75,0.2,-34,3,4,False,0,0.725,0.3855731664245668,-$9 for sure,80% chance of -$34; 10% chance of $78; 5% chance of $76; 2.5% chance of $72; 2.5% chance of $64,-9.0,-12.200000000000003,0.0,43.648138562829914,-9.0,-34.0,-9.0,78.0,1,5,B
2362,1903,False,16,1,66,0.05,26,41,0.1,35,1,2,False,0,0.5875,0.3964425136973413,5% chance of $66; 95% chance of $26,90% chance of $35; 5% chance of $40.5; 5% chance of $41.5,28.0,35.6,8.717797887081348,1.8069310999592652,26.0,35.0,66.0,41.5,2,3,B
2366,1907,False,16,1,-3,1.0,-3,27,0.6,-24,0,1,False,0,0.7500000000000001,0.2875181153713043,-$3 for sure,40% chance of -$24; 60% chance of $27,-3.0,6.599999999999998,0.0,24.984795376388416,-3.0,-24.0,-3.0,27.0,1,2,B
2372,1912,False,16,1,19,1.0,19,25,0.4,19,2,3,False,0,0.6375,0.3667424164178449,$19 for sure,60% chance of $19; 20% chance of $23; 10% chance of $25; 10% chance of $29,19.0,21.4,0.0,3.3226495451672293,19.0,19.0,19.0,29.0,1,4,B
2374,1914,False,16,1,57,0.5,-19,31,0.95,16,2,7,False,-1,0.6875,0.4129164564412516,50% chance of $57; 50% chance of -$19,5% chance of $16; 47.5% chance of $25; 23.75% chance of $27; 11.875% chance of $31; 5.938% chance of $39; 2.969% chance of $55; 1.484% chance of $87; 1.484% chance of $151,19.0,30.250000000000004,38.0,17.685799388209748,-19.0,16.0,57.0,151.0,2,8,B
2376,1915,False,16,1,-2,1.0,-2,10,0.75,-36,0,1,False,0,0.675,0.3492849839314596,-$2 for sure,25% chance of -$36; 75% chance of $10,-2.0,-1.5,0.0,19.91858428704209,-2.0,-36.0,-2.0,10.0,1,2,B
2378,1916,False,16,1,71,0.2,-29,23,0.25,-17,0,1,False,0,0.4125,0.3827531841800928,20% chance of $71; 80% chance of -$29,75% chance of -$17; 25% chance of $23,-9.000000000000002,-7.0,40.0,17.320508075688775,-29.0,-17.0,71.0,23.0,2,2,A
2380,1917,False,16,1,19,1.0,19,31,0.6,19,0,1,False,0,0.8,0.2633122354417533,$19 for sure,40% chance of $19; 60% chance of $31,19.0,26.2,0.0,5.878775382679628,19.0,19.0,19.0,31.0,1,2,B
2382,1918,False,16,1,7,0.1,6,6,1.0,6,0,1,False,0,0.0875,0.2061552812808829,10% chance of $7; 90% chance of $6,$6 for sure,6.1000000000000005,6.0,0.3,0.0,6.0,6.0,7.0,6.0,2,1,A
2384,1919,False,16,1,25,1.0,25,66,0.4,-22,0,1,False,0,0.3,0.3502380143083653,$25 for sure,60% chance of -$22; 40% chance of $66,25.0,13.200000000000003,0.0,43.111019472983934,25.0,-22.0,25.0,66.0,1,2,A
2386,1920,False,32,1,80,0.01,6,7,1.0,7,0,1,False,0,0.43125,0.4035627624370297,1% chance of $80; 99% chance of $6,$7 for sure,6.739999999999999,7.0,7.3629070345889875,0.0,6.0,7.0,80.0,7.0,2,1,A
2388,1921,False,16,1,24,1.0,24,28,0.1,25,1,6,False,0,0.5499999999999999,0.3759432581299117,$24 for sure,90% chance of $25; 0.312% chance of $25.5; 1.562% chance of $26.5; 3.125% chance of $27.5; 3.125% chance of $28.5; 1.562% chance of $29.5; 0.312% chance of $30.5,24.0,25.299999999999997,0.0,0.9669539802906859,24.0,25.0,24.0,30.5,1,7,B
2391,1923,False,16,1,3,1.0,3,33,0.25,1,0,1,False,0,0.6875,0.3575378767813745,$3 for sure,75% chance of $1; 25% chance of $33,3.0,9.0,0.0,13.856406460551018,3.0,1.0,3.0,33.0,1,2,B
2401,1933,False,16,1,51,0.25,3,48,0.25,3,1,4,False,0,0.275,0.3172801075810878,25% chance of $51; 75% chance of $3,75% chance of $3; 3.125% chance of $46.5; 9.375% chance of $47.5; 9.375% chance of $48.5; 3.125% chance of $49.5,15.0,14.25,20.784609690826528,19.490382243557974,3.0,3.0,51.0,49.5,2,5,A
2403,1934,False,16,1,26,1.0,26,40,0.75,-33,0,1,False,0,0.3250000000000001,0.3785938897200182,$26 for sure,25% chance of -$33; 75% chance of $40,26.0,21.75,0.0,31.60992723813201,26.0,-33.0,26.0,40.0,1,2,A
2404,1935,False,16,1,19,0.99,14,37,0.05,22,3,3,False,0,0.775,0.3087609647175843,99% chance of $19; 1% chance of $14,95% chance of $22; 2.5% chance of $39; 1.25% chance of $37; 1.25% chance of $33,18.95,22.75,0.4974937185533102,3.314739808793446,14.0,22.0,19.0,39.0,2,4,B
2407,1937,False,16,1,17,1.0,17,22,0.2,14,0,1,False,0,0.3625,0.4333974311568233,$17 for sure,80% chance of $14; 20% chance of $22,17.0,15.600000000000001,0.0,3.2,17.0,14.0,17.0,22.0,1,2,A
2410,1939,False,16,1,20,0.8,-7,73,0.4,-22,2,3,False,-1,0.4625,0.3403429642777022,80% chance of $20; 20% chance of -$7,60% chance of -$22; 20% chance of $71; 10% chance of $73; 10% chance of $77,14.6,15.999999999999996,10.8,46.56608207697959,-7.0,-22.0,20.0,77.0,2,4,A
2412,1940,False,16,1,92,0.25,-8,72,0.1,10,3,3,False,0,0.5375,0.4544227107000706,25% chance of $92; 75% chance of -$8,90% chance of $10; 5% chance of $74; 2.5% chance of $72; 2.5% chance of $68,17.0,16.199999999999996,43.30127018922193,18.61612204515215,-8.0,10.0,92.0,74.0,2,4,B
2416,1943,False,16,1,29,0.9,21,28,1.0,28,1,6,False,0,0.425,0.3924283374069717,90% chance of $29; 10% chance of $21,3.125% chance of $25.5; 15.625% chance of $26.5; 31.25% chance of $27.5; 31.25% chance of $28.5; 15.625% chance of $29.5; 3.125% chance of $30.5,28.200000000000003,28.0,2.4,1.118033988749895,21.0,25.5,29.0,30.5,2,6,A
2418,1944,False,16,1,30,1.0,30,62,0.4,9,0,1,False,0,0.4625,0.4364630568559039,$30 for sure,60% chance of $9; 40% chance of $62,30.0,30.2,0.0,25.96459127350169,30.0,9.0,30.0,62.0,1,2,A
2423,1948,False,17,1,29,0.99,13,49,0.6,-11,0,1,False,0,0.3647058823529412,0.3101233151316348,99% chance of $29; 1% chance of $13,40% chance of -$11; 60% chance of $49,28.84,25.0,1.5919798993705925,29.393876913398138,13.0,-11.0,29.0,49.0,2,2,A
2427,1952,False,17,1,5,1.0,5,17,0.9,11,1,2,False,0,0.8470588235294118,0.250293944839921,$5 for sure,10% chance of $11; 45% chance of $16.5; 45% chance of $17.5,5.0,16.4,0.0,1.8614510468986285,5.0,11.0,5.0,17.5,1,3,B
2443,1965,False,16,1,14,0.99,-19,22,0.75,-10,0,1,False,0,0.4125,0.4224926034855521,99% chance of $14; 1% chance of -$19,25% chance of -$10; 75% chance of $22,13.67,14.0,3.2834585424518474,13.856406460551018,-19.0,-10.0,14.0,22.0,2,2,A
2449,1970,False,16,1,52,0.5,-14,33,0.25,12,0,1,False,1,0.6375000000000001,0.4514790508244356,50% chance of $52; 50% chance of -$14,75% chance of $12; 25% chance of $33,19.0,17.25,33.0,9.093266739736606,-14.0,12.0,52.0,33.0,2,2,B
2451,1971,False,16,1,56,0.05,8,12,0.01,9,0,1,False,0,0.3375,0.3630886025935451,5% chance of $56; 95% chance of $8,99% chance of $9; 1% chance of $12,10.4,9.03,10.461357464497619,0.298496231131986,8.0,9.0,56.0,12.0,2,2,A
2454,1973,False,16,1,19,1.0,19,50,0.05,18,3,6,False,0,0.525,0.3924283374069717,$19 for sure,95% chance of $18; 2.5% chance of $55; 1.25% chance of $53; 0.625% chance of $49; 0.312% chance of $41; 0.156% chance of $25; 0.156% chance of -$7,19.0,19.599999999999998,0.0,7.462573282722258,19.0,-7.0,19.0,55.0,1,7,B
2457,1975,False,16,1,-6,0.4,-13,-10,1.0,-10,1,6,False,0,0.475,0.3714835124201341,40% chance of -$6; 60% chance of -$13,3.125% chance of -$12.5; 15.625% chance of -$11.5; 31.25% chance of -$10.5; 31.25% chance of -$9.5; 15.625% chance of -$8.5; 3.125% chance of -$7.5,-10.2,-10.0,3.4292856398964493,1.118033988749895,-13.0,-12.5,-6.0,-7.5,2,6,A
2462,1980,False,17,1,15,1.0,15,29,0.75,6,2,7,False,0,0.611764705882353,0.4211329257805314,$15 for sure,25% chance of $6; 37.5% chance of $23; 18.75% chance of $25; 9.375% chance of $29; 4.688% chance of $37; 2.344% chance of $53; 1.172% chance of $85; 1.172% chance of $149,15.0,23.25,0.0,18.376275465937052,15.0,6.0,15.0,149.0,1,8,B
2465,1983,False,18,1,-8,1.0,-8,71,0.25,-32,0,1,False,0,0.6333333333333333,0.330774492223754,-$8 for sure,75% chance of -$32; 25% chance of $71,-8.0,-6.25,0.0,44.60030829489859,-8.0,-32.0,-8.0,71.0,1,2,B
2468,1985,False,18,1,98,0.2,-33,-6,0.25,-6,0,1,False,0,0.3222222222222222,0.3299831645537222,20% chance of $98; 80% chance of -$33,75% chance of -$6; 25% chance of -$6,-6.800000000000001,-6.0,52.4,0.0,-33.0,-6.0,98.0,-6.0,2,2,A
2470,1986,False,18,1,64,0.4,-44,61,0.1,-11,1,2,False,0,0.5,0.3955636336106924,40% chance of $64; 60% chance of -$44,90% chance of -$11; 5% chance of $60.5; 5% chance of $61.5,-0.7999999999999972,-3.8,52.90897844411665,21.600578695951643,-44.0,-11.0,64.0,61.5,2,3,A
2473,1988,False,16,1,68,0.25,12,26,0.95,-19,0,1,False,0,0.3875,0.3304037933599835,25% chance of $68; 75% chance of $12,5% chance of -$19; 95% chance of $26,26.0,23.75,24.24871130596428,9.80752262296652,12.0,-19.0,68.0,26.0,2,2,A
2478,1992,False,16,1,8,1.0,8,57,0.4,-20,1,8,False,0,0.4500000000000001,0.2683281572999748,$8 for sure,60% chance of -$20; 0.312% chance of $53.5; 2.188% chance of $54.5; 6.562% chance of $55.5; 10.938% chance of $56.5; 10.938% chance of $57.5; 6.562% chance of $58.5; 2.188% chance of $59.5; 0.312% chance of $60.5,8.0,10.800000000000002,0.0,37.73141926829681,8.0,-20.0,8.0,60.5,1,9,A
2479,1993,False,16,1,-8,1.0,-8,92,0.05,-15,1,2,False,0,0.6,0.3265986323710904,-$8 for sure,95% chance of -$15; 2.5% chance of $91.5; 2.5% chance of $92.5,-8.0,-9.65,0.0,23.320377355437458,-8.0,-15.0,-8.0,92.5,1,3,B
2481,1994,False,16,1,18,1.0,18,55,0.4,-8,1,6,False,0,0.275,0.3642343567906062,$18 for sure,60% chance of -$8; 1.25% chance of $52.5; 6.25% chance of $53.5; 12.5% chance of $54.5; 12.5% chance of $55.5; 6.25% chance of $56.5; 1.25% chance of $57.5,18.0,17.200000000000003,0.0,30.8716698608935,18.0,-8.0,18.0,57.5,1,7,A
2485,1997,False,16,1,-8,1.0,-8,56,0.25,-21,0,1,False,0,0.7,0.4,-$8 for sure,75% chance of -$21; 25% chance of $56,-8.0,-1.75,0.0,33.34197804570089,-8.0,-21.0,-8.0,56.0,1,2,B
2487,1998,False,16,1,81,0.05,-12,89,0.25,-34,1,2,False,1,0.6875,0.3649200825751669,5% chance of $81; 95% chance of -$12,75% chance of -$34; 12.5% chance of $88.5; 12.5% chance of $89.5,-7.349999999999999,-3.25,20.268880087464133,53.26114906758959,-12.0,-34.0,81.0,89.5,2,3,B
2492,2002,False,16,1,16,1.0,16,11,0.5,9,1,2,False,0,0.075,0.1770122406313567,$16 for sure,50% chance of $9; 25% chance of $10.5; 25% chance of $11.5,16.0,10.0,0.0,1.0606601717798212,16.0,9.0,16.0,11.5,1,3,A
2499,2009,False,16,1,4,1.0,4,5,0.4,-4,1,4,False,0,0.1125,0.1927865832122834,$4 for sure,60% chance of -$4; 5% chance of $3.5; 15% chance of $4.5; 15% chance of $5.5; 5% chance of $6.5,4.0,-0.39999999999999986,0.0,4.442971978304612,4.0,-4.0,4.0,6.5,1,5,A
2500,2010,False,16,1,-4,1.0,-4,8,0.4,-15,0,1,False,0,0.7000000000000001,0.3346640106136302,-$4 for sure,60% chance of -$15; 40% chance of $8,-4.0,-5.8,0.0,11.26765281680262,-4.0,-15.0,-4.0,8.0,1,2,B
2501,2011,False,16,1,93,0.25,-19,16,0.75,-22,1,2,False,0,0.55,0.4412104562073146,25% chance of $93; 75% chance of -$19,25% chance of -$22; 37.5% chance of $15.5; 37.5% chance of $16.5,9.0,6.5,48.49742261192856,16.460179221381523,-19.0,-22.0,93.0,16.5,2,3,B
2507,2016,False,16,1,27,1.0,27,51,0.6,-32,1,4,False,0,0.275,0.3336665001664586,$27 for sure,40% chance of -$32; 7.5% chance of $49.5; 22.5% chance of $50.5; 22.5% chance of $51.5; 7.5% chance of $52.5,27.0,17.8,0.0,40.667062839600305,27.0,-32.0,27.0,52.5,1,5,A
2508,2017,False,16,1,24,1.0,24,27,0.8,16,1,4,False,0,0.5875,0.3964425136973413,$24 for sure,20% chance of $16; 10% chance of $25.5; 30% chance of $26.5; 30% chance of $27.5; 10% chance of $28.5,24.0,24.800000000000004,0.0,4.467661580737735,24.0,16.0,24.0,28.5,1,5,B
2512,2021,False,17,1,69,0.5,-11,41,0.5,12,3,4,False,0,0.4352941176470587,0.3757345746510897,50% chance of $69; 50% chance of -$11,50% chance of $12; 25% chance of $44; 12.5% chance of $42; 6.25% chance of $38; 6.25% chance of $30,29.0,26.5,40.0,14.857657958103626,-11.0,12.0,69.0,44.0,2,5,A
2519,2027,False,17,1,51,0.2,16,57,0.25,15,1,2,False,0,0.5882352941176471,0.3838657853683636,20% chance of $51; 80% chance of $16,75% chance of $15; 12.5% chance of $56.5; 12.5% chance of $57.5,23.0,25.5,14.0,18.188251702678848,16.0,15.0,51.0,57.5,2,3,B
2522,2029,False,17,1,16,0.4,-4,64,0.2,-4,0,1,False,0,0.4352941176470589,0.4137347829083691,40% chance of $16; 60% chance of -$4,80% chance of -$4; 20% chance of $64,4.0,9.600000000000001,9.797958971132712,27.2,-4.0,-4.0,16.0,64.0,2,2,A
2529,2035,False,16,1,5,0.1,-8,19,0.1,1,0,1,False,0,0.8875000000000001,0.206155281280883,10% chance of $5; 90% chance of -$8,90% chance of $1; 10% chance of $19,-6.7,2.8000000000000003,3.9,5.4,-8.0,1.0,5.0,19.0,2,2,B
2536,2041,False,16,1,4,1.0,4,96,0.25,-32,0,1,False,0,0.325,0.3855731664245668,$4 for sure,75% chance of -$32; 25% chance of $96,4.0,0.0,0.0,55.42562584220407,4.0,-32.0,4.0,96.0,1,2,A
2538,2042,False,16,1,54,0.25,-6,28,0.75,-46,0,1,False,0,0.375,0.3714835124201341,25% chance of $54; 75% chance of -$6,25% chance of -$46; 75% chance of $28,9.0,9.5,25.98076211353316,32.04293994002423,-6.0,-46.0,54.0,28.0,2,2,A
2542,2045,False,16,1,-7,0.95,-24,21,0.2,-16,1,8,False,-1,0.75,0.3055050463303893,95% chance of -$7; 5% chance of -$24,80% chance of -$16; 0.156% chance of $17.5; 1.094% chance of $18.5; 3.281% chance of $19.5; 5.469% chance of $20.5; 5.469% chance of $21.5; 3.281% chance of $22.5; 1.094% chance of $23.5; 0.156% chance of $24.5,-7.8500000000000005,-8.600000000000001,3.705064102009574,14.81181960462657,-24.0,-16.0,-7.0,24.5,2,9,B
2546,2048,False,16,1,0,1.0,0,-5,0.25,-6,1,8,False,0,0.175,0.2816617356570348,$0 for sure,75% chance of -$6; 0.195% chance of -$8.5; 1.367% chance of -$7.5; 4.102% chance of -$6.5; 6.836% chance of -$5.5; 6.836% chance of -$4.5; 4.102% chance of -$3.5; 1.367% chance of -$2.5; 0.195% chance of -$1.5,0.0,-5.75,0.0,0.7905694150420949,0.0,-8.5,0.0,-1.5,1,9,A
2561,2062,False,15,1,24,0.6,2,18,0.8,17,1,8,False,-1,0.4000000000000001,0.3545621041711673,60% chance of $24; 40% chance of $2,20% chance of $17; 0.625% chance of $14.5; 4.375% chance of $15.5; 13.125% chance of $16.5; 21.875% chance of $17.5; 21.875% chance of $18.5; 13.125% chance of $19.5; 4.375% chance of $20.5; 0.625% chance of $21.5,15.2,17.799999999999997,10.777754868245983,1.2489995996796797,2.0,14.5,24.0,21.5,2,9,A
2565,2066,False,16,1,7,1.0,7,80,0.2,-20,0,1,False,0,0.125,0.2408318915758459,$7 for sure,80% chance of -$20; 20% chance of $80,7.0,0.0,0.0,40.0,7.0,-20.0,7.0,80.0,1,2,A
2574,2075,False,32,1,20,0.25,13,108,0.05,3,2,5,False,0,0.4625,0.3916466478526193,25% chance of $20; 75% chance of $13,95% chance of $3; 2.5% chance of $104; 1.25% chance of $106; 0.625% chance of $110; 0.312% chance of $118; 0.313% chance of $134,14.75,8.250000000000004,3.031088913245535,22.947494416602446,13.0,3.0,20.0,134.0,2,6,A
2577,2077,False,16,1,33,0.75,16,45,0.2,27,0,1,False,0,0.5499999999999999,0.4033195589934446,75% chance of $33; 25% chance of $16,80% chance of $27; 20% chance of $45,28.75,30.6,7.361215932167728,7.2,16.0,27.0,33.0,45.0,2,2,B
2581,2080,False,16,1,40,0.8,-30,31,0.99,-6,3,2,False,0,0.8500000000000001,0.2129162589689509,80% chance of $40; 20% chance of -$30,1% chance of -$6; 49.5% chance of $32; 49.5% chance of $30,26.0,30.630000000000003,27.999999999999996,3.8135416609760555,-30.0,-6.0,40.0,32.0,2,3,B
2583,2081,False,16,1,13,1.0,13,72,0.01,12,1,4,False,0,0.8,0.2921186973360886,$13 for sure,99% chance of $12; 0.125% chance of $70.5; 0.375% chance of $71.5; 0.375% chance of $72.5; 0.125% chance of $73.5,13.0,12.599999999999998,0.0,5.970552738231193,13.0,12.0,13.0,73.5,1,5,B
2588,2085,False,16,1,14,1.0,14,48,0.5,-18,0,1,False,0,0.425,0.3991657967979388,$14 for sure,50% chance of -$18; 50% chance of $48,14.0,15.0,0.0,33.0,14.0,-18.0,14.0,48.0,1,2,A
2592,2089,False,16,1,65,0.01,16,55,0.5,-17,0,1,False,0,0.15,0.2,1% chance of $65; 99% chance of $16,50% chance of -$17; 50% chance of $55,16.49,19.0,4.875438441822438,36.0,16.0,-17.0,65.0,55.0,2,2,A
2594,2090,False,16,1,24,1.0,24,15,0.8,6,0,1,False,0,0.1375,0.2390955178723907,$24 for sure,20% chance of $6; 80% chance of $15,24.0,13.2,0.0,3.5999999999999996,24.0,6.0,24.0,15.0,1,2,A
2599,2094,False,16,1,58,0.01,28,29,0.2,18,0,1,False,0,0.2,0.2529822128134703,1% chance of $58; 99% chance of $28,80% chance of $18; 20% chance of $29,28.299999999999997,20.200000000000003,2.98496231131986,4.4,28.0,18.0,58.0,29.0,2,2,A
2603,2097,False,16,1,9,1.0,9,13,0.75,4,0,1,False,0,0.55,0.4163331998932266,$9 for sure,25% chance of $4; 75% chance of $13,9.0,10.75,0.0,3.897114317029974,9.0,4.0,9.0,13.0,1,2,B
2607,2101,False,16,1,16,0.1,15,41,0.2,11,1,8,False,0,0.4125,0.4470272176650246,10% chance of $16; 90% chance of $15,80% chance of $11; 0.156% chance of $37.5; 1.094% chance of $38.5; 3.281% chance of $39.5; 5.469% chance of $40.5; 5.469% chance of $41.5; 3.281% chance of $42.5; 1.094% chance of $43.5; 0.156% chance of $44.5,15.1,17.0,0.30000000000000004,12.014574482685603,15.0,11.0,16.0,44.5,2,9,A
2608,2102,False,15,1,7,1.0,7,29,0.5,-27,1,4,False,0,0.36,0.4014260294784795,$7 for sure,50% chance of -$27; 6.25% chance of $27.5; 18.75% chance of $28.5; 18.75% chance of $29.5; 6.25% chance of $30.5,7.0,1.0,0.0,28.0066956280101,7.0,-27.0,7.0,30.5,1,5,A
2639,2130,False,16,1,-6,1.0,-6,-5,0.01,-6,1,8,False,0,0.575,0.443471156521669,-$6 for sure,99% chance of -$6; 0.008% chance of -$8.5; 0.055% chance of -$7.5; 0.164% chance of -$6.5; 0.273% chance of -$5.5; 0.273% chance of -$4.5; 0.164% chance of -$3.5; 0.055% chance of -$2.5; 0.008% chance of -$1.5,-6.0,-5.989999999999999,0.0,0.16552945357246848,-6.0,-8.5,-6.0,-1.5,1,9,B
2642,2133,False,16,1,29,1.0,29,37,0.95,11,2,2,False,0,0.5750000000000001,0.3785938897200182,$29 for sure,5% chance of $11; 47.5% chance of $36; 47.5% chance of $38,29.0,35.7,0.0,5.749782604586023,29.0,11.0,29.0,38.0,1,3,B
2647,2138,False,16,1,16,0.25,-7,50,0.4,-49,0,1,False,1,0.45,0.3540244812627134,25% chance of $16; 75% chance of -$7,60% chance of -$49; 40% chance of $50,-1.25,-9.399999999999999,9.959292143521045,48.49989690710692,-7.0,-49.0,16.0,50.0,2,2,A
2651,2141,False,15,1,23,0.75,-32,16,0.6,-26,0,1,False,0,0.24,0.2947153590452029,75% chance of $23; 25% chance of -$32,40% chance of -$26; 60% chance of $16,9.25,-0.8000000000000007,23.81569860407206,20.575713839378697,-32.0,-26.0,23.0,16.0,2,2,A
2657,2146,False,15,1,18,0.5,-4,17,0.6,-3,0,1,False,0,0.5466666666666667,0.3502380143083652,50% chance of $18; 50% chance of -$4,40% chance of -$3; 60% chance of $17,7.0,9.0,11.0,9.797958971132712,-4.0,-3.0,18.0,17.0,2,2,B
2665,2152,False,16,1,30,0.2,-14,-6,0.9,-13,0,1,False,-1,0.2125,0.2777888886666756,20% chance of $30; 80% chance of -$14,10% chance of -$13; 90% chance of -$6,-5.200000000000001,-6.7,17.6,2.0999999999999996,-14.0,-13.0,30.0,-6.0,2,2,A
2668,2155,False,16,1,28,0.6,-17,20,0.25,6,0,1,False,0,0.8,0.2422120283277993,60% chance of $28; 40% chance of -$17,75% chance of $6; 25% chance of $20,10.0,9.5,22.045407685048602,6.06217782649107,-17.0,6.0,28.0,20.0,2,2,B
2669,2156,False,16,1,16,0.99,4,15,0.9,11,0,1,False,0,0.375,0.3642343567906062,99% chance of $16; 1% chance of $4,10% chance of $11; 90% chance of $15,15.879999999999999,14.6,1.1939849245279446,1.2,4.0,11.0,16.0,15.0,2,2,A
2674,2160,False,16,1,28,0.01,-5,24,0.01,-3,1,4,False,0,0.7625000000000001,0.2753785273643051,1% chance of $28; 99% chance of -$5,99% chance of -$3; 0.125% chance of $22.5; 0.375% chance of $23.5; 0.375% chance of $24.5; 0.125% chance of $25.5,-4.67,-2.73,3.283458542451846,2.6878616035800653,-5.0,-3.0,28.0,25.5,2,5,B
2682,2166,False,16,1,38,0.01,30,58,0.5,-4,0,1,False,-1,0.3750000000000001,0.3336665001664586,1% chance of $38; 99% chance of $30,50% chance of -$4; 50% chance of $58,30.08,27.0,0.7959899496852959,31.0,30.0,-4.0,38.0,58.0,2,2,A
2686,2169,False,16,1,6,0.75,-10,7,0.8,-9,0,1,False,0,0.7875000000000001,0.2247220505424423,75% chance of $6; 25% chance of -$10,20% chance of -$9; 80% chance of $7,2.0,3.8000000000000007,6.928203230275509,6.3999999999999995,-10.0,-9.0,6.0,7.0,2,2,B
2688,2170,False,16,1,56,0.25,-4,23,0.1,7,0,1,False,0,0.675,0.3568379650952703,25% chance of $56; 75% chance of -$4,90% chance of $7; 10% chance of $23,11.0,8.6,25.98076211353316,4.800000000000001,-4.0,7.0,56.0,23.0,2,2,B
2690,2171,False,16,1,59,0.1,13,109,0.2,-13,0,1,False,0,0.125,0.204939015319192,10% chance of $59; 90% chance of $13,80% chance of -$13; 20% chance of $109,17.6,11.4,13.8,48.8,13.0,-13.0,59.0,109.0,2,2,A
2692,2173,False,16,1,20,1.0,20,28,0.6,2,1,8,False,0,0.3875000000000001,0.3685557397915997,$20 for sure,40% chance of $2; 0.469% chance of $24.5; 3.281% chance of $25.5; 9.844% chance of $26.5; 16.406% chance of $27.5; 16.406% chance of $28.5; 9.844% chance of $29.5; 3.281% chance of $30.5; 0.469% chance of $31.5,20.0,17.6,0.0,12.778497564267875,20.0,2.0,20.0,31.5,1,9,A
2695,2175,False,17,1,6,1.0,6,16,0.01,11,0,1,False,0,0.8352941176470587,0.2370157602106562,$6 for sure,99% chance of $11; 1% chance of $16,6.0,11.05,0.0,0.49749371855331,6.0,11.0,6.0,16.0,1,2,B
2705,2183,False,15,1,30,0.1,10,56,0.6,-41,0,1,False,0,0.2266666666666667,0.3453086955726647,10% chance of $30; 90% chance of $10,40% chance of -$41; 60% chance of $56,12.0,17.2,6.0,47.52010100999365,10.0,-41.0,30.0,56.0,2,2,A
2711,2188,False,15,1,23,0.6,-32,17,0.2,0,0,1,False,0,0.5866666666666667,0.3502380143083653,60% chance of $23; 40% chance of -$32,80% chance of $0; 20% chance of $17,0.9999999999999982,3.4000000000000004,26.94438717061496,6.8,-32.0,0.0,23.0,17.0,2,2,B
2713,2189,False,16,1,16,0.25,-4,39,0.5,-39,1,8,False,1,0.475,0.3714835124201342,25% chance of $16; 75% chance of -$4,50% chance of -$39; 0.391% chance of $35.5; 2.734% chance of $36.5; 8.203% chance of $37.5; 13.672% chance of $38.5; 13.672% chance of $39.5; 8.203% chance of $40.5; 2.734% chance of $41.5; 0.391% chance of $42.5,1.0,0.0,8.660254037844387,39.01121633581809,-4.0,-39.0,16.0,42.5,2,9,A
2718,2194,False,15,1,22,1.0,22,22,1.0,22,2,4,False,0,0.4666666666666666,0.4117326918327103,$22 for sure,50% chance of $19; 25% chance of $21; 12.5% chance of $25; 12.5% chance of $33,22.0,22.0,0.0,4.58257569495584,22.0,19.0,22.0,33.0,1,4,A
2723,2198,False,15,1,28,0.2,13,95,0.25,-15,3,2,False,0,0.3466666666666667,0.3502380143083653,20% chance of $28; 80% chance of $13,75% chance of -$15; 12.5% chance of $96; 12.5% chance of $94,16.0,12.5,6.0,47.634021455258214,13.0,-15.0,28.0,96.0,2,3,A
2729,2203,False,16,1,19,1.0,19,34,0.8,-1,0,1,False,0,0.575,0.4374166587286466,$19 for sure,20% chance of -$1; 80% chance of $34,19.0,27.000000000000004,0.0,13.999999999999998,19.0,-1.0,19.0,34.0,1,2,B
2731,2205,False,16,1,25,1.0,25,79,0.1,19,0,1,False,0,0.5375,0.4047633053197058,$25 for sure,90% chance of $19; 10% chance of $79,25.0,25.0,0.0,18.0,25.0,19.0,25.0,79.0,1,2,B
2733,2206,False,33,1,22,0.01,5,43,0.05,1,0,1,False,0,0.3636363636363636,0.3723390439322253,1% chance of $22; 99% chance of $5,95% chance of $1; 5% chance of $43,5.17,3.0999999999999996,1.6914786430812538,9.153687781435416,5.0,1.0,22.0,43.0,2,2,A
2754,2224,False,16,1,10,0.01,-10,6,0.05,-10,0,1,False,0,0.725,0.3255764119219941,1% chance of $10; 99% chance of -$10,95% chance of -$10; 5% chance of $6,-9.8,-9.2,1.98997487421324,3.4871191548325386,-10.0,-10.0,10.0,6.0,2,2,B
2756,2225,False,16,1,27,0.5,-3,21,0.25,16,3,6,False,0,0.475,0.443471156521669,50% chance of $27; 50% chance of -$3,75% chance of $16; 12.5% chance of $26; 6.25% chance of $24; 3.125% chance of $20; 1.562% chance of $12; 0.781% chance of -$4; 0.781% chance of -$36,12.0,17.25,15.0,6.319612329882269,-3.0,-36.0,27.0,26.0,2,7,A
2758,2226,False,17,1,1,1.0,1,5,0.99,-1,1,8,False,0,0.7999999999999999,0.3316624790355399,$1 for sure,1% chance of -$1; 0.773% chance of $1.5; 5.414% chance of $2.5; 16.242% chance of $3.5; 27.07% chance of $4.5; 27.07% chance of $5.5; 16.242% chance of $6.5; 5.414% chance of $7.5; 0.773% chance of $8.5,1.0,4.940000000000001,0.0,1.4453027364535087,1.0,-1.0,1.0,8.5,1,9,B
2760,2227,False,17,1,43,0.6,-42,86,0.05,3,0,1,False,1,0.776470588235294,0.3527205192583532,60% chance of $43; 40% chance of -$42,95% chance of $3; 5% chance of $86,9.0,7.1499999999999995,41.641325627314025,18.089430615693797,-42.0,3.0,43.0,86.0,2,2,B
2762,2229,False,17,1,27,1.0,27,35,0.2,15,0,1,False,0,0.5294117647058824,0.4058397249567139,$27 for sure,80% chance of $15; 20% chance of $35,27.0,19.0,0.0,8.0,27.0,15.0,27.0,35.0,1,2,B
2767,2232,False,17,1,1,1.0,1,30,0.4,-22,0,1,False,0,0.3058823529411765,0.3880570000581328,$1 for sure,60% chance of -$22; 40% chance of $30,1.0,-1.1999999999999993,0.0,25.474693324945054,1.0,-22.0,1.0,30.0,1,2,A
2770,2234,False,17,1,30,1.0,30,40,0.01,29,0,1,False,0,0.4352941176470588,0.4076474832354976,$30 for sure,99% chance of $29; 1% chance of $40,30.0,29.11,0.0,1.094486180817282,30.0,29.0,30.0,40.0,1,2,A
2771,2235,False,17,1,11,1.0,11,30,0.2,0,0,1,False,0,0.2470588235294118,0.2502939448399209,$11 for sure,80% chance of $0; 20% chance of $30,11.0,6.0,0.0,12.0,11.0,0.0,11.0,30.0,1,2,A
2785,2247,False,16,1,109,0.2,-1,19,0.8,19,0,1,False,0,0.6125,0.389657969677682,20% chance of $109; 80% chance of -$1,20% chance of $19; 80% chance of $19,21.0,19.0,44.0,0.0,-1.0,19.0,109.0,19.0,2,2,B
2787,2248,False,16,1,20,1.0,20,34,0.2,15,2,6,False,0,0.75,0.3306559138036598,$20 for sure,80% chance of $15; 10% chance of $29; 5% chance of $31; 2.5% chance of $35; 1.25% chance of $43; 0.625% chance of $59; 0.625% chance of $91,20.0,18.799999999999994,0.0,9.271461589199388,20.0,15.0,20.0,91.0,1,7,B
2791,2252,False,17,1,25,0.2,-16,-8,0.9,-30,0,1,False,1,0.2823529411764706,0.3539690913724797,20% chance of $25; 80% chance of -$16,10% chance of -$30; 90% chance of -$8,-7.800000000000001,-10.2,16.400000000000002,6.599999999999999,-16.0,-30.0,25.0,-8.0,2,2,A
2794,2254,False,17,1,-2,1.0,-2,33,0.25,-22,0,1,False,0,0.5058823529411764,0.3613699424331216,-$2 for sure,75% chance of -$22; 25% chance of $33,-2.0,-8.25,0.0,23.81569860407206,-2.0,-22.0,-2.0,33.0,1,2,B
2795,2255,False,17,1,-1,1.0,-1,89,0.2,-24,0,1,False,0,0.4941176470588236,0.4069253436370333,-$1 for sure,80% chance of -$24; 20% chance of $89,-1.0,-1.4000000000000021,0.0,45.2,-1.0,-24.0,-1.0,89.0,1,2,A
2800,2259,False,16,1,106,0.2,-24,21,0.2,-11,1,4,False,0,0.525,0.3,20% chance of $106; 80% chance of -$24,80% chance of -$11; 2.5% chance of $19.5; 7.5% chance of $20.5; 7.5% chance of $21.5; 2.5% chance of $22.5,2.0,-4.6,52.00000000000001,12.805858034509052,-24.0,-11.0,106.0,22.5,2,5,B
2803,2261,False,16,1,-3,0.6,-8,6,0.1,-17,0,1,False,0,0.325,0.3492849839314596,60% chance of -$3; 40% chance of -$8,90% chance of -$17; 10% chance of $6,-5.0,-14.700000000000001,2.449489742783178,6.900000000000001,-8.0,-17.0,-3.0,6.0,2,2,A
2804,2262,False,16,1,-4,0.9,-26,31,0.5,-25,3,3,False,0,0.625,0.3568379650952703,90% chance of -$4; 10% chance of -$26,50% chance of -$25; 25% chance of $33; 12.5% chance of $31; 12.5% chance of $27,-6.199999999999999,3.0,6.599999999999999,28.053520278211074,-26.0,-25.0,-4.0,33.0,2,4,B
2810,2268,False,16,1,25,1.0,25,61,0.5,-7,1,8,False,0,0.3,0.3502380143083653,$25 for sure,50% chance of -$7; 0.391% chance of $57.5; 2.734% chance of $58.5; 8.203% chance of $59.5; 13.672% chance of $60.5; 13.672% chance of $61.5; 8.203% chance of $62.5; 2.734% chance of $63.5; 0.391% chance of $64.5,25.0,27.0,0.0,34.01286521303373,25.0,-7.0,25.0,64.5,1,9,A
2812,2270,False,16,1,28,1.0,28,36,0.01,32,2,2,False,0,0.8125,0.2872281323269014,$28 for sure,99% chance of $32; 0.5% chance of $35; 0.5% chance of $37,28.0,32.04,0.0,0.41036569057366556,28.0,32.0,28.0,37.0,1,3,B
2813,2271,False,16,1,3,1.0,3,46,0.2,-18,3,4,False,0,0.375,0.3642343567906062,$3 for sure,80% chance of -$18; 10% chance of $49; 5% chance of $47; 2.5% chance of $43; 2.5% chance of $35,3.0,-5.200000000000002,0.0,25.681900241220468,3.0,-18.0,3.0,49.0,1,5,A
2815,2273,False,16,1,9,0.01,7,25,0.6,7,0,1,False,0,0.65,0.3966526608171605,1% chance of $9; 99% chance of $7,40% chance of $7; 60% chance of $25,7.02,17.8,0.19899748742132398,8.818163074019441,7.0,7.0,9.0,25.0,2,2,B
2817,2274,False,16,1,30,0.9,24,87,0.1,25,3,3,False,0,0.6,0.3577708763999663,90% chance of $30; 10% chance of $24,90% chance of $25; 5% chance of $89; 2.5% chance of $87; 2.5% chance of $83,29.4,31.199999999999996,1.8,18.61612204515215,24.0,25.0,30.0,89.0,2,4,B
2818,2275,False,16,1,92,0.05,18,55,0.4,-6,1,4,False,0,0.2625,0.3556683848755748,5% chance of $92; 95% chance of $18,60% chance of -$6; 5% chance of $53.5; 15% chance of $54.5; 15% chance of $55.5; 5% chance of $56.5,21.7,18.400000000000002,16.12792609110049,29.888793886672644,18.0,-6.0,92.0,56.5,2,5,A
2820,2276,False,16,1,22,0.05,3,2,0.75,-3,2,6,False,0,0.325,0.3172801075810878,5% chance of $22; 95% chance of $3,25% chance of -$3; 37.5% chance of -$3; 18.75% chance of -$1; 9.375% chance of $3; 4.688% chance of $11; 2.344% chance of $27; 2.344% chance of $59,3.9499999999999997,0.75,4.14095399636364,10.508924778491851,3.0,-3.0,22.0,59.0,2,7,A
2822,2278,False,16,1,-1,1.0,-1,12,0.8,-37,0,1,False,0,0.6500000000000001,0.3898717737923585,-$1 for sure,20% chance of -$37; 80% chance of $12,-1.0,2.200000000000003,0.0,19.599999999999998,-1.0,-37.0,-1.0,12.0,1,2,B
2824,2279,False,16,1,59,0.5,-33,4,0.2,2,1,2,False,0,0.4803571428571429,0.4343381860531556,50% chance of $59; 50% chance of -$33,80% chance of $2; 10% chance of $3.5; 10% chance of $4.5,13.0,2.4000000000000004,46.0,0.8306623862918074,-33.0,2.0,59.0,4.5,2,3,A
2826,2280,False,18,1,-5,1.0,-5,-5,0.99,-11,0,1,False,0,0.2,0.3289913283319897,-$5 for sure,1% chance of -$11; 99% chance of -$5,-5.0,-5.0600000000000005,0.0,0.5969924622639723,-5.0,-11.0,-5.0,-5.0,1,2,A
2828,2282,False,18,1,18,0.4,-7,62,0.01,7,3,3,False,0,0.7444444444444444,0.3347030680929735,40% chance of $18; 60% chance of -$7,99% chance of $7; 0.5% chance of $64; 0.25% chance of $62; 0.25% chance of $58,3.0,7.550000000000005,12.24744871391589,5.477910185463085,-7.0,7.0,18.0,64.0,2,4,B
2831,2285,False,18,1,25,0.95,8,23,0.4,17,1,6,False,0,0.2,0.2566755791678992,95% chance of $25; 5% chance of $8,60% chance of $17; 1.25% chance of $20.5; 6.25% chance of $21.5; 12.5% chance of $22.5; 12.5% chance of $23.5; 6.25% chance of $24.5; 1.25% chance of $25.5,24.15,19.400000000000002,3.705064102009574,3.023243291566195,8.0,17.0,25.0,25.5,2,7,A
2836,2289,False,18,1,20,0.5,10,20,0.8,-14,0,1,False,0,0.1666666666666667,0.1847096290365598,50% chance of $20; 50% chance of $10,20% chance of -$14; 80% chance of $20,15.0,13.200000000000001,5.0,13.6,10.0,-14.0,20.0,20.0,2,2,A
2842,2294,False,16,1,54,0.1,-8,16,0.4,-9,1,6,False,0,0.7625000000000001,0.3030401513551188,10% chance of $54; 90% chance of -$8,60% chance of -$9; 1.25% chance of $13.5; 6.25% chance of $14.5; 12.5% chance of $15.5; 12.5% chance of $16.5; 6.25% chance of $17.5; 1.25% chance of $18.5,-1.7999999999999998,1.0000000000000009,18.6,12.267844146385299,-8.0,-9.0,54.0,18.5,2,7,B
2844,2295,False,15,1,25,0.25,-18,50,0.4,-40,0,1,False,0,0.6933333333333334,0.2604026186687142,25% chance of $25; 75% chance of -$18,60% chance of -$40; 40% chance of $50,-7.25,-4.0,18.619546181365433,44.090815370097204,-18.0,-40.0,25.0,50.0,2,2,B
2846,2296,False,16,1,-2,1.0,-2,9,0.8,-42,0,1,False,0,0.5375,0.3630886025935451,-$2 for sure,20% chance of -$42; 80% chance of $9,-2.0,-1.1999999999999984,0.0,20.4,-2.0,-42.0,-2.0,9.0,1,2,B
2847,2297,False,16,1,116,0.2,6,24,0.75,17,1,6,False,0,0.375,0.3255764119219941,20% chance of $116; 80% chance of $6,25% chance of $17; 2.344% chance of $21.5; 11.719% chance of $22.5; 23.438% chance of $23.5; 23.438% chance of $24.5; 11.719% chance of $25.5; 2.344% chance of $26.5,28.000000000000004,22.25,44.00000000000001,3.181980515339464,6.0,17.0,116.0,26.5,2,7,A
2851,2301,False,15,1,24,0.6,14,23,0.95,4,0,1,False,0,0.5866666666666667,0.3159264531651691,60% chance of $24; 40% chance of $14,5% chance of $4; 95% chance of $23,20.0,22.049999999999997,4.898979485566356,4.140953996363642,14.0,4.0,24.0,23.0,2,2,B
2856,2305,False,16,1,1,1.0,1,57,0.4,-37,0,1,False,0,0.4749999999999999,0.4312771730569565,$1 for sure,60% chance of -$37; 40% chance of $57,1.0,0.6000000000000014,0.0,46.05040716432375,1.0,-37.0,1.0,57.0,1,2,A
2860,2309,False,15,1,2,1.0,2,42,0.25,-7,0,1,False,0,0.52,0.3839642840533107,$2 for sure,75% chance of -$7; 25% chance of $42,2.0,5.25,0.0,21.21762239271875,2.0,-7.0,2.0,42.0,1,2,B
2871,2319,False,15,1,-10,1.0,-10,4,0.25,-24,0,1,False,0,0.5466666666666666,0.3159264531651691,-$10 for sure,75% chance of -$24; 25% chance of $4,-10.0,-17.0,0.0,12.12435565298214,-10.0,-24.0,-10.0,4.0,1,2,B
2882,2328,False,16,1,28,0.01,26,27,0.8,25,2,6,False,0,0.5875,0.3757215280851853,1% chance of $28; 99% chance of $26,20% chance of $25; 40% chance of $22; 20% chance of $24; 10% chance of $28; 5% chance of $36; 2.5% chance of $52; 2.5% chance of $84,26.02,26.6,0.19899748742132398,10.650821564555471,26.0,22.0,28.0,84.0,2,7,B
2888,2333,False,16,1,11,1.0,11,12,0.95,-28,0,1,False,0,0.225,0.3642343567906063,$11 for sure,5% chance of -$28; 95% chance of $12,11.0,9.999999999999996,0.0,8.717797887081352,11.0,-28.0,11.0,12.0,1,2,A
2890,2334,False,16,1,65,0.25,-30,37,0.4,-49,0,1,False,0,0.5625,0.3442382895611701,25% chance of $65; 75% chance of -$30,60% chance of -$49; 40% chance of $37,-6.25,-14.599999999999998,41.13620667976084,42.13122357587066,-30.0,-49.0,65.0,37.0,2,2,B
2895,2339,False,16,1,29,1.0,29,53,0.6,0,2,3,False,0,0.325,0.2909753712372692,$29 for sure,40% chance of $0; 30% chance of $51; 15% chance of $53; 15% chance of $57,29.0,31.800000000000004,0.0,26.033824152436768,29.0,0.0,29.0,57.0,1,4,A
2904,2347,False,16,1,28,1.0,28,31,0.05,24,1,8,False,0,0.6,0.4442221666388715,$28 for sure,95% chance of $24; 0.039% chance of $27.5; 0.273% chance of $28.5; 0.82% chance of $29.5; 1.367% chance of $30.5; 1.367% chance of $31.5; 0.82% chance of $32.5; 0.273% chance of $33.5; 0.039% chance of $34.5,28.0,24.349999999999994,0.0,1.5540270267920053,28.0,24.0,28.0,34.5,1,9,B
2906,2348,False,16,1,34,0.5,18,99,0.2,14,3,5,False,0,0.625,0.3415650255319866,50% chance of $34; 50% chance of $18,80% chance of $14; 10% chance of $103; 5% chance of $101; 2.5% chance of $97; 1.25% chance of $89; 1.25% chance of $73,26.0,31.0,8.0,34.170162422792195,18.0,14.0,34.0,103.0,2,6,B
2907,2349,False,16,1,14,0.25,6,97,0.01,16,1,2,False,0,0.775,0.3492849839314596,25% chance of $14; 75% chance of $6,99% chance of $16; 0.5% chance of $96.5; 0.5% chance of $97.5,8.0,16.810000000000002,3.4641016151377544,8.059553337499542,6.0,16.0,14.0,97.5,2,3,B
2910,2351,False,16,1,31,0.9,2,35,0.5,23,0,1,False,0,0.6,0.4066120181860508,90% chance of $31; 10% chance of $2,50% chance of $23; 50% chance of $35,28.1,29.0,8.7,6.0,2.0,23.0,31.0,35.0,2,2,B
2911,2352,False,16,1,-2,1.0,-2,22,0.6,-34,0,1,False,0,0.6875,0.3721558813185679,-$2 for sure,40% chance of -$34; 60% chance of $22,-2.0,-0.40000000000000213,0.0,27.43428511917159,-2.0,-34.0,-2.0,22.0,1,2,B
2917,2357,False,16,1,26,1.0,26,40,0.01,23,0,1,False,0,0.3625,0.3810074364978545,$26 for sure,99% chance of $23; 1% chance of $40,26.0,23.169999999999998,0.0,1.6914786430812538,26.0,23.0,26.0,40.0,1,2,A
2919,2359,False,15,1,95,0.1,-13,43,0.4,-28,0,1,False,0,0.6933333333333334,0.3844600418893019,10% chance of $95; 90% chance of -$13,60% chance of -$28; 40% chance of $43,-2.200000000000001,0.3999999999999986,32.4,34.782754347521134,-13.0,-28.0,95.0,43.0,2,2,B
2925,2364,False,15,1,7,1.0,7,13,0.99,13,0,1,False,0,0.8,0.2725540575476987,$7 for sure,1% chance of $13; 99% chance of $13,7.0,13.0,0.0,0.0,7.0,13.0,7.0,13.0,1,2,B
2935,2373,False,15,1,21,1.0,21,49,0.05,24,1,8,False,0,0.7333333333333333,0.3436498771936898,$21 for sure,95% chance of $24; 0.039% chance of $45.5; 0.273% chance of $46.5; 0.82% chance of $47.5; 1.367% chance of $48.5; 1.367% chance of $49.5; 0.82% chance of $50.5; 0.273% chance of $51.5; 0.039% chance of $52.5,21.0,25.25,0.0,5.456647322303321,21.0,24.0,21.0,52.5,1,9,B
2944,2379,False,16,1,-4,1.0,-4,-3,0.2,-20,0,1,False,0,0.1,0.2529822128134704,-$4 for sure,80% chance of -$20; 20% chance of -$3,-4.0,-16.6,0.0,6.8,-4.0,-20.0,-4.0,-3.0,1,2,A
2952,2385,False,16,1,25,0.4,-5,17,0.75,-18,0,1,False,0,0.4500000000000001,0.3966526608171605,40% chance of $25; 60% chance of -$5,25% chance of -$18; 75% chance of $17,7.0,8.25,14.696938456699069,15.155444566227676,-5.0,-18.0,25.0,17.0,2,2,A
2953,2386,False,16,1,98,0.1,-5,60,0.05,-9,1,4,False,0,0.25,0.3306559138036598,10% chance of $98; 90% chance of -$5,95% chance of -$9; 0.625% chance of $58.5; 1.875% chance of $59.5; 1.875% chance of $60.5; 0.625% chance of $61.5,5.300000000000001,-5.549999999999999,30.900000000000002,15.039448128172788,-5.0,-9.0,98.0,61.5,2,5,A
2963,2394,False,16,1,-6,1.0,-6,18,0.01,-10,0,1,False,0,0.425,0.3642343567906064,-$6 for sure,99% chance of -$10; 1% chance of $18,-6.0,-9.72,0.0,2.785964823898536,-6.0,-10.0,-6.0,18.0,1,2,A
2966,2396,False,16,1,-10,1.0,-10,75,0.25,-37,0,1,False,0,0.5375,0.370360185045135,-$10 for sure,75% chance of -$37; 25% chance of $75,-10.0,-9.0,0.0,48.49742261192856,-10.0,-37.0,-10.0,75.0,1,2,B
2967,2397,False,16,1,13,1.0,13,17,0.6,1,0,1,False,0,0.35,0.3141125063837265,$13 for sure,40% chance of $1; 60% chance of $17,13.0,10.6,0.0,7.83836717690617,13.0,1.0,13.0,17.0,1,2,A
2971,2401,False,16,1,13,0.5,5,14,0.4,9,1,6,False,0,0.8125,0.2473189573539939,50% chance of $13; 50% chance of $5,60% chance of $9; 1.25% chance of $11.5; 6.25% chance of $12.5; 12.5% chance of $13.5; 12.5% chance of $14.5; 6.25% chance of $15.5; 1.25% chance of $16.5,9.0,11.000000000000002,4.0,2.5495097567963927,5.0,9.0,13.0,16.5,2,7,B
2974,2403,False,16,1,30,1.0,30,107,0.4,-12,0,1,False,0,0.6625000000000001,0.3480900266693469,$30 for sure,60% chance of -$12; 40% chance of $107,30.0,35.60000000000001,0.0,58.297855878239645,30.0,-12.0,30.0,107.0,1,2,B
2978,2406,False,16,1,29,1.0,29,27,0.75,26,0,1,False,0,0.3375,0.3913651321549567,$29 for sure,25% chance of $26; 75% chance of $27,29.0,26.75,0.0,0.4330127018922193,29.0,26.0,29.0,27.0,1,2,A
2982,2409,False,31,1,18,1.0,18,92,0.1,8,3,6,False,0,0.4516129032258064,0.3501151884184551,$18 for sure,90% chance of $8; 5% chance of $97; 2.5% chance of $95; 1.25% chance of $91; 0.625% chance of $83; 0.312% chance of $67; 0.312% chance of $35,18.0,16.4,0.0,25.478225997898672,18.0,8.0,18.0,97.0,1,7,A
2988,2414,False,16,1,-10,1.0,-10,-7,0.1,-24,0,1,False,0,0.15,0.2,-$10 for sure,90% chance of -$24; 10% chance of -$7,-10.0,-22.3,0.0,5.1000000000000005,-10.0,-24.0,-10.0,-7.0,1,2,A
2991,2417,False,16,1,7,0.6,-5,34,0.1,-9,0,1,False,0,0.4125,0.3685557397915997,60% chance of $7; 40% chance of -$5,90% chance of -$9; 10% chance of $34,2.2,-4.699999999999999,5.878775382679628,12.9,-5.0,-9.0,7.0,34.0,2,2,A
2994,2420,False,16,1,7,1.0,7,22,0.1,5,1,8,False,0,0.725,0.3492849839314596,$7 for sure,90% chance of $5; 0.078% chance of $18.5; 0.547% chance of $19.5; 1.641% chance of $20.5; 2.734% chance of $21.5; 2.734% chance of $22.5; 1.641% chance of $23.5; 0.547% chance of $24.5; 0.078% chance of $25.5,7.0,6.700000000000001,0.0,5.117128100800293,7.0,5.0,7.0,25.5,1,9,B
2996,2422,False,16,1,29,0.99,1,29,0.05,27,0,1,False,0,0.4749999999999999,0.4187282332651254,99% chance of $29; 1% chance of $1,95% chance of $27; 5% chance of $29,28.720000000000002,27.099999999999998,2.7859648238985373,0.4358898943540674,1.0,27.0,29.0,29.0,2,2,A
2998,2423,False,16,1,-2,1.0,-2,77,0.25,-39,1,8,False,0,0.625,0.3642343567906062,-$2 for sure,75% chance of -$39; 0.195% chance of $73.5; 1.367% chance of $74.5; 4.102% chance of $75.5; 6.836% chance of $76.5; 6.836% chance of $77.5; 4.102% chance of $78.5; 1.367% chance of $79.5; 0.195% chance of $80.5,-2.0,-10.0,0.0,50.2338282435253,-2.0,-39.0,-2.0,80.5,1,9,B
3005,2429,False,16,1,14,0.9,-5,84,0.1,15,0,1,False,0,1.0,0.0,90% chance of $14; 10% chance of -$5,90% chance of $15; 10% chance of $84,12.1,21.9,5.699999999999999,20.700000000000003,-5.0,15.0,14.0,84.0,2,2,B
3009,2432,False,16,1,33,0.05,25,32,0.8,-9,3,2,False,0,0.2875,0.3862210075418823,5% chance of $33; 95% chance of $25,20% chance of -$9; 40% chance of $33; 40% chance of $31,25.4,23.8,1.7435595774162693,16.424372134118247,25.0,-9.0,33.0,33.0,2,3,A
3011,2433,False,16,1,12,1.0,12,52,0.4,-9,0,1,False,0,0.325,0.3336665001664586,$12 for sure,60% chance of -$9; 40% chance of $52,12.0,15.400000000000002,0.0,29.883774861954773,12.0,-9.0,12.0,52.0,1,2,A
3020,2439,False,17,1,-10,1.0,-10,24,0.25,-12,3,3,False,0,0.8352941176470589,0.2370157602106561,-$10 for sure,75% chance of -$12; 12.5% chance of $26; 6.25% chance of $24; 6.25% chance of $20,-10.0,-3.0,0.0,15.636495771111889,-10.0,-12.0,-10.0,26.0,1,4,B
3022,2440,False,17,1,9,1.0,9,43,0.1,8,0,1,False,0,0.6705882352941176,0.3804022638641116,$9 for sure,90% chance of $8; 10% chance of $43,9.0,11.5,0.0,10.5,9.0,8.0,9.0,43.0,1,2,B
3025,2442,False,17,1,103,0.05,7,19,0.25,6,0,1,False,0,0.4,0.4183300132670378,5% chance of $103; 95% chance of $7,75% chance of $6; 25% chance of $19,11.8,9.25,20.922714928995237,5.629165124598851,7.0,6.0,103.0,19.0,2,2,A
3028,2444,False,17,1,54,0.6,-33,19,0.75,1,0,1,False,0,0.7764705882352941,0.3152963125472329,60% chance of $54; 40% chance of -$33,25% chance of $1; 75% chance of $19,19.199999999999996,14.5,42.621121524427295,7.794228634059948,-33.0,1.0,54.0,19.0,2,2,B
3033,2448,False,16,1,23,1.0,23,23,1.0,23,2,2,False,0,0.575,0.4187282332651254,$23 for sure,50% chance of $22; 50% chance of $24,23.0,23.0,0.0,1.0,23.0,22.0,23.0,24.0,1,2,B
3040,2454,False,16,1,52,0.1,19,85,0.1,12,1,2,False,0,0.6625000000000001,0.3242941051987634,10% chance of $52; 90% chance of $19,90% chance of $12; 5% chance of $84.5; 5% chance of $85.5,22.3,19.300000000000004,9.9,21.900570768817875,19.0,12.0,52.0,85.5,2,3,B
3043,2456,False,16,1,-6,0.4,-11,14,0.05,-17,0,1,False,0,0.5249999999999999,0.443471156521669,40% chance of -$6; 60% chance of -$11,95% chance of -$17; 5% chance of $14,-9.0,-15.45,2.449489742783178,6.756293362488044,-11.0,-17.0,-6.0,14.0,2,2,B
3051,2462,False,16,1,15,1.0,15,39,0.1,16,1,6,False,0,0.8,0.3098386676965933,$15 for sure,90% chance of $16; 0.312% chance of $36.5; 1.562% chance of $37.5; 3.125% chance of $38.5; 3.125% chance of $39.5; 1.562% chance of $40.5; 0.312% chance of $41.5,15.0,18.3,0.0,6.9090520333834515,15.0,16.0,15.0,41.5,1,7,B
3054,2465,False,16,1,12,1.0,12,98,0.01,4,0,1,False,0,0.2375,0.3518996068956789,$12 for sure,99% chance of $4; 1% chance of $98,12.0,4.9399999999999995,0.0,9.352881908802228,12.0,4.0,12.0,98.0,1,2,A
3056,2467,False,16,1,10,0.75,-15,76,0.05,5,1,8,False,0,0.7999999999999999,0.3098386676965933,75% chance of $10; 25% chance of -$15,95% chance of $5; 0.039% chance of $72.5; 0.273% chance of $73.5; 0.82% chance of $74.5; 1.367% chance of $75.5; 1.367% chance of $76.5; 0.82% chance of $77.5; 0.273% chance of $78.5; 0.039% chance of $79.5,3.75,8.55,10.825317547305483,15.476918297904142,-15.0,5.0,10.0,79.5,2,9,B
3059,2469,False,16,1,55,0.5,-5,34,0.6,17,0,1,False,0,0.6125,0.3612478373637689,50% chance of $55; 50% chance of -$5,40% chance of $17; 60% chance of $34,25.0,27.2,30.0,8.328265125462805,-5.0,17.0,55.0,34.0,2,2,B
3062,2471,False,16,1,13,0.95,-9,10,0.99,2,0,1,False,-1,0.6,0.3932768321000701,95% chance of $13; 5% chance of -$9,1% chance of $2; 99% chance of $10,11.899999999999999,9.92,4.7947888378947425,0.7959899496852962,-9.0,2.0,13.0,10.0,2,2,B
3068,2476,False,16,1,11,1.0,11,61,0.25,2,0,1,False,0,0.675,0.2516611478423583,$11 for sure,75% chance of $2; 25% chance of $61,11.0,16.75,0.0,25.54774941164094,11.0,2.0,11.0,61.0,1,2,B
3070,2477,False,16,1,25,0.9,16,26,0.4,22,0,1,False,0,0.4875,0.3792536530256938,90% chance of $25; 10% chance of $16,60% chance of $22; 40% chance of $26,24.1,23.6,2.6999999999999997,1.9595917942265426,16.0,22.0,25.0,26.0,2,2,A
3076,2482,False,16,1,2,1.0,2,18,0.25,5,0,1,False,0,0.825,0.2516611478423583,$2 for sure,75% chance of $5; 25% chance of $18,2.0,8.25,0.0,5.629165124598851,2.0,5.0,2.0,18.0,1,2,B
3078,2483,False,31,1,0,1.0,0,23,0.6,-33,1,8,False,0,0.6064516129032258,0.3244847031535465,$0 for sure,40% chance of -$33; 0.469% chance of $19.5; 3.281% chance of $20.5; 9.844% chance of $21.5; 16.406% chance of $22.5; 16.406% chance of $23.5; 9.844% chance of $24.5; 3.281% chance of $25.5; 0.469% chance of $26.5,0.0,0.599999999999999,0.0,27.453415088108805,0.0,-33.0,0.0,26.5,1,9,B
3080,2485,False,16,1,11,1.0,11,13,0.9,-23,0,1,False,0,0.175,0.2909753712372692,$11 for sure,10% chance of -$23; 90% chance of $13,11.0,9.400000000000002,0.0,10.8,11.0,-23.0,11.0,13.0,1,2,A
3082,2486,False,16,1,25,0.9,-8,34,0.5,-4,1,4,False,0,0.4375000000000001,0.4014556845614055,90% chance of $25; 10% chance of -$8,50% chance of -$4; 6.25% chance of $32.5; 18.75% chance of $33.5; 18.75% chance of $34.5; 6.25% chance of $35.5,21.7,15.0,9.899999999999999,19.009865859600378,-8.0,-4.0,25.0,35.5,2,5,A
3090,2492,False,15,1,43,0.01,20,33,0.4,9,1,2,False,0,0.28,0.2596701204000403,1% chance of $43; 99% chance of $20,60% chance of $9; 20% chance of $32.5; 20% chance of $33.5,20.23,18.599999999999998,2.288471105345226,11.761802582937703,20.0,9.0,43.0,33.5,2,3,A
3093,2494,False,15,1,4,1.0,4,4,1.0,4,1,4,False,0,0.3866666666666666,0.341983012666391,$4 for sure,12.5% chance of $2.5; 37.5% chance of $3.5; 37.5% chance of $4.5; 12.5% chance of $5.5,4.0,4.0,0.0,0.8660254037844386,4.0,2.5,4.0,5.5,1,4,A
3096,2497,False,15,1,26,1.0,26,46,0.8,-18,0,1,False,0,0.5733333333333334,0.3918211448145818,$26 for sure,20% chance of -$18; 80% chance of $46,26.0,33.2,0.0,25.599999999999998,26.0,-18.0,26.0,46.0,1,2,B
3102,2503,False,15,1,27,0.6,20,28,0.95,17,0,1,False,0,0.6799999999999999,0.360951124510943,60% chance of $27; 40% chance of $20,5% chance of $17; 95% chance of $28,24.2,27.45,3.4292856398964493,2.3973944189473713,20.0,17.0,27.0,28.0,2,2,B
3105,2506,False,15,1,43,0.05,20,21,1.0,21,1,4,False,0,0.4666666666666667,0.3436498771936898,5% chance of $43; 95% chance of $20,12.5% chance of $19.5; 37.5% chance of $20.5; 37.5% chance of $21.5; 12.5% chance of $22.5,21.15,21.0,5.0127337850717755,0.8660254037844386,20.0,19.5,43.0,22.5,2,4,A
3107,2508,False,15,1,23,1.0,23,23,0.8,16,0,1,False,0,0.3733333333333333,0.4061433010064071,$23 for sure,20% chance of $16; 80% chance of $23,23.0,21.6,0.0,2.8,23.0,16.0,23.0,23.0,1,2,A
3108,2509,False,15,1,89,0.2,0,31,0.25,6,1,6,False,0,0.5466666666666666,0.3888934240098375,20% chance of $89; 80% chance of $0,75% chance of $6; 0.781% chance of $28.5; 3.906% chance of $29.5; 7.812% chance of $30.5; 7.812% chance of $31.5; 3.906% chance of $32.5; 0.781% chance of $33.5,17.8,12.25,35.6,10.8397416943394,0.0,6.0,89.0,33.5,2,7,B
3116,2516,False,15,1,28,1.0,28,38,0.05,28,0,1,False,0,0.8533333333333334,0.2669046557070431,$28 for sure,95% chance of $28; 5% chance of $38,28.0,28.499999999999996,0.0,2.179449471770337,28.0,28.0,28.0,38.0,1,2,B
3124,2524,False,15,1,30,1.0,30,44,0.8,-26,0,1,False,0,0.1066666666666666,0.1667618775665584,$30 for sure,20% chance of -$26; 80% chance of $44,30.0,30.000000000000004,0.0,27.999999999999996,30.0,-26.0,30.0,44.0,1,2,A
3131,2531,False,15,1,39,0.25,-10,32,0.05,8,1,8,False,0,0.7866666666666667,0.3159264531651691,25% chance of $39; 75% chance of -$10,95% chance of $8; 0.039% chance of $28.5; 0.273% chance of $29.5; 0.82% chance of $30.5; 1.367% chance of $31.5; 1.367% chance of $32.5; 0.82% chance of $33.5; 0.273% chance of $34.5; 0.039% chance of $35.5,2.25,9.2,21.21762239271875,5.23903617090014,-10.0,8.0,39.0,35.5,2,9,B
3137,2536,False,15,1,17,1.0,17,29,0.75,12,0,1,False,0,0.6,0.4407785320154718,$17 for sure,25% chance of $12; 75% chance of $29,17.0,24.75,0.0,7.361215932167728,17.0,12.0,17.0,29.0,1,2,B
3145,2542,False,16,1,-7,1.0,-7,59,0.25,-26,0,1,False,0,0.6625000000000001,0.3403429642777023,-$7 for sure,75% chance of -$26; 25% chance of $59,-7.0,-4.75,0.0,36.80607966083864,-7.0,-26.0,-7.0,59.0,1,2,B
3148,2544,False,16,1,51,0.25,-25,13,0.5,-21,0,1,False,0,0.4125,0.3757215280851853,25% chance of $51; 75% chance of -$25,50% chance of -$21; 50% chance of $13,-6.0,-4.0,32.90896534380867,17.0,-25.0,-21.0,51.0,13.0,2,2,A
3157,2551,False,17,1,57,0.05,-14,-10,0.95,-13,0,1,False,0,0.2117647058823529,0.3199264621385212,5% chance of $57; 95% chance of -$14,5% chance of -$13; 95% chance of -$10,-10.45,-10.15,15.474091249569392,0.6538348415311013,-14.0,-13.0,57.0,-10.0,2,2,A
3159,2552,False,17,1,8,1.0,8,46,0.05,12,0,1,False,0,0.7999999999999999,0.2449489742783178,$8 for sure,95% chance of $12; 5% chance of $46,8.0,13.7,0.0,7.410128204019144,8.0,12.0,8.0,46.0,1,2,B
3161,2553,False,16,1,58,0.2,19,35,0.95,32,1,4,False,-1,0.65,0.3306559138036599,20% chance of $58; 80% chance of $19,5% chance of $32; 11.875% chance of $33.5; 35.625% chance of $34.5; 35.625% chance of $35.5; 11.875% chance of $36.5,26.800000000000004,34.849999999999994,15.6,1.0677078252031311,19.0,32.0,58.0,36.5,2,5,B
3164,2555,False,16,1,-7,1.0,-7,8,0.75,-12,1,8,False,0,0.8500000000000001,0.3055050463303893,-$7 for sure,25% chance of -$12; 0.586% chance of $4.5; 4.102% chance of $5.5; 12.305% chance of $6.5; 20.508% chance of $7.5; 20.508% chance of $8.5; 12.305% chance of $9.5; 4.102% chance of $10.5; 0.586% chance of $11.5,-7.0,3.0,0.0,8.735702604828074,-7.0,-12.0,-7.0,11.5,1,9,B
3168,2558,False,15,1,51,0.5,-5,65,0.25,3,0,1,False,0,0.6266666666666668,0.4131182235954578,50% chance of $51; 50% chance of -$5,75% chance of $3; 25% chance of $65,23.0,18.5,28.0,26.846787517317598,-5.0,3.0,51.0,65.0,2,2,B
3174,2563,False,15,1,12,1.0,12,48,0.05,9,0,1,False,0,0.6266666666666667,0.3369329451445933,$12 for sure,95% chance of $9; 5% chance of $48,12.0,10.95,0.0,8.499852939904313,12.0,9.0,12.0,48.0,1,2,B
3176,2564,False,15,1,-8,1.0,-8,-4,0.6,-6,2,7,False,0,0.7599999999999999,0.386929303250976,-$8 for sure,40% chance of -$6; 30% chance of -$10; 15% chance of -$8; 7.5% chance of -$4; 3.75% chance of $4; 1.875% chance of $20; 0.938% chance of $52; 0.938% chance of $116,-8.0,-4.799999999999992,0.0,13.847743498491043,-8.0,-10.0,-8.0,116.0,1,8,B
3179,2566,False,16,1,29,1.0,29,29,1.0,29,3,2,False,0,0.4125,0.4161329915623931,$29 for sure,50% chance of $30; 50% chance of $28,29.0,29.0,0.0,1.0,29.0,28.0,29.0,30.0,1,2,A
3183,2569,False,16,1,3,1.0,3,3,0.75,-6,0,1,False,0,0.175,0.262043253427114,$3 for sure,25% chance of -$6; 75% chance of $3,3.0,0.75,0.0,3.897114317029974,3.0,-6.0,3.0,3.0,1,2,A
3185,2570,False,16,1,15,1.0,15,22,0.9,-11,0,1,False,0,0.4375000000000001,0.4272001872658765,$15 for sure,10% chance of -$11; 90% chance of $22,15.0,18.700000000000003,0.0,9.899999999999999,15.0,-11.0,15.0,22.0,1,2,A
3186,2571,False,17,1,4,1.0,4,8,0.9,-8,3,3,False,0,0.5647058823529412,0.3888141851684881,$4 for sure,10% chance of -$8; 45% chance of $10; 22.5% chance of $8; 22.5% chance of $4,4.0,6.3999999999999995,0.0,5.332916650389352,4.0,-8.0,4.0,10.0,1,4,B
3188,2572,False,16,1,28,1.0,28,51,0.25,24,1,6,False,0,0.575,0.4494441010848846,$28 for sure,75% chance of $24; 0.781% chance of $48.5; 3.906% chance of $49.5; 7.812% chance of $50.5; 7.812% chance of $51.5; 3.906% chance of $52.5; 0.781% chance of $53.5,28.0,30.75,0.0,11.704699910719626,28.0,24.0,28.0,53.5,1,7,B
3196,2579,False,16,1,-3,1.0,-3,66,0.01,-4,0,1,False,0,0.5375,0.3981205847478877,-$3 for sure,99% chance of -$4; 1% chance of $66,-3.0,-3.3,0.0,6.96491205974634,-3.0,-4.0,-3.0,66.0,1,2,B
3202,2585,False,16,1,3,0.95,-23,-4,0.99,-4,0,1,False,0,0.2125,0.3537890143385838,95% chance of $3; 5% chance of -$23,1% chance of -$4; 99% chance of -$4,1.6999999999999986,-4.0,5.666568626602878,0.0,-23.0,-4.0,3.0,-4.0,2,2,A
3205,2587,False,16,1,-7,1.0,-7,73,0.01,-15,1,4,False,0,0.475,0.4553387017741116,-$7 for sure,99% chance of -$15; 0.125% chance of $71.5; 0.375% chance of $72.5; 0.375% chance of $73.5; 0.125% chance of $74.5,-7.0,-14.12,0.0,8.756317719224217,-7.0,-15.0,-7.0,74.5,1,5,A
3207,2588,False,15,1,6,1.0,6,68,0.25,-15,0,1,False,0,0.3333333333333333,0.3976119189552021,$6 for sure,75% chance of -$15; 25% chance of $68,6.0,5.75,0.0,35.94005425705421,6.0,-15.0,6.0,68.0,1,2,A
3209,2589,False,15,1,14,0.9,14,31,0.75,-44,1,2,False,0,0.4533333333333333,0.4437931736207543,90% chance of $14; 10% chance of $14,25% chance of -$44; 37.5% chance of $30.5; 37.5% chance of $31.5,14.0,12.25,0.0,32.47883926497374,14.0,-44.0,14.0,31.5,2,3,A
3259,2638,False,15,1,23,0.75,-16,63,0.4,-11,3,2,False,1,0.5317647058823529,0.3283656859769881,75% chance of $23; 25% chance of -$16,60% chance of -$11; 20% chance of $64; 20% chance of $62,13.25,18.6,16.887495373796554,36.2579646422686,-16.0,-11.0,23.0,64.0,2,3,B
3260,2639,False,15,1,11,1.0,11,11,0.6,9,1,4,False,0,0.56,0.304255531702266,$11 for sure,40% chance of $9; 7.5% chance of $9.5; 22.5% chance of $10.5; 22.5% chance of $11.5; 7.5% chance of $12.5,11.0,10.200000000000001,0.0,1.187434208703792,11.0,9.0,11.0,12.5,1,5,B
3266,2644,False,15,1,18,0.01,0,32,0.2,0,0,1,False,0,0.7333333333333332,0.3265986323710904,1% chance of $18; 99% chance of $0,80% chance of $0; 20% chance of $32,0.18,6.4,1.790977386791916,12.8,0.0,0.0,18.0,32.0,2,2,B
3279,2656,False,16,1,74,0.01,10,27,0.05,15,0,1,False,0,0.5750000000000001,0.3568379650952703,1% chance of $74; 99% chance of $10,95% chance of $15; 5% chance of $27,10.64,15.6,6.367919597482368,2.615339366124404,10.0,15.0,74.0,27.0,2,2,B
3289,2665,False,16,1,43,0.1,24,25,0.5,21,1,2,False,0,0.2625,0.3324154027718932,10% chance of $43; 90% chance of $24,50% chance of $21; 25% chance of $24.5; 25% chance of $25.5,25.900000000000002,23.0,5.7,2.03100960115899,24.0,21.0,43.0,25.5,2,3,A
3298,2673,False,16,1,21,1.0,21,37,0.75,-49,2,7,False,0,0.45,0.3687817782917155,$21 for sure,25% chance of -$49; 37.5% chance of $31; 18.75% chance of $33; 9.375% chance of $37; 4.688% chance of $45; 2.344% chance of $61; 1.172% chance of $93; 1.172% chance of $157,21.0,15.5,0.0,40.31438949060249,21.0,-49.0,21.0,157.0,1,8,A
3301,2675,False,16,1,39,0.75,-14,61,0.1,24,0,1,False,0,0.725,0.3087609647175843,75% chance of $39; 25% chance of -$14,90% chance of $24; 10% chance of $61,25.75,27.700000000000003,22.949673200287624,11.1,-14.0,24.0,39.0,61.0,2,2,B
3306,2679,False,15,1,5,1.0,5,61,0.5,-44,1,8,False,0,0.44,0.3942443042436649,$5 for sure,50% chance of -$44; 0.391% chance of $57.5; 2.734% chance of $58.5; 8.203% chance of $59.5; 13.672% chance of $60.5; 13.672% chance of $61.5; 8.203% chance of $62.5; 2.734% chance of $63.5; 0.391% chance of $64.5,5.0,8.5,0.0,52.50833267206263,5.0,-44.0,5.0,64.5,1,9,A
3308,2680,False,15,1,70,0.25,-26,30,0.4,-23,1,2,False,0,0.4133333333333333,0.4103424818136094,25% chance of $70; 75% chance of -$26,60% chance of -$23; 20% chance of $29.5; 20% chance of $30.5,-2.0,-1.799999999999998,41.569219381653056,25.966516901579233,-26.0,-23.0,70.0,30.5,2,3,A
3310,2681,False,15,1,11,1.0,11,46,0.25,-11,0,1,False,0,0.32,0.352946778667023,$11 for sure,75% chance of -$11; 25% chance of $46,11.0,3.25,0.0,24.681724007856502,11.0,-11.0,11.0,46.0,1,2,A
3312,2682,False,15,1,40,0.8,-40,29,0.9,-13,1,2,False,0,0.44,0.3869293032509759,80% chance of $40; 20% chance of -$40,10% chance of -$13; 45% chance of $28.5; 45% chance of $29.5,24.0,24.800000000000004,31.999999999999996,12.608925410200506,-40.0,-13.0,40.0,29.5,2,3,A
3325,2694,False,16,1,50,0.6,-25,34,0.75,-50,0,1,False,0,0.4625,0.4177319714841085,60% chance of $50; 40% chance of -$25,25% chance of -$50; 75% chance of $34,20.0,13.0,36.742346141747674,36.373066958946424,-25.0,-50.0,50.0,34.0,2,2,A
3327,2696,False,15,1,28,1.0,28,91,0.2,11,0,1,False,0,0.56,0.3641035959331198,$28 for sure,80% chance of $11; 20% chance of $91,28.0,27.0,0.0,32.0,28.0,11.0,28.0,91.0,1,2,B
3329,2697,False,15,1,63,0.4,1,20,0.6,16,3,2,False,0,0.4933333333333333,0.3614784456460256,40% chance of $63; 60% chance of $1,40% chance of $16; 30% chance of $21; 30% chance of $19,25.800000000000004,18.4,30.373672810511408,2.1071307505705477,1.0,16.0,63.0,21.0,2,3,A
3340,2708,False,15,1,54,0.2,24,66,0.25,18,0,1,False,0,0.6,0.3295017884191655,20% chance of $54; 80% chance of $24,75% chance of $18; 25% chance of $66,30.000000000000004,30.0,12.000000000000002,20.784609690826528,24.0,18.0,54.0,66.0,2,2,B
3342,2709,False,15,1,40,0.6,5,37,0.8,10,2,4,False,0,0.6,0.3207134902949092,60% chance of $40; 40% chance of $5,20% chance of $10; 40% chance of $34; 20% chance of $36; 10% chance of $40; 10% chance of $48,26.0,31.599999999999998,17.146428199482248,11.55162326255492,5.0,10.0,40.0,48.0,2,5,B
3363,2729,False,15,1,24,1.0,24,58,0.4,9,1,8,False,0,0.5466666666666666,0.4033195589934447,$24 for sure,60% chance of $9; 0.312% chance of $54.5; 2.188% chance of $55.5; 6.562% chance of $56.5; 10.938% chance of $57.5; 10.938% chance of $58.5; 6.562% chance of $59.5; 2.188% chance of $60.5; 0.312% chance of $61.5,24.0,28.599999999999998,0.0,24.019575350118078,24.0,9.0,24.0,61.5,1,9,B
3366,2731,False,16,1,-7,1.0,-7,-11,0.9,-27,1,2,False,0,0.1875,0.3537890143385839,-$7 for sure,10% chance of -$27; 45% chance of -$11.5; 45% chance of -$10.5,-7.0,-12.6,0.0,4.823380557244057,-7.0,-27.0,-7.0,-10.5,1,3,A
3371,2736,False,16,1,9,1.0,9,15,0.99,-7,0,1,False,0,0.5736111111111111,0.4115388165542397,$9 for sure,1% chance of -$7; 99% chance of $15,9.0,14.78,0.0,2.188972361634565,9.0,-7.0,9.0,15.0,1,2,B
3376,2740,False,16,1,-6,1.0,-6,92,0.05,-13,1,6,False,0,0.6249999999999999,0.3855731664245668,-$6 for sure,95% chance of -$13; 0.156% chance of $89.5; 0.781% chance of $90.5; 1.562% chance of $91.5; 1.562% chance of $92.5; 0.781% chance of $93.5; 0.156% chance of $94.5,-6.0,-7.749999999999999,0.0,22.885584982691615,-6.0,-13.0,-6.0,94.5,1,7,B
3378,2742,False,16,1,-6,1.0,-6,16,0.01,-8,1,2,False,0,0.4125000000000001,0.4031128874149275,-$6 for sure,99% chance of -$8; 0.5% chance of $15.5; 0.5% chance of $16.5,-6.0,-7.760000000000001,0.0,2.388493248891443,-6.0,-8.0,-6.0,16.5,1,3,A
3386,2749,False,15,1,30,1.0,30,32,0.9,-29,0,1,False,0,0.12,0.2366431913239846,$30 for sure,10% chance of -$29; 90% chance of $32,30.0,25.900000000000002,0.0,18.3,30.0,-29.0,30.0,32.0,1,2,A
3396,2758,False,15,1,24,1.0,24,61,0.01,22,0,1,False,0,0.4799999999999999,0.3529467786670229,$24 for sure,99% chance of $22; 1% chance of $61,24.0,22.39,0.0,3.880451004715818,24.0,22.0,24.0,61.0,1,2,A
3399,2760,False,16,1,24,1.0,24,21,0.99,-13,0,1,False,0,0.15,0.2581988897471611,$24 for sure,1% chance of -$13; 99% chance of $21,24.0,20.66,0.0,3.382957286162509,24.0,-13.0,24.0,21.0,1,2,A
3402,2763,False,16,1,26,1.0,26,31,0.8,18,0,1,False,0,0.4583333333333333,0.3924283374069717,$26 for sure,20% chance of $18; 80% chance of $31,26.0,28.4,0.0,5.199999999999999,26.0,18.0,26.0,31.0,1,2,A
3404,2764,False,15,1,-9,1.0,-9,60,0.01,-1,0,1,False,0,0.8933333333333332,0.1830950832868254,-$9 for sure,99% chance of -$1; 1% chance of $60,-9.0,-0.39,0.0,6.069423366350382,-9.0,-1.0,-9.0,60.0,1,2,B
3413,2772,False,15,1,9,0.6,7,19,0.8,-50,0,1,False,0,0.1733333333333333,0.2250925735484552,60% chance of $9; 40% chance of $7,20% chance of -$50; 80% chance of $19,8.2,5.200000000000003,0.9797958971132713,27.599999999999998,7.0,-50.0,9.0,19.0,2,2,A
3416,2774,False,15,1,66,0.4,-39,87,0.2,-5,2,2,False,0,0.56,0.3942443042436649,40% chance of $66; 60% chance of -$39,80% chance of -$5; 10% chance of $86; 10% chance of $88,3.0000000000000036,13.399999999999993,51.43928459844674,36.802717290982734,-39.0,-5.0,66.0,88.0,2,3,B
3417,2775,False,15,1,7,0.75,-33,-3,1.0,-3,1,6,False,0,0.2133333333333332,0.341983012666391,75% chance of $7; 25% chance of -$33,3.125% chance of -$5.5; 15.625% chance of -$4.5; 31.25% chance of -$3.5; 31.25% chance of -$2.5; 15.625% chance of -$1.5; 3.125% chance of -$0.5,-3.0,-3.0,17.320508075688775,1.118033988749895,-33.0,-5.5,7.0,-0.5,2,6,A
3418,2776,False,16,1,-9,1.0,-9,8,0.25,-12,2,5,False,0,0.775,0.3415650255319866,-$9 for sure,75% chance of -$12; 12.5% chance of $4; 6.25% chance of $6; 3.125% chance of $10; 1.562% chance of $18; 1.562% chance of $34,-9.0,-7.0,0.0,9.460443964212251,-9.0,-12.0,-9.0,34.0,1,6,B
3420,2777,False,15,1,-9,1.0,-9,-7,0.25,-11,0,1,False,0,0.4533333333333333,0.3739111175259754,-$9 for sure,75% chance of -$11; 25% chance of -$7,-9.0,-10.0,0.0,1.7320508075688772,-9.0,-11.0,-9.0,-7.0,1,2,A
3421,2778,False,15,1,17,1.0,17,42,0.4,-11,0,1,False,0,0.3733333333333333,0.3918211448145819,$17 for sure,60% chance of -$11; 40% chance of $42,17.0,10.200000000000001,0.0,25.964591273501686,17.0,-11.0,17.0,42.0,1,2,A
3428,2784,False,16,1,24,0.05,-2,66,0.4,-49,0,1,False,0,0.4125,0.4224926034855522,5% chance of $24; 95% chance of -$2,60% chance of -$49; 40% chance of $66,-0.6999999999999997,-2.9999999999999964,5.666568626602875,56.3382640840131,-2.0,-49.0,24.0,66.0,2,2,A
3429,2785,False,16,1,18,1.0,18,20,0.75,-7,3,6,False,0,0.25,0.2683281572999748,$18 for sure,25% chance of -$7; 37.5% chance of $25; 18.75% chance of $23; 9.375% chance of $19; 4.688% chance of $11; 2.344% chance of -$5; 2.344% chance of -$37,18.0,13.25,0.0,15.570404619020021,18.0,-37.0,18.0,25.0,1,7,A
3442,2797,False,16,1,12,1.0,12,33,0.6,-27,0,1,False,0,0.3,0.4131182235954578,$12 for sure,40% chance of -$27; 60% chance of $33,12.0,9.0,0.0,29.393876913398138,12.0,-27.0,12.0,33.0,1,2,A
3450,2805,False,16,1,7,0.8,-15,37,0.5,-34,0,1,False,0,0.3375000000000001,0.3480900266693469,80% chance of $7; 20% chance of -$15,50% chance of -$34; 50% chance of $37,2.6000000000000014,1.5,8.8,35.5,-15.0,-34.0,7.0,37.0,2,2,A
3452,2806,False,16,1,20,0.6,18,20,0.4,13,2,5,False,-1,0.3875000000000001,0.2963668897386031,60% chance of $20; 40% chance of $18,60% chance of $13; 20% chance of $16; 10% chance of $18; 5% chance of $22; 2.5% chance of $30; 2.5% chance of $46,19.2,15.799999999999999,0.9797958971132713,5.9126981996377905,18.0,13.0,20.0,46.0,2,6,A
3453,2807,False,16,1,1,0.5,-21,-1,0.6,-26,1,6,False,0,0.4,0.4195235392680606,50% chance of $1; 50% chance of -$21,40% chance of -$26; 1.875% chance of -$3.5; 9.375% chance of -$2.5; 18.75% chance of -$1.5; 18.75% chance of -$0.5; 9.375% chance of $0.5; 1.875% chance of $1.5,-10.0,-11.000000000000002,11.0,12.278029157808675,-21.0,-26.0,1.0,1.5,2,7,A
3458,2812,False,16,1,-9,0.9,-15,-1,0.5,-28,3,3,False,0,0.6312500000000001,0.3380705054669317,90% chance of -$9; 10% chance of -$15,50% chance of -$28; 25% chance of $1; 12.5% chance of -$1; 12.5% chance of -$5,-9.6,-14.5,1.7999999999999998,13.6106575888162,-15.0,-28.0,-9.0,1.0,2,4,B
3462,2816,False,16,1,19,1.0,19,16,0.6,9,2,4,False,0,0.2604166666666667,0.316513120668884,$19 for sure,40% chance of $9; 30% chance of $13; 15% chance of $15; 7.5% chance of $19; 7.5% chance of $27,19.0,13.200000000000003,0.0,4.935585071701229,19.0,9.0,19.0,27.0,1,5,A
3464,2818,False,16,1,20,0.1,-2,12,0.25,0,1,6,False,0,0.7125000000000001,0.3344149119482164,10% chance of $20; 90% chance of -$2,75% chance of $0; 0.781% chance of $9.5; 3.906% chance of $10.5; 7.812% chance of $11.5; 7.812% chance of $12.5; 3.906% chance of $13.5; 0.781% chance of $14.5,0.19999999999999996,3.0,6.6000000000000005,5.226136240091718,-2.0,0.0,20.0,14.5,2,7,B
3469,2823,False,16,1,18,1.0,18,14,0.99,-27,0,1,False,0,0.2125,0.3138470965295043,$18 for sure,1% chance of -$27; 99% chance of $14,18.0,13.59,0.0,4.079448492137144,18.0,-27.0,18.0,14.0,1,2,A
3478,2832,False,16,1,-9,1.0,-9,20,0.25,-16,0,1,False,0,0.8,0.2529822128134703,-$9 for sure,75% chance of -$16; 25% chance of $20,-9.0,-7.0,0.0,15.588457268119896,-9.0,-16.0,-9.0,20.0,1,2,B
3480,2834,False,16,1,27,0.9,-17,23,1.0,23,3,3,False,0,0.5249999999999999,0.4057914078275521,90% chance of $27; 10% chance of -$17,50% chance of $25; 25% chance of $23; 25% chance of $19,22.6,23.0,13.199999999999998,2.449489742783178,-17.0,19.0,27.0,25.0,2,3,B
3483,2837,False,16,1,9,1.0,9,86,0.1,1,0,1,False,0,0.475,0.4057914078275521,$9 for sure,90% chance of $1; 10% chance of $86,9.0,9.5,0.0,25.5,9.0,1.0,9.0,86.0,1,2,A
3485,2838,False,16,1,92,0.2,2,81,0.05,18,0,1,False,0,0.5625,0.4014556845614054,20% chance of $92; 80% chance of $2,95% chance of $18; 5% chance of $81,20.000000000000004,21.15,36.0,13.730531672153122,2.0,18.0,92.0,81.0,2,2,B
3488,2840,False,33,1,15,0.9,13,66,0.4,-8,0,1,False,0,0.4606060606060606,0.3445462540967776,90% chance of $15; 10% chance of $13,60% chance of -$8; 40% chance of $66,14.8,21.6,0.6,36.252448193191036,13.0,-8.0,15.0,66.0,2,2,A
3492,2843,False,16,1,28,1.0,28,29,0.05,28,1,6,False,0,0.575,0.4312771730569565,$28 for sure,95% chance of $28; 0.156% chance of $26.5; 0.781% chance of $27.5; 1.562% chance of $28.5; 1.562% chance of $29.5; 0.781% chance of $30.5; 0.156% chance of $31.5,28.0,28.05,0.0,0.33166247903553997,28.0,26.5,28.0,31.5,1,7,B
3494,2844,False,16,1,42,0.6,-28,14,1.0,14,2,6,False,0,0.725,0.3492849839314596,60% chance of $42; 40% chance of -$28,50% chance of $9; 25% chance of $11; 12.5% chance of $15; 6.25% chance of $23; 3.125% chance of $39; 3.125% chance of $71,13.999999999999998,14.0,34.292856398964496,11.874342087037917,-28.0,9.0,42.0,71.0,2,6,B
3496,2845,False,16,1,17,1.0,17,103,0.25,-14,2,6,False,0,0.3375,0.3630886025935451,$17 for sure,75% chance of -$14; 12.5% chance of $98; 6.25% chance of $100; 3.125% chance of $104; 1.562% chance of $112; 0.781% chance of $128; 0.781% chance of $160,17.0,15.25,0.0,51.009190348406825,17.0,-14.0,17.0,160.0,1,7,A
3498,2846,False,16,1,42,0.4,17,25,0.75,24,1,4,False,0,0.35,0.3464101615137754,40% chance of $42; 60% chance of $17,25% chance of $24; 9.375% chance of $23.5; 28.125% chance of $24.5; 28.125% chance of $25.5; 9.375% chance of $26.5,27.0,24.75,12.24744871391589,0.8660254037844386,17.0,23.5,42.0,26.5,2,5,A
3500,2847,False,33,1,7,1.0,7,41,0.5,-3,0,1,False,0,0.5454545454545454,0.4039576935544342,$7 for sure,50% chance of -$3; 50% chance of $41,7.0,19.0,0.0,22.0,7.0,-3.0,7.0,41.0,1,2,B
3502,2848,False,16,1,11,0.5,7,64,0.4,-25,1,6,False,0,0.2125,0.2872281323269014,50% chance of $11; 50% chance of $7,60% chance of -$25; 1.25% chance of $61.5; 6.25% chance of $62.5; 12.5% chance of $63.5; 12.5% chance of $64.5; 6.25% chance of $65.5; 1.25% chance of $66.5,9.0,10.600000000000005,2.0,43.6066508688755,7.0,-25.0,11.0,66.5,2,7,A
3506,2850,False,16,1,0,1.0,0,73,0.05,-1,0,1,False,0,0.6874999999999999,0.3422961680572347,$0 for sure,95% chance of -$1; 5% chance of $73,0.0,2.7,0.0,16.12792609110049,0.0,-1.0,0.0,73.0,1,2,B
3510,2853,False,16,1,2,1.0,2,47,0.2,-4,0,1,False,0,0.4000000000000001,0.3502380143083653,$2 for sure,80% chance of -$4; 20% chance of $47,2.0,6.2,0.0,20.4,2.0,-4.0,2.0,47.0,1,2,A
3513,2855,False,16,1,-6,0.75,-6,83,0.2,-31,0,1,False,0,0.55,0.4098780306383839,75% chance of -$6; 25% chance of -$6,80% chance of -$31; 20% chance of $83,-6.0,-8.2,0.0,45.60000000000001,-6.0,-31.0,-6.0,83.0,2,2,B
3515,2856,False,16,1,5,1.0,5,52,0.05,-3,1,4,False,0,0.3625,0.3667424164178449,$5 for sure,95% chance of -$3; 0.625% chance of $50.5; 1.875% chance of $51.5; 1.875% chance of $52.5; 0.625% chance of $53.5,5.0,-0.2499999999999995,0.0,11.988536190878351,5.0,-3.0,5.0,53.5,1,5,A
3526,2866,False,16,1,-1,0.75,-5,36,0.01,-4,3,5,False,-1,0.55,0.3386246693120078,75% chance of -$1; 25% chance of -$5,99% chance of -$4; 0.5% chance of $40; 0.25% chance of $38; 0.125% chance of $34; 0.062% chance of $26; 0.063% chance of $10,-2.0,-3.599999999999999,1.7320508075688772,4.052159917870964,-5.0,-4.0,-1.0,40.0,2,6,B
3535,2874,False,16,1,-9,1.0,-9,-4,0.6,-5,1,4,False,0,0.8625,0.2604483314082341,-$9 for sure,40% chance of -$5; 7.5% chance of -$5.5; 22.5% chance of -$4.5; 22.5% chance of -$3.5; 7.5% chance of -$2.5,-9.0,-4.4,0.0,0.8306623862918076,-9.0,-5.5,-9.0,-2.5,1,5,B
3540,2877,False,16,1,33,0.05,-7,31,0.05,-2,2,5,False,0,0.7749999999999999,0.2909753712372692,5% chance of $33; 95% chance of -$7,95% chance of -$2; 2.5% chance of $27; 1.25% chance of $29; 0.625% chance of $33; 0.312% chance of $41; 0.313% chance of $57,-4.999999999999999,-0.3499999999999984,8.717797887081348,7.391041875135067,-7.0,-2.0,33.0,57.0,2,6,B
3543,2880,False,15,1,2,1.0,2,94,0.25,-23,2,3,False,0,0.32,0.360951124510943,$2 for sure,75% chance of -$23; 12.5% chance of $92; 6.25% chance of $94; 6.25% chance of $98,2.0,6.25,0.0,50.67728781219453,2.0,-23.0,2.0,98.0,1,4,A
3545,2881,False,15,1,112,0.2,-3,50,0.5,-7,3,6,False,0,0.6133333333333333,0.3159264531651691,20% chance of $112; 80% chance of -$3,50% chance of -$7; 25% chance of $55; 12.5% chance of $53; 6.25% chance of $49; 3.125% chance of $41; 1.562% chance of $25; 1.562% chance of -$7,20.0,21.5,46.0,29.71110903349116,-3.0,-7.0,112.0,55.0,2,7,B
3574,2909,False,15,1,21,0.4,21,22,0.95,6,0,1,False,0,0.2266666666666666,0.3844600418893019,40% chance of $21; 60% chance of $21,5% chance of $6; 95% chance of $22,21.0,21.2,0.0,3.4871191548325404,21.0,6.0,21.0,22.0,2,2,A
3580,2913,False,16,1,69,0.2,10,31,0.8,4,1,8,False,0,0.4777777777777778,0.3637934565276644,20% chance of $69; 80% chance of $10,20% chance of $4; 0.625% chance of $27.5; 4.375% chance of $28.5; 13.125% chance of $29.5; 21.875% chance of $30.5; 21.875% chance of $31.5; 13.125% chance of $32.5; 4.375% chance of $33.5; 0.625% chance of $34.5,21.8,25.599999999999998,23.6,10.864621484432854,10.0,4.0,69.0,34.5,2,9,A
3591,2924,False,15,1,73,0.4,-10,32,0.9,-23,0,1,False,0,0.52,0.4262795863213318,40% chance of $73; 60% chance of -$10,10% chance of -$23; 90% chance of $32,23.200000000000003,26.5,40.661529730200755,16.5,-10.0,-23.0,73.0,32.0,2,2,B
3599,2932,False,15,1,48,0.5,-24,10,0.8,3,3,2,False,0,0.6266666666666666,0.4463609472591607,50% chance of $48; 50% chance of -$24,20% chance of $3; 40% chance of $11; 40% chance of $9,12.0,8.6,36.0,2.9393876913398134,-24.0,3.0,48.0,11.0,2,3,B
3602,2934,False,15,1,19,1.0,19,27,0.6,12,0,1,False,0,0.6933333333333335,0.3844600418893019,$19 for sure,40% chance of $12; 60% chance of $27,19.0,21.0,0.0,7.3484692283495345,19.0,12.0,19.0,27.0,1,2,B
3604,2935,False,15,1,20,0.75,-29,68,0.5,-41,0,1,False,0,0.5733333333333334,0.4333699618219101,75% chance of $20; 25% chance of -$29,50% chance of -$41; 50% chance of $68,7.75,13.5,21.21762239271875,54.5,-29.0,-41.0,20.0,68.0,2,2,B
3606,2936,False,16,1,19,1.0,19,26,0.95,19,0,1,False,0,0.8375,0.2753785273643051,$19 for sure,5% chance of $19; 95% chance of $26,19.0,25.65,0.0,1.5256146302392364,19.0,19.0,19.0,26.0,1,2,B
3607,2937,False,16,1,89,0.25,-11,24,0.01,15,3,6,False,-1,0.575,0.3568379650952703,25% chance of $89; 75% chance of -$11,99% chance of $15; 0.5% chance of $29; 0.25% chance of $27; 0.125% chance of $23; 0.062% chance of $15; 0.031% chance of -$1; 0.031% chance of -$33,14.0,15.089999999999998,43.30127018922193,1.487245776595175,-11.0,-33.0,89.0,29.0,2,7,B
3610,2940,False,16,1,18,0.2,0,9,0.4,-12,1,4,False,-1,0.3375,0.3480900266693469,20% chance of $18; 80% chance of $0,60% chance of -$12; 5% chance of $7.5; 15% chance of $8.5; 15% chance of $9.5; 5% chance of $10.5,3.6,-3.5999999999999983,7.200000000000001,10.302426898551623,0.0,-12.0,18.0,10.5,2,5,A
3611,2941,False,15,1,98,0.1,-8,9,0.5,4,1,8,False,0,0.8133333333333332,0.2875181153713043,10% chance of $98; 90% chance of -$8,50% chance of $4; 0.391% chance of $5.5; 2.734% chance of $6.5; 8.203% chance of $7.5; 13.672% chance of $8.5; 13.672% chance of $9.5; 8.203% chance of $10.5; 2.734% chance of $11.5; 0.391% chance of $12.5,2.6000000000000005,6.5,31.800000000000004,2.669269563007828,-8.0,4.0,98.0,12.5,2,9,B
3613,2942,False,15,1,2,0.9,-24,-1,1.0,-1,0,1,False,0,0.5333333333333333,0.3754362541795623,90% chance of $2; 10% chance of -$24,-$1 for sure,-0.5999999999999994,-1.0,7.799999999999999,0.0,-24.0,-1.0,2.0,-1.0,2,1,B
3618,2946,False,15,1,26,0.8,-5,30,0.75,2,0,1,False,0,0.7266666666666666,0.3634490859738653,80% chance of $26; 20% chance of -$5,25% chance of $2; 75% chance of $30,19.8,23.0,12.4,12.12435565298214,-5.0,2.0,26.0,30.0,2,2,B
3620,2947,False,16,1,15,1.0,15,40,0.25,2,1,6,False,0,0.3625,0.4080441152620633,$15 for sure,75% chance of $2; 0.781% chance of $37.5; 3.906% chance of $38.5; 7.812% chance of $39.5; 7.812% chance of $40.5; 3.906% chance of $41.5; 0.781% chance of $42.5,15.0,11.5,0.0,16.463975826026957,15.0,2.0,15.0,42.5,1,7,A
3623,2949,False,15,1,23,0.2,2,96,0.05,1,2,7,False,0,0.6266666666666667,0.384460041889302,20% chance of $23; 80% chance of $2,95% chance of $1; 2.5% chance of $90; 1.25% chance of $92; 0.625% chance of $96; 0.312% chance of $104; 0.156% chance of $120; 0.078% chance of $152; 0.078% chance of $216,6.200000000000001,5.750000000000019,8.399999999999999,21.085243655220204,2.0,1.0,23.0,216.0,2,8,B
3627,2952,False,15,1,-6,1.0,-6,21,0.6,-44,3,4,False,0,0.7200000000000001,0.3363671463488329,-$6 for sure,40% chance of -$44; 30% chance of $24; 15% chance of $22; 7.5% chance of $18; 7.5% chance of $10,-6.0,-5.000000000000002,0.0,32.04059924533247,-6.0,-44.0,-6.0,24.0,1,5,B
3629,2953,False,15,1,22,1.0,22,17,0.9,15,0,1,False,0,0.1199999999999999,0.2484236013632475,$22 for sure,10% chance of $15; 90% chance of $17,22.0,16.8,0.0,0.6,22.0,15.0,22.0,17.0,1,2,A
3634,2957,False,16,1,18,0.4,-10,12,0.9,-40,2,6,False,0,0.575,0.3924283374069717,40% chance of $18; 60% chance of -$10,10% chance of -$40; 45% chance of $7; 22.5% chance of $9; 11.25% chance of $13; 5.625% chance of $21; 2.812% chance of $37; 2.812% chance of $69,1.2000000000000002,6.8,13.717142559585797,19.242141252989487,-10.0,-40.0,18.0,69.0,2,7,B
3637,2959,False,17,1,27,1.0,27,56,0.4,2,3,5,False,0,0.2823529411764706,0.3166924654093602,$27 for sure,60% chance of $2; 20% chance of $60; 10% chance of $58; 5% chance of $54; 2.5% chance of $46; 2.5% chance of $30,27.0,23.599999999999998,0.0,26.889403117213295,27.0,2.0,27.0,60.0,1,6,A
3640,2961,False,17,1,-3,1.0,-3,0,0.99,-11,2,3,False,0,0.6705882352941177,0.3670229997601529,-$3 for sure,1% chance of -$11; 49.5% chance of -$2; 24.75% chance of $0; 24.75% chance of $4,-3.0,-0.10999999999999999,0.0,2.671684861655656,-3.0,-11.0,-3.0,4.0,1,4,B
3642,2962,False,17,1,-2,1.0,-2,-3,0.5,-10,0,1,False,0,0.1176470588235294,0.2007339474206064,-$2 for sure,50% chance of -$10; 50% chance of -$3,-2.0,-6.5,0.0,3.5,-2.0,-10.0,-2.0,-3.0,1,2,A
3645,2964,False,15,1,7,1.0,7,89,0.1,-6,2,3,False,0,0.48,0.3839642840533107,$7 for sure,90% chance of -$6; 5% chance of $87; 2.5% chance of $89; 2.5% chance of $93,7.0,3.499999999999996,0.0,28.510524372589146,7.0,-6.0,7.0,93.0,1,4,A
3648,2966,False,31,1,-2,1.0,-2,1,0.75,-20,2,8,False,0,0.567741935483871,0.4003224506771123,-$2 for sure,25% chance of -$20; 37.5% chance of -$6; 18.75% chance of -$4; 9.375% chance of $0; 4.688% chance of $8; 2.344% chance of $24; 1.172% chance of $56; 0.586% chance of $120; 0.586% chance of $248,-2.0,-4.25,0.0,24.422069936841964,-2.0,-20.0,-2.0,248.0,1,9,B
3651,2968,False,16,1,69,0.1,-17,22,0.05,-14,1,2,False,0,0.3625,0.4014556845614054,10% chance of $69; 90% chance of -$17,95% chance of -$14; 2.5% chance of $21.5; 2.5% chance of $22.5,-8.4,-12.2,25.8,7.846814640349294,-17.0,-14.0,69.0,22.5,2,3,A
3655,2970,False,16,1,-2,1.0,-2,23,0.25,-13,0,1,False,0,0.375,0.3336665001664586,-$2 for sure,75% chance of -$13; 25% chance of $23,-2.0,-4.0,0.0,15.588457268119896,-2.0,-13.0,-2.0,23.0,1,2,A
3656,2971,False,16,1,-6,1.0,-6,59,0.4,-46,0,1,False,0,0.5375,0.307408522978788,-$6 for sure,60% chance of -$46; 40% chance of $59,-6.0,-3.9999999999999964,0.0,51.43928459844674,-6.0,-46.0,-6.0,59.0,1,2,B
3659,2973,False,16,1,29,1.0,29,34,0.75,1,2,5,False,0,0.2750000000000001,0.3172801075810878,$29 for sure,25% chance of $1; 37.5% chance of $30; 18.75% chance of $32; 9.375% chance of $36; 4.688% chance of $44; 4.688% chance of $60,29.0,25.75,0.0,15.738090735537142,29.0,1.0,29.0,60.0,1,6,A
3661,2974,False,16,1,12,1.0,12,21,0.8,9,0,1,False,0,0.7874999999999999,0.3222318006239194,$12 for sure,20% chance of $9; 80% chance of $21,12.0,18.6,0.0,4.8,12.0,9.0,12.0,21.0,1,2,B
3663,2976,False,16,1,93,0.2,-25,-1,1.0,-1,0,1,False,0,0.6125,0.389657969677682,20% chance of $93; 80% chance of -$25,-$1 for sure,-1.3999999999999986,-1.0,47.2,0.0,-25.0,-1.0,93.0,-1.0,2,1,B
3665,2978,False,16,1,86,0.1,-14,68,0.4,-39,0,1,False,-1,0.6125,0.3827531841800928,10% chance of $86; 90% chance of -$14,60% chance of -$39; 40% chance of $68,-4.0,3.8000000000000043,30.0,52.41908049556001,-14.0,-39.0,86.0,68.0,2,2,B
3668,2980,False,16,1,-5,1.0,-5,71,0.2,-18,0,1,False,0,0.8,0.3425395354310701,-$5 for sure,80% chance of -$18; 20% chance of $71,-5.0,-0.1999999999999993,0.0,35.6,-5.0,-18.0,-5.0,71.0,1,2,B
3670,2981,False,16,1,45,0.5,-25,53,0.6,-49,2,3,False,-1,0.7,0.3183289703016885,50% chance of $45; 50% chance of -$25,40% chance of -$49; 30% chance of $51; 15% chance of $53; 15% chance of $57,10.0,12.200000000000001,35.0,50.005599686435126,-25.0,-49.0,45.0,57.0,2,4,B
3716,3024,False,17,1,69,0.25,1,36,0.75,-4,0,1,False,0,0.3411764705882353,0.4402539374176734,25% chance of $69; 75% chance of $1,25% chance of -$4; 75% chance of $36,18.0,26.0,29.444863728670914,17.320508075688775,1.0,-4.0,69.0,36.0,2,2,A
3718,3026,False,16,1,30,0.8,-3,28,0.9,-3,2,5,False,-1,0.4875,0.399791612384919,80% chance of $30; 20% chance of -$3,10% chance of -$3; 45% chance of $24; 22.5% chance of $26; 11.25% chance of $30; 5.625% chance of $38; 5.625% chance of $54,23.4,24.9,13.2,11.77667185583431,-3.0,-3.0,30.0,54.0,2,6,A
3740,3048,False,15,1,8,0.4,1,21,0.6,-22,0,1,False,0,0.3066666666666666,0.3990464825532174,40% chance of $8; 60% chance of $1,40% chance of -$22; 60% chance of $21,3.8000000000000003,3.799999999999999,3.429285639896449,21.06561178793533,1.0,-22.0,8.0,21.0,2,2,A
3743,3050,False,15,1,18,1.0,18,63,0.6,-30,3,5,False,0,0.6266666666666667,0.3990464825532174,$18 for sure,40% chance of -$30; 30% chance of $67; 15% chance of $65; 7.5% chance of $61; 3.75% chance of $53; 3.75% chance of $37,18.0,25.8,0.0,45.94083151184794,18.0,-30.0,18.0,67.0,1,6,B
3747,3054,False,32,1,7,1.0,7,30,0.6,-46,1,4,False,0,0.5125,0.348035964029674,$7 for sure,40% chance of -$46; 7.5% chance of $28.5; 22.5% chance of $29.5; 22.5% chance of $30.5; 7.5% chance of $31.5,7.0,-0.40000000000000346,0.0,37.23828674898995,7.0,-46.0,7.0,31.5,1,5,B
3752,3057,False,15,1,63,0.6,-42,44,0.6,-13,1,6,False,-1,0.5866666666666667,0.324844285041017,60% chance of $63; 40% chance of -$42,40% chance of -$13; 1.875% chance of $41.5; 9.375% chance of $42.5; 18.75% chance of $43.5; 18.75% chance of $44.5; 9.375% chance of $45.5; 1.875% chance of $46.5,20.999999999999996,21.2,51.43928459844674,27.937609060189818,-42.0,-13.0,63.0,46.5,2,7,B
3755,3059,False,15,1,31,0.5,-25,6,0.2,-7,0,1,False,0,0.2666666666666666,0.2225394561056747,50% chance of $31; 50% chance of -$25,80% chance of -$7; 20% chance of $6,3.0,-4.4,28.0,5.2,-25.0,-7.0,31.0,6.0,2,2,A
3761,3064,False,15,1,21,0.99,5,35,0.5,9,1,4,False,0,0.4533333333333334,0.3739111175259753,99% chance of $21; 1% chance of $5,50% chance of $9; 6.25% chance of $33.5; 18.75% chance of $34.5; 18.75% chance of $35.5; 6.25% chance of $36.5,20.84,22.0,1.5919798993705925,13.01441508482037,5.0,9.0,21.0,36.5,2,5,A
3763,3065,False,16,1,24,1.0,24,30,0.6,19,2,4,False,0,0.55,0.3829708431025353,$24 for sure,40% chance of $19; 30% chance of $27; 15% chance of $29; 7.5% chance of $33; 7.5% chance of $41,24.0,25.6,0.0,6.452906321960673,24.0,19.0,24.0,41.0,1,5,B
3768,3069,False,16,1,42,0.75,-10,60,0.6,16,0,1,False,0,0.875,0.2720294101747089,75% chance of $42; 25% chance of -$10,40% chance of $16; 60% chance of $60,29.0,42.4,22.516660498395403,21.555509736491967,-10.0,16.0,42.0,60.0,2,2,B
3770,3070,False,16,1,62,0.01,4,21,0.5,-25,2,4,False,0,0.275,0.3415650255319866,1% chance of $62; 99% chance of $4,50% chance of -$25; 25% chance of $18; 12.5% chance of $20; 6.25% chance of $24; 6.25% chance of $32,4.58,-2.0,5.770927135218396,23.22713929867387,4.0,-25.0,62.0,32.0,2,5,A
3771,3071,False,16,1,11,0.95,-33,10,0.75,-2,1,6,False,0,0.625,0.4187282332651254,95% chance of $11; 5% chance of -$33,25% chance of -$2; 2.344% chance of $7.5; 11.719% chance of $8.5; 23.438% chance of $9.5; 23.438% chance of $10.5; 11.719% chance of $11.5; 2.344% chance of $12.5,8.799999999999997,7.0,9.589577675789485,5.2855936279664935,-33.0,-2.0,11.0,12.5,2,7,B
3773,3072,False,16,1,2,1.0,2,73,0.01,-9,0,1,False,0,0.125,0.2816617356570347,$2 for sure,99% chance of -$9; 1% chance of $73,2.0,-8.18,0.0,8.158896984274284,2.0,-9.0,2.0,73.0,1,2,A
3777,3074,False,16,1,48,0.01,23,31,0.6,21,1,2,False,-1,0.7875000000000002,0.2680174123696692,1% chance of $48; 99% chance of $23,40% chance of $21; 30% chance of $30.5; 30% chance of $31.5,23.25,27.0,2.48746859276655,4.914264950122246,23.0,21.0,48.0,31.5,2,3,B
3782,3077,False,15,1,56,0.25,3,10,0.95,-11,2,3,False,0,0.2133333333333332,0.3814758308514571,25% chance of $56; 75% chance of $3,5% chance of -$11; 47.5% chance of $8; 23.75% chance of $10; 23.75% chance of $14,16.25,8.95,22.949673200287624,5.162121656838399,3.0,-11.0,56.0,14.0,2,4,A
3783,3078,False,16,1,2,1.0,2,7,0.95,-40,3,2,False,0,0.5375,0.3913651321549567,$2 for sure,5% chance of -$40; 47.5% chance of $8; 47.5% chance of $6,2.0,4.649999999999999,0.0,10.289679295293906,2.0,-40.0,2.0,8.0,1,3,B
3785,3079,False,16,1,1,1.0,1,0,0.5,-4,0,1,False,0,0.075,0.204939015319192,$1 for sure,50% chance of -$4; 50% chance of $0,1.0,-2.0,0.0,2.0,1.0,-4.0,1.0,0.0,1,2,A
3793,3086,False,15,1,24,1.0,24,24,0.1,18,0,1,False,0,0.1466666666666666,0.2972893411828826,$24 for sure,90% chance of $18; 10% chance of $24,24.0,18.6,0.0,1.8,24.0,18.0,24.0,24.0,1,2,A
3799,3091,False,16,1,14,1.0,14,58,0.5,-25,0,1,False,0,0.4125,0.3827531841800928,$14 for sure,50% chance of -$25; 50% chance of $58,14.0,16.5,0.0,41.5,14.0,-25.0,14.0,58.0,1,2,A
3807,3098,False,15,1,30,0.75,-22,17,1.0,17,0,1,False,0,0.52,0.4459340117743239,75% chance of $30; 25% chance of -$22,$17 for sure,17.0,17.0,22.516660498395403,0.0,-22.0,17.0,30.0,17.0,2,1,B
3811,3101,False,16,1,96,0.01,27,38,0.75,33,0,1,False,0,0.7125,0.3997916123849191,1% chance of $96; 99% chance of $27,25% chance of $33; 75% chance of $38,27.69,36.75,6.865413316035678,2.165063509461097,27.0,33.0,96.0,38.0,2,2,B
3812,3102,False,16,1,5,1.0,5,8,0.05,6,0,1,False,0,0.85,0.2581988897471611,$5 for sure,95% chance of $6; 5% chance of $8,5.0,6.1,0.0,0.43588989435406733,5.0,6.0,5.0,8.0,1,2,B
3817,3106,False,17,1,65,0.25,-19,16,0.5,-2,1,8,False,0,0.6470588235294118,0.3776864557056943,25% chance of $65; 75% chance of -$19,50% chance of -$2; 0.391% chance of $12.5; 2.734% chance of $13.5; 8.203% chance of $14.5; 13.672% chance of $15.5; 13.672% chance of $16.5; 8.203% chance of $17.5; 2.734% chance of $18.5; 0.391% chance of $19.5,2.0,7.0,36.373066958946424,9.048480535426929,-19.0,-2.0,65.0,19.5,2,9,B
3820,3108,False,17,1,22,1.0,22,60,0.5,8,0,1,False,0,0.7279411764705882,0.3174461510611357,$22 for sure,50% chance of $8; 50% chance of $60,22.0,34.0,0.0,26.0,22.0,8.0,22.0,60.0,1,2,B
3830,3117,False,16,1,23,1.0,23,56,0.6,-33,0,1,False,0,0.3625,0.4272001872658765,$23 for sure,40% chance of -$33; 60% chance of $56,23.0,20.4,0.0,43.60091742154057,23.0,-33.0,23.0,56.0,1,2,A
3832,3118,False,16,1,47,0.05,18,64,0.01,18,0,1,False,0,0.2875,0.3721558813185679,5% chance of $47; 95% chance of $18,99% chance of $18; 1% chance of $64,19.45,18.46,6.320403468133977,4.576942210690452,18.0,18.0,47.0,64.0,2,2,A
3834,3119,False,16,1,22,1.0,22,28,0.75,-2,2,6,False,0,0.6,0.4258325179379017,$22 for sure,25% chance of -$2; 37.5% chance of $23; 18.75% chance of $25; 9.375% chance of $29; 4.688% chance of $37; 2.344% chance of $53; 2.344% chance of $85,22.0,20.5,0.0,16.56804152578089,22.0,-2.0,22.0,85.0,1,7,B
3841,3124,False,17,1,36,0.6,16,33,0.05,20,1,2,False,0,0.5176470588235295,0.4065637928382935,60% chance of $36; 40% chance of $16,95% chance of $20; 2.5% chance of $32.5; 2.5% chance of $33.5,28.0,20.65,9.797958971132712,2.8354893757515653,16.0,20.0,36.0,33.5,2,3,B
3847,3130,False,17,1,29,0.75,18,26,1.0,26,0,1,False,0,0.4823529411764706,0.4126670784628437,75% chance of $29; 25% chance of $18,$26 for sure,26.25,26.0,4.763139720814412,0.0,18.0,26.0,29.0,26.0,2,1,A
3850,3132,False,16,1,27,1.0,27,30,0.4,12,0,1,False,0,0.1875,0.2963668897386031,$27 for sure,60% chance of $12; 40% chance of $30,27.0,19.2,0.0,8.818163074019441,27.0,12.0,27.0,30.0,1,2,A
3855,3136,False,16,1,62,0.4,-30,17,0.75,-3,2,4,False,0,0.7000000000000001,0.3577708763999663,40% chance of $62; 60% chance of -$30,25% chance of -$3; 37.5% chance of $14; 18.75% chance of $16; 9.375% chance of $20; 9.375% chance of $28,6.800000000000001,12.0,45.07061126721048,9.526279441628825,-30.0,-3.0,62.0,28.0,2,5,B
3858,3138,False,16,1,78,0.1,8,51,0.4,-13,2,5,False,0,0.3875,0.389657969677682,10% chance of $78; 90% chance of $8,60% chance of -$13; 20% chance of $47; 10% chance of $49; 5% chance of $53; 2.5% chance of $61; 2.5% chance of $77,15.0,12.6,21.0,31.72128622865094,8.0,-13.0,78.0,77.0,2,6,A
3870,3148,False,16,1,14,1.0,14,19,0.2,11,0,1,False,0,0.7250000000000001,0.3568379650952703,$14 for sure,80% chance of $11; 20% chance of $19,14.0,12.600000000000001,0.0,3.2,14.0,11.0,14.0,19.0,1,2,B
3880,3157,False,15,1,10,1.0,10,50,0.2,-2,1,6,False,0,0.48,0.4459340117743239,$10 for sure,80% chance of -$2; 0.625% chance of $47.5; 3.125% chance of $48.5; 6.25% chance of $49.5; 6.25% chance of $50.5; 3.125% chance of $51.5; 0.625% chance of $52.5,10.0,8.4,0.0,20.806008747474852,10.0,-2.0,10.0,52.5,1,7,A
3885,3160,False,15,1,23,1.0,23,42,0.6,-15,0,1,False,0,0.2266666666666666,0.198086080374405,$23 for sure,40% chance of -$15; 60% chance of $42,23.0,19.2,0.0,27.92418306772823,23.0,-15.0,23.0,42.0,1,2,A
3891,3165,False,15,1,30,1.0,30,31,0.95,13,0,1,False,0,0.3733333333333333,0.3918211448145818,$30 for sure,5% chance of $13; 95% chance of $31,30.0,30.1,0.0,3.9230090491866076,30.0,13.0,30.0,31.0,1,2,A
3893,3166,False,16,1,-5,1.0,-5,-10,0.75,-21,2,2,False,0,0.1125,0.2187083293643233,-$5 for sure,25% chance of -$21; 37.5% chance of -$11; 37.5% chance of -$9,-5.0,-12.75,0.0,4.841229182759271,-5.0,-21.0,-5.0,-9.0,1,3,A
3895,3168,False,16,1,21,1.0,21,65,0.25,1,0,1,False,0,0.375,0.3714835124201341,$21 for sure,75% chance of $1; 25% chance of $65,21.0,17.0,0.0,27.712812921102035,21.0,1.0,21.0,65.0,1,2,A
3899,3171,False,17,1,20,0.2,11,9,0.99,7,2,5,False,0,0.2470588235294117,0.2695311833972637,20% chance of $20; 80% chance of $11,1% chance of $7; 49.5% chance of $5; 24.75% chance of $7; 12.375% chance of $11; 6.188% chance of $19; 6.188% chance of $35,12.8,8.980000000000002,3.6,7.580211078855261,11.0,5.0,20.0,35.0,2,6,A
3905,3176,False,17,1,10,1.0,10,101,0.05,9,0,1,False,0,0.776470588235294,0.3231280933405239,$10 for sure,95% chance of $9; 5% chance of $101,10.0,13.6,0.0,20.050935140287102,10.0,9.0,10.0,101.0,1,2,B
3918,3188,False,17,1,9,0.1,-7,21,0.25,-19,0,1,False,0,0.5490196078431373,0.3452289190319197,10% chance of $9; 90% chance of -$7,75% chance of -$19; 25% chance of $21,-5.3999999999999995,-9.0,4.8,17.320508075688775,-7.0,-19.0,9.0,21.0,2,2,B
3921,3190,False,18,1,24,0.5,-30,-3,0.9,-21,1,2,False,0,0.3,0.3235828832817663,50% chance of $24; 50% chance of -$30,10% chance of -$21; 45% chance of -$3.5; 45% chance of -$2.5,-3.0,-4.8,27.0,5.420793299877794,-30.0,-21.0,24.0,-2.5,2,3,A
3925,3193,False,17,1,9,0.99,8,37,0.01,20,1,4,False,0,0.9176470588235296,0.1740520544178057,99% chance of $9; 1% chance of $8,99% chance of $20; 0.125% chance of $35.5; 0.375% chance of $36.5; 0.375% chance of $37.5; 0.125% chance of $38.5,8.99,20.169999999999998,0.09949874371066203,1.6936941872723068,8.0,20.0,9.0,38.5,2,5,B
3935,3203,False,16,1,-6,1.0,-6,45,0.2,-11,1,6,False,0,0.8500000000000001,0.2875181153713043,-$6 for sure,80% chance of -$11; 0.625% chance of $42.5; 3.125% chance of $43.5; 6.25% chance of $44.5; 6.25% chance of $45.5; 3.125% chance of $46.5; 0.625% chance of $47.5,-6.0,0.1999999999999993,0.0,22.40557966221807,-6.0,-11.0,-6.0,47.5,1,7,B
3944,3211,False,15,1,-8,1.0,-8,-8,1.0,-8,3,4,False,0,0.5733333333333335,0.3692979181920099,-$8 for sure,50% chance of -$5; 25% chance of -$7; 12.5% chance of -$11; 12.5% chance of -$19,-8.0,-8.0,0.0,4.58257569495584,-8.0,-19.0,-8.0,-5.0,1,4,B
3958,3224,False,15,1,16,1.0,16,57,0.1,18,1,6,False,0,0.6933333333333332,0.2814926202195987,$16 for sure,90% chance of $18; 0.312% chance of $54.5; 1.562% chance of $55.5; 3.125% chance of $56.5; 3.125% chance of $57.5; 1.562% chance of $58.5; 0.312% chance of $59.5,16.0,21.900000000000002,0.0,11.705340661424595,16.0,18.0,16.0,59.5,1,7,B
3960,3225,False,16,1,3,1.0,3,48,0.2,-20,1,6,False,0,0.35,0.3829708431025353,$3 for sure,80% chance of -$20; 0.625% chance of $45.5; 3.125% chance of $46.5; 6.25% chance of $47.5; 6.25% chance of $48.5; 3.125% chance of $49.5; 0.625% chance of $50.5,3.0,-6.3999999999999995,0.0,27.204595200076035,3.0,-20.0,3.0,50.5,1,7,A
3965,3230,False,16,1,11,1.0,11,23,0.8,-35,2,5,False,0,0.4375000000000001,0.3810074364978545,$11 for sure,20% chance of -$35; 40% chance of $19; 20% chance of $21; 10% chance of $25; 5% chance of $33; 5% chance of $49,11.0,11.399999999999999,0.0,24.179330015531857,11.0,-35.0,11.0,49.0,1,6,A
3966,3231,False,16,1,-3,1.0,-3,71,0.25,-37,3,4,False,0,0.6,0.3723797345005049,-$3 for sure,75% chance of -$37; 12.5% chance of $74; 6.25% chance of $72; 3.125% chance of $68; 3.125% chance of $60,-3.0,-10.0,0.0,46.82146943443787,-3.0,-37.0,-3.0,74.0,1,5,B
3972,3236,False,16,1,19,1.0,19,25,0.6,11,1,6,False,0,0.575,0.3568379650952703,$19 for sure,40% chance of $11; 1.875% chance of $22.5; 9.375% chance of $23.5; 18.75% chance of $24.5; 18.75% chance of $25.5; 9.375% chance of $26.5; 1.875% chance of $27.5,19.0,19.4,0.0,6.913031173081746,19.0,11.0,19.0,27.5,1,7,B
3978,3241,False,16,1,22,1.0,22,75,0.01,15,1,2,False,0,0.3128787878787879,0.3724709638568315,$22 for sure,99% chance of $15; 0.5% chance of $74.5; 0.5% chance of $75.5,22.0,15.6,0.0,5.97013400184619,22.0,15.0,22.0,75.5,1,3,A
3984,3246,False,16,1,28,1.0,28,106,0.1,21,0,1,False,0,0.425,0.3568379650952703,$28 for sure,90% chance of $21; 10% chance of $106,28.0,29.500000000000004,0.0,25.500000000000004,28.0,21.0,28.0,106.0,1,2,A
3987,3248,False,16,1,5,1.0,5,71,0.2,-4,0,1,False,0,0.4375,0.3667424164178449,$5 for sure,80% chance of -$4; 20% chance of $71,5.0,11.0,0.0,30.0,5.0,-4.0,5.0,71.0,1,2,A
3988,3249,False,16,1,3,1.0,3,16,0.4,-10,0,1,False,0,0.325,0.3642343567906062,$3 for sure,60% chance of -$10; 40% chance of $16,3.0,0.40000000000000036,0.0,12.737346662472527,3.0,-10.0,3.0,16.0,1,2,A
3990,3250,False,16,1,20,1.0,20,78,0.5,-39,0,1,False,0,0.5375,0.4716990566028302,$20 for sure,50% chance of -$39; 50% chance of $78,20.0,19.5,0.0,58.5,20.0,-39.0,20.0,78.0,1,2,B
3993,3253,False,16,1,-7,1.0,-7,31,0.01,-11,0,1,False,0,0.475,0.3785938897200183,-$7 for sure,99% chance of -$11; 1% chance of $31,-7.0,-10.58,0.0,4.1789472358478035,-7.0,-11.0,-7.0,31.0,1,2,A
4000,3259,False,17,1,-8,1.0,-8,13,0.4,-27,0,1,False,0,0.4941176470588236,0.40073461953532,-$8 for sure,60% chance of -$27; 40% chance of $13,-8.0,-11.0,0.0,19.595917942265423,-8.0,-27.0,-8.0,13.0,1,2,A
4009,3267,False,17,1,24,1.0,24,41,0.2,19,2,6,False,0,0.5647058823529412,0.3951916884098593,$24 for sure,80% chance of $19; 10% chance of $36; 5% chance of $38; 2.5% chance of $42; 1.25% chance of $50; 0.625% chance of $66; 0.625% chance of $98,24.0,23.399999999999995,0.0,10.27813212602366,24.0,19.0,24.0,98.0,1,7,B
4011,3269,False,16,1,14,0.25,-2,-5,0.5,-6,0,1,False,0,0.1125,0.2305789814069501,25% chance of $14; 75% chance of -$2,50% chance of -$6; 50% chance of -$5,2.0,-5.5,6.928203230275509,0.5,-2.0,-6.0,14.0,-5.0,2,2,A
4014,3272,False,16,1,-6,1.0,-6,8,0.1,-13,0,1,False,0,0.4125000000000001,0.389657969677682,-$6 for sure,90% chance of -$13; 10% chance of $8,-6.0,-10.9,0.0,6.3,-6.0,-13.0,-6.0,8.0,1,2,A
4015,3273,False,16,1,24,0.8,-31,83,0.1,4,1,8,False,-1,0.7374999999999999,0.3324154027718932,80% chance of $24; 20% chance of -$31,90% chance of $4; 0.078% chance of $79.5; 0.547% chance of $80.5; 1.641% chance of $81.5; 2.734% chance of $82.5; 2.734% chance of $83.5; 1.641% chance of $84.5; 0.547% chance of $85.5; 0.078% chance of $86.5,13.000000000000004,11.900000000000002,21.999999999999996,23.703691695598813,-31.0,4.0,24.0,86.5,2,9,B
4019,3276,False,16,1,25,0.99,-1,83,0.25,15,0,1,False,0,0.7124999999999999,0.3263433774416144,99% chance of $25; 1% chance of -$1,75% chance of $15; 25% chance of $83,24.74,32.0,2.5869673364772128,29.444863728670914,-1.0,15.0,25.0,83.0,2,2,B
4021,3277,False,16,1,2,1.0,2,67,0.25,-4,0,1,False,0,0.6,0.4131182235954577,$2 for sure,75% chance of -$4; 25% chance of $67,2.0,13.75,0.0,30.74390183434757,2.0,-4.0,2.0,67.0,1,2,B
4025,3280,False,16,1,24,1.0,24,61,0.05,30,0,1,False,0,0.675,0.3924283374069717,$24 for sure,95% chance of $30; 5% chance of $61,24.0,31.55,0.0,6.756293362488044,24.0,30.0,24.0,61.0,1,2,B
4027,3281,False,16,1,47,0.1,25,59,0.6,-12,0,1,False,0,0.2625,0.3556683848755748,10% chance of $47; 90% chance of $25,40% chance of -$12; 60% chance of $59,27.2,30.599999999999998,6.6000000000000005,34.78275434752113,25.0,-12.0,47.0,59.0,2,2,A
4033,3286,False,16,1,25,0.05,20,82,0.25,-13,0,1,False,0,0.3124999999999999,0.3575378767813745,5% chance of $25; 95% chance of $20,75% chance of -$13; 25% chance of $82,20.25,10.75,1.0897247358851685,41.13620667976084,20.0,-13.0,25.0,82.0,2,2,A
4037,3289,False,16,1,1,1.0,1,77,0.01,0,1,4,False,0,0.3125,0.3575378767813745,$1 for sure,99% chance of $0; 0.125% chance of $75.5; 0.375% chance of $76.5; 0.375% chance of $77.5; 0.125% chance of $78.5,1.0,0.77,0.0,7.661892716555094,1.0,0.0,1.0,78.5,1,5,A
4039,3290,False,16,1,20,1.0,20,47,0.6,-30,0,1,False,0,0.2125,0.2963668897386031,$20 for sure,40% chance of -$30; 60% chance of $47,20.0,16.2,0.0,37.722142038860945,20.0,-30.0,20.0,47.0,1,2,A
4042,3292,False,16,1,23,1.0,23,18,0.95,0,1,4,False,0,0.1,0.1932183566158592,$23 for sure,5% chance of $0; 11.875% chance of $16.5; 35.625% chance of $17.5; 35.625% chance of $18.5; 11.875% chance of $19.5,23.0,17.099999999999998,0.0,4.012792045446663,23.0,0.0,23.0,19.5,1,5,A
4044,3294,False,16,1,25,0.6,3,16,0.8,-30,0,1,False,0,0.125,0.2175622516277429,60% chance of $25; 40% chance of $3,20% chance of -$30; 80% chance of $16,16.2,6.8000000000000025,10.777754868245983,18.4,3.0,-30.0,25.0,16.0,2,2,A
4046,3296,False,15,1,-6,1.0,-6,18,0.6,-32,0,1,False,0,0.6337891737891738,0.3211812105526581,-$6 for sure,40% chance of -$32; 60% chance of $18,-6.0,-2.0000000000000018,0.0,24.49489742783178,-6.0,-32.0,-6.0,18.0,1,2,B
4065,3314,False,15,1,5,0.6,-18,34,0.2,-12,3,5,False,-1,0.4,0.3545621041711673,60% chance of $5; 40% chance of -$18,80% chance of -$12; 10% chance of $38; 5% chance of $36; 2.5% chance of $32; 1.25% chance of $24; 1.25% chance of $8,-4.2,-2.8000000000000016,11.26765281680262,18.712562625145708,-18.0,-12.0,5.0,38.0,2,6,A
4068,3317,False,17,1,27,1.0,27,43,0.1,24,0,1,False,0,0.5882352941176471,0.3568654384729216,$27 for sure,90% chance of $24; 10% chance of $43,27.0,25.900000000000002,0.0,5.7,27.0,24.0,27.0,43.0,1,2,B
4071,3320,False,18,1,24,0.25,4,41,0.25,-10,0,1,False,0,0.2444444444444445,0.2705598166378093,25% chance of $24; 75% chance of $4,75% chance of -$10; 25% chance of $41,9.0,2.75,8.660254037844387,22.083647796503186,4.0,-10.0,24.0,41.0,2,2,A
4072,3321,False,16,1,7,1.0,7,72,0.4,-27,1,8,False,0,0.4625,0.3774917217635375,$7 for sure,60% chance of -$27; 0.312% chance of $68.5; 2.188% chance of $69.5; 6.562% chance of $70.5; 10.938% chance of $71.5; 10.938% chance of $72.5; 6.562% chance of $73.5; 2.188% chance of $74.5; 0.312% chance of $75.5,7.0,12.600000000000003,0.0,48.50711288048383,7.0,-27.0,7.0,75.5,1,9,A
4075,3324,False,15,1,17,1.0,17,61,0.25,-3,0,1,False,0,0.4133333333333333,0.3739111175259755,$17 for sure,75% chance of -$3; 25% chance of $61,17.0,13.0,0.0,27.712812921102035,17.0,-3.0,17.0,61.0,1,2,A
4079,3328,False,15,1,39,0.25,-1,14,0.2,3,3,3,False,0,0.6133333333333334,0.4172472146045293,25% chance of $39; 75% chance of -$1,80% chance of $3; 10% chance of $16; 5% chance of $14; 5% chance of $10,9.0,5.199999999999999,17.320508075688775,4.534313619501853,-1.0,3.0,39.0,16.0,2,4,B
4087,3336,False,16,1,17,1.0,17,8,0.8,1,3,6,False,0,0.1624999999999999,0.2753785273643051,$17 for sure,20% chance of $1; 40% chance of $13; 20% chance of $11; 10% chance of $7; 5% chance of -$1; 2.5% chance of -$17; 2.5% chance of -$49,17.0,6.600000000000002,0.0,10.983624174196777,17.0,-49.0,17.0,13.0,1,7,A
4090,3339,False,32,1,16,1.0,16,16,1.0,16,3,2,False,0,0.4625,0.4014088093926994,$16 for sure,50% chance of $17; 50% chance of $15,16.0,16.0,0.0,1.0,16.0,15.0,16.0,17.0,1,2,A
4094,3342,False,16,1,11,1.0,11,27,0.75,-29,1,8,False,0,0.6124999999999999,0.4287578959428425,$11 for sure,25% chance of -$29; 0.586% chance of $23.5; 4.102% chance of $24.5; 12.305% chance of $25.5; 20.508% chance of $26.5; 20.508% chance of $27.5; 12.305% chance of $28.5; 4.102% chance of $29.5; 0.586% chance of $30.5,11.0,13.0,0.0,24.27575951437977,11.0,-29.0,11.0,30.5,1,9,B
4099,3346,False,16,1,3,1.0,3,50,0.01,11,0,1,False,0,0.875,0.2294921930407801,$3 for sure,99% chance of $11; 1% chance of $50,3.0,11.39,0.0,3.880451004715818,3.0,11.0,3.0,50.0,1,2,B
4103,3349,False,16,1,0,1.0,0,12,0.75,-50,0,1,False,0,0.5624999999999999,0.4080441152620633,$0 for sure,25% chance of -$50; 75% chance of $12,0.0,-3.5,0.0,26.846787517317598,0.0,-50.0,0.0,12.0,1,2,B
4105,3351,False,16,1,11,1.0,11,44,0.25,8,1,6,False,0,0.7375,0.3556683848755747,$11 for sure,75% chance of $8; 0.781% chance of $41.5; 3.906% chance of $42.5; 7.812% chance of $43.5; 7.812% chance of $44.5; 3.906% chance of $45.5; 0.781% chance of $46.5,11.0,17.0,0.0,15.598477489806497,11.0,8.0,11.0,46.5,1,7,B
4107,3353,False,33,1,43,0.2,2,70,0.01,9,1,6,False,0,0.6060606060606061,0.3724407620174263,20% chance of $43; 80% chance of $2,99% chance of $9; 0.031% chance of $67.5; 0.156% chance of $68.5; 0.312% chance of $69.5; 0.312% chance of $70.5; 0.156% chance of $71.5; 0.031% chance of $72.5,10.2,9.61,16.400000000000002,6.070453030870101,2.0,9.0,43.0,72.5,2,7,B
4112,3357,False,16,1,-5,1.0,-5,105,0.2,-32,0,1,False,0,0.6500000000000001,0.2780887148615228,-$5 for sure,80% chance of -$32; 20% chance of $105,-5.0,-4.600000000000001,0.0,54.8,-5.0,-32.0,-5.0,105.0,1,2,B
4116,3360,False,16,1,7,1.0,7,37,0.25,-1,3,6,False,0,0.4375,0.3518996068956788,$7 for sure,75% chance of -$1; 12.5% chance of $42; 6.25% chance of $40; 3.125% chance of $36; 1.562% chance of $28; 0.781% chance of $12; 0.781% chance of -$20,7.0,8.5,0.0,17.4928556845359,7.0,-20.0,7.0,42.0,1,7,A
4118,3361,False,16,1,83,0.2,-15,14,0.5,-2,0,1,False,0,0.7375,0.2986078811194819,20% chance of $83; 80% chance of -$15,50% chance of -$2; 50% chance of $14,4.600000000000001,6.0,39.2,8.0,-15.0,-2.0,83.0,14.0,2,2,B
4122,3364,False,16,1,-10,1.0,-10,3,0.4,-1,0,1,False,0,0.8250000000000001,0.3255764119219941,-$10 for sure,60% chance of -$1; 40% chance of $3,-10.0,0.6000000000000002,0.0,1.9595917942265424,-10.0,-1.0,-10.0,3.0,1,2,B
4135,3374,False,16,1,-9,1.0,-9,37,0.2,-20,1,2,False,0,0.675,0.2909753712372692,-$9 for sure,80% chance of -$20; 10% chance of $36.5; 10% chance of $37.5,-9.0,-8.6,0.0,22.801096464863264,-9.0,-20.0,-9.0,37.5,1,3,B
4140,3378,False,17,1,-6,0.75,-15,-15,0.6,-27,0,1,False,0,0.0705882352941176,0.1403776419268438,75% chance of -$6; 25% chance of -$15,40% chance of -$27; 60% chance of -$15,-8.25,-19.8,3.897114317029974,5.878775382679628,-15.0,-27.0,-6.0,-15.0,2,2,A
4146,3382,False,17,1,20,1.0,20,66,0.6,-36,0,1,False,0,0.3529411764705882,0.31248529377161,$20 for sure,40% chance of -$36; 60% chance of $66,20.0,25.200000000000003,0.0,49.96959075277683,20.0,-36.0,20.0,66.0,1,2,A
4149,3384,False,15,1,11,0.9,2,24,0.75,-8,0,1,False,0,0.36,0.322490309931942,90% chance of $11; 10% chance of $2,25% chance of -$8; 75% chance of $24,10.1,16.0,2.6999999999999997,13.856406460551018,2.0,-8.0,11.0,24.0,2,2,A
4151,3385,False,15,1,26,1.0,26,26,0.9,-13,1,8,False,0,0.24,0.322490309931942,$26 for sure,10% chance of -$13; 0.703% chance of $22.5; 4.922% chance of $23.5; 14.766% chance of $24.5; 24.609% chance of $25.5; 24.609% chance of $26.5; 14.766% chance of $27.5; 4.922% chance of $28.5; 0.703% chance of $29.5,26.0,22.1,0.0,11.76711519447311,26.0,-13.0,26.0,29.5,1,9,A
4154,3387,False,16,1,17,1.0,17,33,0.5,12,0,1,False,0,0.7083333333333333,0.3617856946990703,$17 for sure,50% chance of $12; 50% chance of $33,17.0,22.5,0.0,10.5,17.0,12.0,17.0,33.0,1,2,B
4157,3390,False,16,1,17,1.0,17,74,0.05,19,0,1,False,0,0.7499999999999999,0.3759432581299116,$17 for sure,95% chance of $19; 5% chance of $74,17.0,21.75,0.0,11.986972094736853,17.0,19.0,17.0,74.0,1,2,B
4162,3394,False,16,1,13,0.95,-20,70,0.1,4,1,8,False,0,0.5875,0.3757215280851852,95% chance of $13; 5% chance of -$20,90% chance of $4; 0.078% chance of $66.5; 0.547% chance of $67.5; 1.641% chance of $68.5; 2.734% chance of $69.5; 2.734% chance of $70.5; 1.641% chance of $71.5; 0.547% chance of $72.5; 0.078% chance of $73.5,11.349999999999998,10.600000000000001,7.192183256842115,19.804418698866172,-20.0,4.0,13.0,73.5,2,9,B
4166,3398,False,16,1,15,1.0,15,30,0.6,-16,0,1,False,0,0.2375,0.3201562118716424,$15 for sure,40% chance of -$16; 60% chance of $30,15.0,11.6,0.0,22.53530563360524,15.0,-16.0,15.0,30.0,1,2,A
4173,3404,False,16,1,17,1.0,17,18,0.99,-16,0,1,False,0,0.3250000000000001,0.3642343567906063,$17 for sure,1% chance of -$16; 99% chance of $18,17.0,17.66,0.0,3.382957286162509,17.0,-16.0,17.0,18.0,1,2,A
4178,3408,False,16,1,0,1.0,0,11,0.05,9,0,1,False,0,0.9,0.1932183566158591,$0 for sure,95% chance of $9; 5% chance of $11,0.0,9.1,0.0,0.43588989435406733,0.0,9.0,0.0,11.0,1,2,B
4180,3409,False,16,1,4,1.0,4,9,0.9,-16,0,1,False,0,0.6125,0.4349329450233296,$4 for sure,10% chance of -$16; 90% chance of $9,4.0,6.5,0.0,7.499999999999999,4.0,-16.0,4.0,9.0,1,2,B
4183,3411,False,17,1,29,1.0,29,69,0.25,12,0,1,False,0,0.4326797385620914,0.354087040901662,$29 for sure,75% chance of $12; 25% chance of $69,29.0,26.25,0.0,24.681724007856502,29.0,12.0,29.0,69.0,1,2,A
4185,3412,False,17,1,60,0.6,-23,58,0.5,2,0,1,False,1,0.8705882352941177,0.2229481606852615,60% chance of $60; 40% chance of -$23,50% chance of $2; 50% chance of $58,26.799999999999997,30.0,40.661529730200755,28.0,-23.0,2.0,60.0,58.0,2,2,B
4187,3413,False,17,1,11,1.0,11,71,0.01,13,0,1,False,0,0.9529411764705882,0.150489397711365,$11 for sure,99% chance of $13; 1% chance of $71,11.0,13.579999999999998,0.0,5.770927135218396,11.0,13.0,11.0,71.0,1,2,B
4191,3416,False,16,1,74,0.05,25,72,0.2,17,1,6,False,0,0.4375000000000001,0.3593976442141304,5% chance of $74; 95% chance of $25,80% chance of $17; 0.625% chance of $69.5; 3.125% chance of $70.5; 6.25% chance of $71.5; 6.25% chance of $72.5; 3.125% chance of $73.5; 0.625% chance of $74.5,27.45,28.0,10.67930241167465,22.005681084665387,25.0,17.0,74.0,74.5,2,7,A
4193,3417,False,17,1,29,0.4,-18,-4,0.95,-16,1,6,False,0,0.2823529411764706,0.3244905509364777,40% chance of $29; 60% chance of -$18,5% chance of -$16; 2.969% chance of -$6.5; 14.844% chance of -$5.5; 29.688% chance of -$4.5; 29.688% chance of -$3.5; 14.844% chance of -$2.5; 2.969% chance of -$1.5,0.8000000000000025,-4.600000000000001,23.025203582161875,2.833284313301439,-18.0,-16.0,29.0,-1.5,2,7,A
4196,3419,False,32,1,7,1.0,7,23,0.8,-35,3,6,False,0,0.4302083333333333,0.3845920778022394,$7 for sure,20% chance of -$35; 40% chance of $28; 20% chance of $26; 10% chance of $22; 5% chance of $14; 2.5% chance of -$2; 2.5% chance of -$34,7.0,11.400000000000002,0.0,25.515485494107295,7.0,-35.0,7.0,28.0,1,7,A
4201,3424,False,16,1,77,0.25,-2,33,0.75,4,0,1,False,-1,0.7875,0.3461695153148719,25% chance of $77; 75% chance of -$2,25% chance of $4; 75% chance of $33,17.75,25.75,34.208003449485325,12.55736835487436,-2.0,4.0,77.0,33.0,2,2,B
4202,3425,False,16,1,18,1.0,18,20,0.2,13,3,6,False,0,0.4,0.3502380143083652,$18 for sure,80% chance of $13; 10% chance of $25; 5% chance of $23; 2.5% chance of $19; 1.25% chance of $11; 0.625% chance of -$5; 0.625% chance of -$37,18.0,14.400000000000002,0.0,6.00333240792144,18.0,-37.0,18.0,25.0,1,7,A
4204,3426,False,16,1,-8,1.0,-8,45,0.05,-12,1,4,False,0,0.6875,0.3422961680572347,-$8 for sure,95% chance of -$12; 0.625% chance of $43.5; 1.875% chance of $44.5; 1.875% chance of $45.5; 0.625% chance of $46.5,-8.0,-9.149999999999999,0.0,12.424371211453721,-8.0,-12.0,-8.0,46.5,1,5,B
4206,3427,False,16,1,-3,1.0,-3,25,0.05,3,0,1,False,0,0.8625,0.2604483314082341,-$3 for sure,95% chance of $3; 5% chance of $25,-3.0,4.1,0.0,4.794788837894741,-3.0,3.0,-3.0,25.0,1,2,B
4208,3428,False,16,1,-5,0.75,-18,-9,0.2,-14,3,4,False,0,0.4527777777777778,0.4224852981589937,75% chance of -$5; 25% chance of -$18,80% chance of -$14; 10% chance of -$6; 5% chance of -$8; 2.5% chance of -$12; 2.5% chance of -$20,-8.25,-13.0,5.629165124598851,2.8635642126552705,-18.0,-20.0,-5.0,-6.0,2,5,A
4210,3429,False,16,1,25,1.0,25,40,0.5,6,0,1,False,0,0.625,0.3642343567906062,$25 for sure,50% chance of $6; 50% chance of $40,25.0,23.0,0.0,17.0,25.0,6.0,25.0,40.0,1,2,B
4213,3431,False,16,1,9,1.0,9,16,0.75,-3,1,2,False,0,0.5669642857142858,0.4018230141416461,$9 for sure,25% chance of -$3; 37.5% chance of $15.5; 37.5% chance of $16.5,9.0,11.25,0.0,8.23862852664204,9.0,-3.0,9.0,16.5,1,3,B
4215,3432,False,16,1,0,0.95,-31,48,0.5,-44,3,3,False,0,0.6875,0.3344149119482165,95% chance of $0; 5% chance of -$31,50% chance of -$44; 25% chance of $50; 12.5% chance of $48; 12.5% chance of $44,-1.5500000000000014,2.0,6.756293362488047,46.03259714593562,-31.0,-44.0,0.0,50.0,2,4,B
4217,3433,False,16,1,10,0.75,-11,18,0.5,0,1,8,False,0,0.7625,0.3879432948254165,75% chance of $10; 25% chance of -$11,50% chance of $0; 0.391% chance of $14.5; 2.734% chance of $15.5; 8.203% chance of $16.5; 13.672% chance of $17.5; 13.672% chance of $18.5; 8.203% chance of $19.5; 2.734% chance of $20.5; 0.391% chance of $21.5,4.75,9.0,9.093266739736606,9.048480535426929,-11.0,0.0,10.0,21.5,2,9,B
4218,3434,False,16,1,76,0.1,0,20,0.8,-37,0,1,False,1,0.4,0.4,10% chance of $76; 90% chance of $0,20% chance of -$37; 80% chance of $20,7.6000000000000005,8.600000000000001,22.8,22.799999999999997,0.0,-37.0,76.0,20.0,2,2,A
4222,3438,False,16,1,8,0.2,7,48,0.1,10,0,1,False,0,0.8374999999999999,0.2093641166325627,20% chance of $8; 80% chance of $7,90% chance of $10; 10% chance of $48,7.200000000000001,13.8,0.4,11.4,7.0,10.0,8.0,48.0,2,2,B
4224,3440,False,16,1,26,0.4,-6,22,0.05,15,0,1,False,0,0.8999999999999999,0.1788854381999832,40% chance of $26; 60% chance of -$6,95% chance of $15; 5% chance of $22,6.800000000000001,15.35,15.67673435381234,1.5256146302392357,-6.0,15.0,26.0,22.0,2,2,B
4225,3441,False,16,1,29,1.0,29,29,0.6,2,0,1,False,0,0.15,0.3306559138036599,$29 for sure,40% chance of $2; 60% chance of $29,29.0,18.2,0.0,13.227244611029162,29.0,2.0,29.0,29.0,1,2,A
4226,3442,False,16,1,22,0.9,-12,38,0.4,0,2,4,False,0,0.6125,0.4096746676734275,90% chance of $22; 10% chance of -$12,60% chance of $0; 20% chance of $35; 10% chance of $37; 5% chance of $41; 5% chance of $49,18.6,15.199999999999996,10.2,18.840382161729096,-12.0,0.0,22.0,49.0,2,5,B
4230,3446,False,16,1,67,0.2,7,38,0.6,21,1,8,False,0,0.7875,0.2963668897386031,20% chance of $67; 80% chance of $7,40% chance of $21; 0.469% chance of $34.5; 3.281% chance of $35.5; 9.844% chance of $36.5; 16.406% chance of $37.5; 16.406% chance of $38.5; 9.844% chance of $39.5; 3.281% chance of $40.5; 0.469% chance of $41.5,19.0,31.200000000000003,24.0,8.391066678319271,7.0,21.0,67.0,41.5,2,9,B
4233,3449,False,16,1,3,1.0,3,26,0.5,-33,0,1,False,0,0.25,0.2581988897471611,$3 for sure,50% chance of -$33; 50% chance of $26,3.0,-3.5,0.0,29.5,3.0,-33.0,3.0,26.0,1,2,A
4234,3450,False,16,1,33,0.2,-11,71,0.4,-45,2,4,False,0,0.5625,0.3283798613394758,20% chance of $33; 80% chance of -$11,60% chance of -$45; 20% chance of $68; 10% chance of $70; 5% chance of $74; 5% chance of $82,-2.2,1.3999999999999941,17.6,56.90202105373762,-11.0,-45.0,33.0,82.0,2,5,B
4237,3452,False,16,1,9,0.25,8,46,0.1,7,0,1,False,0,0.5255208333333333,0.3775342607705367,25% chance of $9; 75% chance of $8,90% chance of $7; 10% chance of $46,8.25,10.9,0.4330127018922193,11.700000000000001,8.0,7.0,9.0,46.0,2,2,B
4239,3453,False,16,1,15,1.0,15,5,0.75,-4,1,8,False,0,0.1,0.1788854381999831,$15 for sure,25% chance of -$4; 0.586% chance of $1.5; 4.102% chance of $2.5; 12.305% chance of $3.5; 20.508% chance of $4.5; 20.508% chance of $5.5; 12.305% chance of $6.5; 4.102% chance of $7.5; 0.586% chance of $8.5,15.0,2.75,0.0,4.06201920231798,15.0,-4.0,15.0,8.5,1,9,A
4253,3466,False,16,1,74,0.2,-26,6,0.5,-23,2,8,False,0,0.575,0.3924283374069717,20% chance of $74; 80% chance of -$26,50% chance of -$23; 25% chance of -$1; 12.5% chance of $1; 6.25% chance of $5; 3.125% chance of $13; 1.562% chance of $29; 0.781% chance of $61; 0.391% chance of $125; 0.391% chance of $253,-6.0,-8.5,40.0,23.510635891017493,-26.0,-23.0,74.0,253.0,2,9,B
4262,3475,False,17,1,-5,1.0,-5,5,0.1,-2,0,1,False,0,0.7764705882352941,0.2818009309883173,-$5 for sure,90% chance of -$2; 10% chance of $5,-5.0,-1.3,0.0,2.1,-5.0,-2.0,-5.0,5.0,1,2,B
4266,3478,False,32,1,-10,1.0,-10,-9,0.9,-19,2,2,False,0,0.5562500000000001,0.3509778965561332,-$10 for sure,10% chance of -$19; 45% chance of -$10; 45% chance of -$8,-10.0,-10.0,0.0,3.1464265445104544,-10.0,-19.0,-10.0,-8.0,1,3,B
4270,3481,False,16,1,20,0.95,-21,25,0.95,9,0,1,False,0,0.675,0.3642343567906063,95% chance of $20; 5% chance of -$21,5% chance of $9; 95% chance of $25,17.95,24.2,8.935742834258386,3.4871191548325404,-21.0,9.0,20.0,25.0,2,2,B
4273,3484,False,16,1,47,0.05,13,73,0.1,8,3,7,False,0,0.45,0.3386246693120078,5% chance of $47; 95% chance of $13,90% chance of $8; 5% chance of $79; 2.5% chance of $77; 1.25% chance of $73; 0.625% chance of $65; 0.312% chance of $49; 0.156% chance of $17; 0.156% chance of -$47,14.7,14.500000000000004,7.410128204019144,20.299014754416035,13.0,-47.0,47.0,79.0,2,8,A
4276,3486,False,16,1,22,0.8,-43,16,0.95,9,0,1,False,0,0.7124999999999999,0.3008321791298265,80% chance of $22; 20% chance of -$43,5% chance of $9; 95% chance of $16,9.000000000000004,15.65,25.999999999999996,1.5256146302392364,-43.0,9.0,22.0,16.0,2,2,B
4280,3488,False,15,1,13,1.0,13,26,0.2,14,0,1,False,0,0.8133333333333332,0.3067494712224262,$13 for sure,80% chance of $14; 20% chance of $26,13.0,16.400000000000002,0.0,4.8,13.0,14.0,13.0,26.0,1,2,B
4285,3492,False,15,1,15,1.0,15,11,0.9,7,0,1,False,0,0.1733333333333333,0.3283436063174123,$15 for sure,10% chance of $7; 90% chance of $11,15.0,10.6,0.0,1.2,15.0,7.0,15.0,11.0,1,2,A
4287,3493,False,15,1,-1,0.9,-20,42,0.01,-5,0,1,False,0,0.5333333333333333,0.4047338925881101,90% chance of -$1; 10% chance of -$20,99% chance of -$5; 1% chance of $42,-2.8999999999999995,-4.53,5.699999999999999,4.676440954401114,-20.0,-5.0,-1.0,42.0,2,2,B
4291,3496,False,16,1,7,1.0,7,10,0.9,-18,2,7,False,0,0.625,0.443471156521669,$7 for sure,10% chance of -$18; 45% chance of $4; 22.5% chance of $6; 11.25% chance of $10; 5.625% chance of $18; 2.812% chance of $34; 1.406% chance of $66; 1.406% chance of $130,7.0,7.199999999999991,0.0,18.888091486436604,7.0,-18.0,7.0,130.0,1,8,B
4292,3497,False,17,1,18,1.0,18,57,0.5,-39,1,6,False,0,0.2,0.2549509756796393,$18 for sure,50% chance of -$39; 1.562% chance of $54.5; 7.812% chance of $55.5; 15.625% chance of $56.5; 15.625% chance of $57.5; 7.812% chance of $58.5; 1.562% chance of $59.5,18.0,9.0,0.0,48.006509975210655,18.0,-39.0,18.0,59.5,1,7,A
4297,3501,False,15,1,1,0.1,-3,33,0.4,-25,1,4,False,0,0.7333333333333333,0.3086066999241838,10% chance of $1; 90% chance of -$3,60% chance of -$25; 5% chance of $31.5; 15% chance of $32.5; 15% chance of $33.5; 5% chance of $34.5,-2.6,-1.8000000000000003,1.2000000000000002,28.419359598696097,-3.0,-25.0,1.0,34.5,2,5,B
4300,3503,False,15,1,0,1.0,0,8,0.2,-2,1,2,False,0,0.48,0.4394802124588285,$0 for sure,80% chance of -$2; 10% chance of $7.5; 10% chance of $8.5,0.0,0.0,0.0,4.006245124802026,0.0,-2.0,0.0,8.5,1,3,A
4302,3504,False,17,1,4,1.0,4,17,0.5,-12,3,3,False,0,0.4823529411764706,0.360962764903887,$4 for sure,50% chance of -$12; 25% chance of $19; 12.5% chance of $17; 12.5% chance of $13,4.0,2.5,0.0,14.603081866510234,4.0,-12.0,4.0,19.0,1,4,A
4304,3505,False,15,1,-10,1.0,-10,27,0.2,-7,0,1,False,0,0.84,0.2292846016884444,-$10 for sure,80% chance of -$7; 20% chance of $27,-10.0,-0.20000000000000018,0.0,13.6,-10.0,-7.0,-10.0,27.0,1,2,B
4307,3507,False,15,1,7,0.4,4,31,0.6,-35,0,1,False,-1,0.3384615384615385,0.3632761606445513,40% chance of $7; 60% chance of $4,40% chance of -$35; 60% chance of $31,5.2,4.599999999999998,1.469693845669907,32.33326460473795,4.0,-35.0,7.0,31.0,2,2,A
4313,3512,False,15,1,44,0.5,-4,38,0.25,12,3,4,False,0,0.6266666666666667,0.4131182235954578,50% chance of $44; 50% chance of -$4,75% chance of $12; 12.5% chance of $41; 6.25% chance of $39; 3.125% chance of $35; 3.125% chance of $27,20.0,18.5,24.0,11.489125293076057,-4.0,12.0,44.0,41.0,2,5,B
4314,3513,False,15,1,30,1.0,30,73,0.5,8,0,1,False,0,0.6533333333333332,0.3159264531651691,$30 for sure,50% chance of $8; 50% chance of $73,30.0,40.5,0.0,32.5,30.0,8.0,30.0,73.0,1,2,B
4316,3514,False,15,1,-5,1.0,-5,11,0.01,-5,1,8,False,0,0.8799999999999998,0.2366431913239846,-$5 for sure,99% chance of -$5; 0.008% chance of $7.5; 0.055% chance of $8.5; 0.164% chance of $9.5; 0.273% chance of $10.5; 0.273% chance of $11.5; 0.164% chance of $12.5; 0.055% chance of $13.5; 0.008% chance of $14.5,-5.0,-4.84,0.0,1.597466744567786,-5.0,-5.0,-5.0,14.5,1,9,B
4319,3516,False,15,1,-2,1.0,-2,9,0.1,-6,0,1,False,0,0.5333333333333333,0.3976119189552019,-$2 for sure,90% chance of -$6; 10% chance of $9,-2.0,-4.5,0.0,4.5,-2.0,-6.0,-2.0,9.0,1,2,B
4323,3519,False,16,1,53,0.25,-7,27,0.5,-14,0,1,False,0,0.4625,0.3556683848755748,25% chance of $53; 75% chance of -$7,50% chance of -$14; 50% chance of $27,8.0,6.5,25.98076211353316,20.5,-7.0,-14.0,53.0,27.0,2,2,A
4327,3522,False,16,1,-5,1.0,-5,4,0.5,-12,1,2,False,0,0.8625,0.2156385865284782,-$5 for sure,50% chance of -$12; 25% chance of $3.5; 25% chance of $4.5,-5.0,-4.0,0.0,8.007808689023483,-5.0,-12.0,-5.0,4.5,1,3,B
4330,3524,False,32,1,2,1.0,2,83,0.2,-21,3,6,False,0,0.4500000000000001,0.4219769142133633,$2 for sure,80% chance of -$21; 10% chance of $88; 5% chance of $86; 2.5% chance of $82; 1.25% chance of $74; 0.625% chance of $58; 0.625% chance of $26,2.0,-0.20000000000000154,0.0,41.93757265269414,2.0,-21.0,2.0,88.0,1,7,A
4331,3525,False,16,1,4,1.0,4,62,0.2,-11,1,2,False,0,0.5499999999999999,0.4163331998932265,$4 for sure,80% chance of -$11; 10% chance of $61.5; 10% chance of $62.5,4.0,3.5999999999999996,0.0,29.200856151832262,4.0,-11.0,4.0,62.5,1,3,B
4334,3528,False,16,1,-5,0.25,-8,57,0.25,-22,0,1,False,0,0.7625,0.3201562118716424,25% chance of -$5; 75% chance of -$8,75% chance of -$22; 25% chance of $57,-7.25,-2.25,1.299038105676658,34.208003449485325,-8.0,-22.0,-5.0,57.0,2,2,B
4337,3530,False,16,1,52,0.1,24,30,0.95,-43,3,3,False,0,0.3875,0.4161329915623929,10% chance of $52; 90% chance of $24,5% chance of -$43; 47.5% chance of $32; 23.75% chance of $30; 23.75% chance of $26,26.8,26.349999999999998,8.4,16.088116732545178,24.0,-43.0,52.0,32.0,2,4,A
4340,3532,False,16,1,34,0.1,0,82,0.01,5,1,6,False,1,0.7625000000000001,0.3201562118716424,10% chance of $34; 90% chance of $0,99% chance of $5; 0.031% chance of $79.5; 0.156% chance of $80.5; 0.312% chance of $81.5; 0.312% chance of $82.5; 0.156% chance of $83.5; 0.031% chance of $84.5,3.4000000000000004,5.77,10.200000000000001,7.662218999741523,0.0,5.0,34.0,84.5,2,7,B
4342,3533,False,16,1,69,0.05,11,37,0.2,7,1,8,False,0,0.475,0.3924283374069717,5% chance of $69; 95% chance of $11,80% chance of $7; 0.156% chance of $33.5; 1.094% chance of $34.5; 3.281% chance of $35.5; 5.469% chance of $36.5; 5.469% chance of $37.5; 3.281% chance of $38.5; 1.094% chance of $39.5; 0.156% chance of $40.5,13.899999999999999,13.0,12.640806936267953,12.014574482685603,11.0,7.0,69.0,40.5,2,9,A
4345,3535,False,15,1,23,1.0,23,76,0.2,14,0,1,False,0,0.6603174603174603,0.3378827859212716,$23 for sure,80% chance of $14; 20% chance of $76,23.0,26.400000000000002,0.0,24.8,23.0,14.0,23.0,76.0,1,2,B
4349,3538,False,15,1,17,0.75,-3,20,0.99,6,0,1,False,0,0.7733333333333333,0.2914659173083209,75% chance of $17; 25% chance of -$3,1% chance of $6; 99% chance of $20,12.0,19.86,8.660254037844387,1.3929824119492686,-3.0,6.0,17.0,20.0,2,2,B
4351,3539,False,15,1,-8,1.0,-8,12,0.4,-18,0,1,False,0,0.7866666666666667,0.2774029216723951,-$8 for sure,60% chance of -$18; 40% chance of $12,-8.0,-5.999999999999998,0.0,14.696938456699069,-8.0,-18.0,-8.0,12.0,1,2,B
4375,3562,False,15,1,4,1.0,4,84,0.05,2,0,1,False,0,0.8400000000000002,0.2529822128134703,$4 for sure,95% chance of $2; 5% chance of $84,4.0,6.1,0.0,17.871485668516762,4.0,2.0,4.0,84.0,1,2,B
4376,3563,False,16,1,26,0.05,-1,30,0.4,-15,0,1,False,0,0.3625,0.4209117088733297,5% chance of $26; 95% chance of -$1,60% chance of -$15; 40% chance of $30,0.3500000000000001,3.0,5.884513573779909,22.045407685048602,-1.0,-15.0,26.0,30.0,2,2,A
4380,3566,False,16,1,-6,1.0,-6,14,0.5,-18,1,2,False,0,0.9,0.1460593486680443,-$6 for sure,50% chance of -$18; 25% chance of $13.5; 25% chance of $14.5,-6.0,-2.0,0.0,16.00390577327922,-6.0,-18.0,-6.0,14.5,1,3,B
4382,3567,False,16,1,-8,0.95,-24,10,0.01,-14,3,5,False,0,0.525,0.443471156521669,95% chance of -$8; 5% chance of -$24,99% chance of -$14; 0.5% chance of $14; 0.25% chance of $12; 0.125% chance of $8; 0.062% chance of $0; 0.063% chance of -$16,-8.8,-13.760000000000002,3.4871191548325404,2.506471623617551,-24.0,-16.0,-8.0,14.0,2,6,B
4389,3572,False,19,1,23,1.0,23,22,0.1,13,1,6,False,0,0.1789473684210526,0.3258816202386332,$23 for sure,90% chance of $13; 0.312% chance of $19.5; 1.562% chance of $20.5; 3.125% chance of $21.5; 3.125% chance of $22.5; 1.562% chance of $23.5; 0.312% chance of $24.5,23.0,13.9,0.0,2.72304976083802,23.0,13.0,23.0,24.5,1,7,A
4393,3575,False,15,1,3,1.0,3,88,0.4,-45,3,7,False,0,0.5066666666666666,0.3692979181920098,$3 for sure,60% chance of -$45; 20% chance of $94; 10% chance of $92; 5% chance of $88; 2.5% chance of $80; 1.25% chance of $64; 0.625% chance of $32; 0.625% chance of -$32,3.0,8.200000000000005,0.0,66.12533553790105,3.0,-45.0,3.0,94.0,1,8,B
4397,3579,False,17,1,15,0.6,-10,5,1.0,5,0,1,False,0,0.5486631016042781,0.3615414253391531,60% chance of $15; 40% chance of -$10,$5 for sure,5.0,5.0,12.24744871391589,0.0,-10.0,5.0,15.0,5.0,2,1,B
4400,3582,False,16,1,66,0.4,-12,27,0.8,15,0,1,False,0,0.8,0.2921186973360886,40% chance of $66; 60% chance of -$12,20% chance of $15; 80% chance of $27,19.200000000000003,24.6,38.212039987417576,4.8,-12.0,15.0,66.0,27.0,2,2,B
4402,3583,False,16,1,23,1.0,23,60,0.4,-4,0,1,False,0,0.175,0.2408318915758459,$23 for sure,60% chance of -$4; 40% chance of $60,23.0,21.6,0.0,31.35346870762468,23.0,-4.0,23.0,60.0,1,2,A
4414,3594,False,16,1,10,0.9,-10,63,0.4,-24,3,4,False,-1,0.275,0.3991657967979388,90% chance of $10; 10% chance of -$10,60% chance of -$24; 20% chance of $66; 10% chance of $64; 5% chance of $60; 5% chance of $52,8.0,10.799999999999999,5.999999999999999,42.71955055943356,-10.0,-24.0,10.0,66.0,2,5,A
4419,3598,False,15,1,36,0.5,24,79,0.25,28,1,2,False,0,0.6799999999999999,0.3839642840533107,50% chance of $36; 50% chance of $24,75% chance of $28; 12.5% chance of $78.5; 12.5% chance of $79.5,30.0,40.75,6.0,22.085062825357777,24.0,28.0,36.0,79.5,2,3,B
4423,3601,False,15,1,3,1.0,3,19,0.75,-30,1,4,False,0,0.5333333333333333,0.4320493798938573,$3 for sure,25% chance of -$30; 9.375% chance of $17.5; 28.125% chance of $18.5; 28.125% chance of $19.5; 9.375% chance of $20.5,3.0,6.75,0.0,21.230873745562146,3.0,-30.0,3.0,20.5,1,5,B
4429,3606,False,15,1,5,0.8,-5,10,0.6,-29,0,1,False,0,0.2,0.2267786838055363,80% chance of $5; 20% chance of -$5,40% chance of -$29; 60% chance of $10,3.0,-5.600000000000001,3.9999999999999996,19.106019993708788,-5.0,-29.0,5.0,10.0,2,2,A
4431,3607,False,16,1,1,1.0,1,17,0.75,-13,0,1,False,0,0.575,0.3336665001664586,$1 for sure,25% chance of -$13; 75% chance of $17,1.0,9.5,0.0,12.99038105676658,1.0,-13.0,1.0,17.0,1,2,B
4433,3608,False,16,1,25,0.75,8,32,0.75,22,0,1,False,0,0.7874999999999999,0.2473189573539939,75% chance of $25; 25% chance of $8,25% chance of $22; 75% chance of $32,20.75,29.5,7.361215932167728,4.330127018922194,8.0,22.0,25.0,32.0,2,2,B
4436,3610,False,15,1,2,1.0,2,23,0.01,5,0,1,False,0,0.84,0.264034629763381,$2 for sure,99% chance of $5; 1% chance of $23,2.0,5.180000000000001,0.0,1.790977386791916,2.0,5.0,2.0,23.0,1,2,B
4441,3615,False,15,1,40,0.01,6,93,0.4,-50,2,6,False,0,0.2,0.29277002188456,1% chance of $40; 99% chance of $6,60% chance of -$50; 20% chance of $88; 10% chance of $90; 5% chance of $94; 2.5% chance of $102; 1.25% chance of $118; 1.25% chance of $150,6.34,7.199999999999998,3.3829572861625077,70.45679527199628,6.0,-50.0,40.0,150.0,2,7,A
4450,3623,False,15,1,14,1.0,14,64,0.1,5,0,1,False,0,0.2666666666666666,0.3177300441449957,$14 for sure,90% chance of $5; 10% chance of $64,14.0,10.9,0.0,17.7,14.0,5.0,14.0,64.0,1,2,A
4462,3632,False,16,1,24,1.0,24,85,0.25,-3,1,2,False,0,0.3125,0.3344149119482164,$24 for sure,75% chance of -$3; 12.5% chance of $84.5; 12.5% chance of $85.5,24.0,19.0,0.0,38.10593785750457,24.0,-3.0,24.0,85.5,1,3,A
4464,3634,False,17,1,15,0.75,11,32,0.01,10,3,6,False,0,0.2470588235294117,0.3642074392753797,75% chance of $15; 25% chance of $11,99% chance of $10; 0.5% chance of $37; 0.25% chance of $35; 0.125% chance of $31; 0.062% chance of $23; 0.031% chance of $7; 0.031% chance of -$25,14.0,10.219999999999999,1.7320508075688772,2.4903011866037605,11.0,-25.0,15.0,37.0,2,7,A
4468,3637,False,18,1,27,1.0,27,98,0.25,-9,1,8,False,0,0.2333333333333333,0.2930569107548506,$27 for sure,75% chance of -$9; 0.195% chance of $94.5; 1.367% chance of $95.5; 4.102% chance of $96.5; 6.836% chance of $97.5; 6.836% chance of $98.5; 4.102% chance of $99.5; 1.367% chance of $100.5; 0.195% chance of $101.5,27.0,17.75,0.0,46.33708018423258,27.0,-9.0,27.0,101.5,1,9,A
4471,3639,False,18,1,21,0.5,-13,18,0.4,0,0,1,False,0,0.7222222222222222,0.3227739248079803,50% chance of $21; 50% chance of -$13,60% chance of $0; 40% chance of $18,4.0,7.2,17.0,8.818163074019441,-13.0,0.0,21.0,18.0,2,2,B
4473,3640,False,18,1,58,0.2,3,24,0.95,7,1,8,False,1,0.7555555555555555,0.2791209356748901,20% chance of $58; 80% chance of $3,5% chance of $7; 0.742% chance of $20.5; 5.195% chance of $21.5; 15.586% chance of $22.5; 25.977% chance of $23.5; 25.977% chance of $24.5; 15.586% chance of $25.5; 5.195% chance of $26.5; 0.742% chance of $27.5,14.000000000000002,23.15,22.000000000000004,3.923009049186607,3.0,7.0,58.0,27.5,2,9,B
4486,3651,False,16,1,-2,1.0,-2,64,0.2,-13,0,1,False,0,0.6625,0.4364630568559039,-$2 for sure,80% chance of -$13; 20% chance of $64,-2.0,2.4000000000000004,0.0,30.800000000000004,-2.0,-13.0,-2.0,64.0,1,2,B
4487,3652,False,16,1,22,0.75,-9,56,0.4,-11,0,1,False,0,0.3250000000000001,0.2720294101747089,75% chance of $22; 25% chance of -$9,60% chance of -$11; 40% chance of $56,14.25,15.800000000000002,13.423393758658799,32.82316255329459,-9.0,-11.0,22.0,56.0,2,2,A
4489,3653,False,16,1,24,1.0,24,75,0.25,4,3,3,False,0,0.2750000000000001,0.3087609647175843,$24 for sure,75% chance of $4; 12.5% chance of $77; 6.25% chance of $75; 6.25% chance of $71,24.0,21.75,0.0,30.768287245149022,24.0,4.0,24.0,77.0,1,4,A
4493,3656,False,16,1,29,1.0,29,36,0.4,19,0,1,False,0,0.425,0.3492849839314597,$29 for sure,60% chance of $19; 40% chance of $36,29.0,25.8,0.0,8.328265125462805,29.0,19.0,29.0,36.0,1,2,A
4494,3657,False,16,1,35,0.6,13,32,0.75,29,0,1,False,0,0.525,0.3336665001664586,60% chance of $35; 40% chance of $13,25% chance of $29; 75% chance of $32,26.2,31.25,10.777754868245983,1.299038105676658,13.0,29.0,35.0,32.0,2,2,B
4500,3662,False,16,1,-3,1.0,-3,8,0.25,-12,1,8,False,0,0.6625000000000001,0.3403429642777023,-$3 for sure,75% chance of -$12; 0.195% chance of $4.5; 1.367% chance of $5.5; 4.102% chance of $6.5; 6.836% chance of $7.5; 6.836% chance of $8.5; 4.102% chance of $9.5; 1.367% chance of $10.5; 0.195% chance of $11.5,-3.0,-7.0,0.0,8.685476383020104,-3.0,-12.0,-3.0,11.5,1,9,B
4504,3665,False,16,1,11,0.4,-11,53,0.01,1,0,1,False,-1,0.7625000000000001,0.233452350598575,40% chance of $11; 60% chance of -$11,99% chance of $1; 1% chance of $53,-2.1999999999999993,1.52,10.777754868245983,5.173934672954424,-11.0,1.0,11.0,53.0,2,2,B
4507,3667,False,16,1,18,1.0,18,19,0.99,-6,3,5,False,0,0.4625,0.3630886025935451,$18 for sure,1% chance of -$6; 49.5% chance of $23; 24.75% chance of $21; 12.375% chance of $17; 6.188% chance of $9; 6.188% chance of -$7,18.0,18.75,0.0,7.97543102283507,18.0,-7.0,18.0,23.0,1,6,A
4517,3675,False,16,1,14,0.9,-9,35,0.2,5,0,1,False,0,0.7145833333333333,0.3350994877147184,90% chance of $14; 10% chance of -$9,80% chance of $5; 20% chance of $35,11.7,11.0,6.899999999999999,12.0,-9.0,5.0,14.0,35.0,2,2,B
4525,3682,False,16,1,4,1.0,4,9,0.25,-2,1,6,False,0,0.45,0.4289522117905443,$4 for sure,75% chance of -$2; 0.781% chance of $6.5; 3.906% chance of $7.5; 7.812% chance of $8.5; 7.812% chance of $9.5; 3.906% chance of $10.5; 0.781% chance of $11.5,4.0,0.75,0.0,4.795831523312719,4.0,-2.0,4.0,11.5,1,7,A
4527,3684,False,16,1,28,0.4,0,11,1.0,11,0,1,False,0,0.65,0.3306559138036598,40% chance of $28; 60% chance of $0,$11 for sure,11.200000000000001,11.0,13.717142559585795,0.0,0.0,11.0,28.0,11.0,2,1,B
4531,3687,False,16,1,-10,1.0,-10,1,0.5,-3,2,4,False,0,0.9125,0.1784189825476351,-$10 for sure,50% chance of -$3; 25% chance of -$2; 12.5% chance of $0; 6.25% chance of $4; 6.25% chance of $12,-10.0,-1.0,0.0,3.8078865529319543,-10.0,-3.0,-10.0,12.0,1,5,B
4533,3689,False,16,1,11,0.8,0,2,0.95,-36,0,1,False,0,0.3,0.3723797345005051,80% chance of $11; 20% chance of $0,5% chance of -$36; 95% chance of $2,8.8,0.09999999999999831,4.4,8.281907992727284,0.0,-36.0,11.0,2.0,2,2,A
4537,3693,False,16,1,31,0.5,3,22,0.75,-4,1,2,False,0,0.425,0.3785938897200182,50% chance of $31; 50% chance of $3,25% chance of -$4; 37.5% chance of $21.5; 37.5% chance of $22.5,17.0,15.5,14.0,11.266654339243749,3.0,-4.0,31.0,22.5,2,3,A
4538,3694,False,16,1,43,0.25,-1,22,0.6,-24,0,1,False,0,0.5249999999999999,0.3924283374069717,25% chance of $43; 75% chance of -$1,40% chance of -$24; 60% chance of $22,10.0,3.599999999999998,19.05255888325765,22.535305633605237,-1.0,-24.0,43.0,22.0,2,2,B
4542,3697,False,16,1,77,0.05,-7,2,0.4,-2,3,4,False,0,0.4,0.4066120181860509,5% chance of $77; 95% chance of -$7,60% chance of -$2; 20% chance of $5; 10% chance of $3; 5% chance of -$1; 5% chance of -$9,-2.7999999999999994,-0.39999999999999913,18.30737556287083,3.4985711369071795,-7.0,-9.0,77.0,5.0,2,5,A
4548,3703,False,17,1,-4,1.0,-4,18,0.4,-27,1,2,False,0,0.6588235294117648,0.37924072752246,-$4 for sure,60% chance of -$27; 20% chance of $17.5; 20% chance of $18.5,-4.0,-9.0,0.0,22.0476756144497,-4.0,-27.0,-4.0,18.5,1,3,B
4554,3708,False,18,1,24,1.0,24,58,0.4,12,0,1,False,0,0.5555555555555556,0.385352737146298,$24 for sure,60% chance of $12; 40% chance of $58,24.0,30.400000000000002,0.0,22.535305633605237,24.0,12.0,24.0,58.0,1,2,B
4566,3715,False,16,1,-7,1.0,-7,49,0.01,-18,0,1,False,0,0.4375,0.4014556845614054,-$7 for sure,99% chance of -$18; 1% chance of $49,-7.0,-17.330000000000002,0.0,6.666415828614353,-7.0,-18.0,-7.0,49.0,1,2,A
4569,3717,False,16,1,94,0.25,-18,8,0.8,-15,1,8,False,0,0.5249999999999999,0.4187282332651254,25% chance of $94; 75% chance of -$18,20% chance of -$15; 0.625% chance of $4.5; 4.375% chance of $5.5; 13.125% chance of $6.5; 21.875% chance of $7.5; 21.875% chance of $8.5; 13.125% chance of $9.5; 4.375% chance of $10.5; 0.625% chance of $11.5,10.0,3.400000000000001,48.49742261192856,9.275774900244183,-18.0,-15.0,94.0,11.5,2,9,B
4571,3719,False,16,1,53,0.6,-9,80,0.5,-19,1,2,False,-1,0.6500000000000001,0.3829708431025353,60% chance of $53; 40% chance of -$9,50% chance of -$19; 25% chance of $79.5; 25% chance of $80.5,28.199999999999996,30.5,30.373672810511408,49.501262610159756,-9.0,-19.0,53.0,80.5,2,3,B
4573,3720,False,16,1,67,0.05,28,32,0.99,-24,2,7,False,0,0.3875,0.4096746676734276,5% chance of $67; 95% chance of $28,1% chance of -$24; 49.5% chance of $26; 24.75% chance of $28; 12.375% chance of $32; 6.188% chance of $40; 3.094% chance of $56; 1.547% chance of $88; 1.547% chance of $152,29.95,31.440000000000012,8.499852939904313,18.597483700759117,28.0,-24.0,67.0,152.0,2,8,A
4574,3721,False,16,1,16,1.0,16,20,0.6,9,0,1,False,0,0.2625,0.3703601850451351,$16 for sure,40% chance of $9; 60% chance of $20,16.0,15.6,0.0,5.388877434122992,16.0,9.0,16.0,20.0,1,2,A
4585,3730,False,16,1,-7,1.0,-7,53,0.2,-24,1,8,False,0,0.6124999999999999,0.4031128874149275,-$7 for sure,80% chance of -$24; 0.156% chance of $49.5; 1.094% chance of $50.5; 3.281% chance of $51.5; 5.469% chance of $52.5; 5.469% chance of $53.5; 3.281% chance of $54.5; 1.094% chance of $55.5; 0.156% chance of $56.5,-7.0,-8.600000000000003,0.0,30.805681294202863,-7.0,-24.0,-7.0,56.5,1,9,B
4588,3732,False,16,1,31,0.2,20,62,0.01,21,0,1,False,0,0.7125,0.3649200825751669,20% chance of $31; 80% chance of $20,99% chance of $21; 1% chance of $62,22.2,21.41,4.4,4.079448492137142,20.0,21.0,31.0,62.0,2,2,B
4594,3736,False,16,1,102,0.2,12,82,0.5,-15,0,1,False,0,0.3875,0.4161329915623929,20% chance of $102; 80% chance of $12,50% chance of -$15; 50% chance of $82,30.000000000000004,33.5,36.0,48.5,12.0,-15.0,102.0,82.0,2,2,A
4596,3738,False,16,1,24,1.0,24,103,0.2,15,2,5,False,0,0.525,0.3991657967979387,$24 for sure,80% chance of $15; 10% chance of $99; 5% chance of $101; 2.5% chance of $105; 1.25% chance of $113; 1.25% chance of $129,24.0,32.599999999999994,0.0,35.3643888678993,24.0,15.0,24.0,129.0,1,6,B
4597,3739,False,16,1,36,0.4,1,80,0.01,14,1,2,False,-1,0.525,0.3336665001664586,40% chance of $36; 60% chance of $1,99% chance of $14; 0.5% chance of $79.5; 0.5% chance of $80.5,15.0,14.66,17.146428199482248,6.567107430216138,1.0,14.0,36.0,80.5,2,3,B
4600,3741,False,16,1,5,1.0,5,12,0.9,-34,0,1,False,0,0.275,0.3924283374069717,$5 for sure,10% chance of -$34; 90% chance of $12,5.0,7.400000000000001,0.0,13.799999999999997,5.0,-34.0,5.0,12.0,1,2,A
4604,3744,False,32,1,-5,1.0,-5,13,0.1,-14,0,1,False,0,0.5,0.3482676019681491,-$5 for sure,90% chance of -$14; 10% chance of $13,-5.0,-11.299999999999999,0.0,8.1,-5.0,-14.0,-5.0,13.0,1,2,A
4608,3747,False,15,1,7,1.0,7,31,0.2,-5,0,1,False,0,0.2266666666666667,0.2473189573539939,$7 for sure,80% chance of -$5; 20% chance of $31,7.0,2.2,0.0,14.400000000000002,7.0,-5.0,7.0,31.0,1,2,A
4611,3749,False,15,1,0,1.0,0,16,0.75,-22,0,1,False,0,0.7866666666666666,0.2732520204255893,$0 for sure,25% chance of -$22; 75% chance of $16,0.0,6.5,0.0,16.454482671904334,0.0,-22.0,0.0,16.0,1,2,B
4613,3750,False,15,1,30,0.6,20,80,0.4,-17,1,4,False,0,0.2666666666666666,0.3792536530256937,60% chance of $30; 40% chance of $20,60% chance of -$17; 5% chance of $78.5; 15% chance of $79.5; 15% chance of $80.5; 5% chance of $81.5,26.0,21.800000000000004,4.898979485566356,47.523257464109086,20.0,-17.0,30.0,81.5,2,5,A
4615,3751,False,15,1,23,1.0,23,52,0.01,31,0,1,False,0,0.6133333333333333,0.4374166587286466,$23 for sure,99% chance of $31; 1% chance of $52,23.0,31.21,0.0,2.089473617923902,23.0,31.0,23.0,52.0,1,2,B
4621,3757,False,16,1,23,0.25,-6,101,0.1,-3,1,6,False,0,0.6624999999999999,0.3844910055298217,25% chance of $23; 75% chance of -$6,90% chance of -$3; 0.312% chance of $98.5; 1.562% chance of $99.5; 3.125% chance of $100.5; 3.125% chance of $101.5; 1.562% chance of $102.5; 0.312% chance of $103.5,1.25,7.3999999999999995,12.55736835487436,31.202003140824146,-6.0,-3.0,23.0,103.5,2,7,B
4625,3760,False,16,1,0,0.6,-3,2,0.1,-2,2,6,False,1,0.6000000000000001,0.4381780460041329,60% chance of $0; 40% chance of -$3,90% chance of -$2; 5% chance of -$3; 2.5% chance of -$1; 1.25% chance of $3; 0.625% chance of $11; 0.312% chance of $27; 0.312% chance of $59,-1.2000000000000002,-1.600000000000005,1.469693845669907,3.942080668885364,-3.0,-3.0,0.0,59.0,2,7,B
4627,3761,False,16,1,23,0.6,-19,35,0.4,-18,0,1,False,0,0.4125,0.4161329915623929,60% chance of $23; 40% chance of -$19,60% chance of -$18; 40% chance of $35,6.199999999999998,3.200000000000001,20.575713839378697,25.964591273501686,-19.0,-18.0,23.0,35.0,2,2,A
4628,3762,False,16,1,18,1.0,18,46,0.25,9,0,1,False,0,0.5576923076923077,0.4095314106773264,$18 for sure,75% chance of $9; 25% chance of $46,18.0,18.25,0.0,16.021469970012117,18.0,9.0,18.0,46.0,1,2,B
4633,3766,False,16,1,-3,1.0,-3,15,0.2,-12,1,6,False,0,0.5499999999999999,0.4351245032554859,-$3 for sure,80% chance of -$12; 0.625% chance of $12.5; 3.125% chance of $13.5; 6.25% chance of $14.5; 6.25% chance of $15.5; 3.125% chance of $16.5; 0.625% chance of $17.5,-3.0,-6.600000000000001,0.0,10.81156787889712,-3.0,-12.0,-3.0,17.5,1,7,B
4635,3768,False,16,1,21,1.0,21,34,0.75,-38,3,5,False,0,0.1625,0.3518996068956789,$21 for sure,25% chance of -$38; 37.5% chance of $38; 18.75% chance of $36; 9.375% chance of $32; 4.688% chance of $24; 4.688% chance of $8,21.0,16.0,0.0,31.866910738256383,21.0,-38.0,21.0,38.0,1,6,A
4636,3769,False,16,1,4,1.0,4,26,0.25,1,1,6,False,0,0.7088235294117647,0.4232351919224828,$4 for sure,75% chance of $1; 0.781% chance of $23.5; 3.906% chance of $24.5; 7.812% chance of $25.5; 7.812% chance of $26.5; 3.906% chance of $27.5; 0.781% chance of $28.5,4.0,7.25,0.0,10.8397416943394,4.0,1.0,4.0,28.5,1,7,B
4637,3770,False,15,1,22,0.95,7,85,0.01,26,3,5,False,-1,0.88,0.2704493615131253,95% chance of $22; 5% chance of $7,99% chance of $26; 0.5% chance of $89; 0.25% chance of $87; 0.125% chance of $83; 0.062% chance of $75; 0.063% chance of $59,21.25,26.590000000000003,3.2691742076555066,5.91961992023137,7.0,26.0,22.0,89.0,2,6,B
4650,3783,False,16,1,33,0.25,29,27,0.1,23,1,6,False,0,0.175,0.2720294101747089,25% chance of $33; 75% chance of $29,90% chance of $23; 0.312% chance of $24.5; 1.562% chance of $25.5; 3.125% chance of $26.5; 3.125% chance of $27.5; 1.562% chance of $28.5; 0.312% chance of $29.5,30.0,23.400000000000002,1.7320508075688772,1.2509996003196804,29.0,23.0,33.0,29.5,2,7,A
4652,3785,False,16,1,68,0.2,3,30,0.25,21,1,8,False,0,0.7515625,0.2573047398837936,20% chance of $68; 80% chance of $3,75% chance of $21; 0.195% chance of $26.5; 1.367% chance of $27.5; 4.102% chance of $28.5; 6.836% chance of $29.5; 6.836% chance of $30.5; 4.102% chance of $31.5; 1.367% chance of $32.5; 0.195% chance of $33.5,16.0,23.25,26.000000000000004,3.952847075210474,3.0,21.0,68.0,33.5,2,9,B
4659,3792,False,16,1,19,1.0,19,35,0.5,3,0,1,False,0,0.4500000000000001,0.4163331998932265,$19 for sure,50% chance of $3; 50% chance of $35,19.0,19.0,0.0,16.0,19.0,3.0,19.0,35.0,1,2,A
4662,3795,False,16,1,4,1.0,4,37,0.6,-32,2,7,False,0,0.5660714285714287,0.3314316502320052,$4 for sure,40% chance of -$32; 30% chance of $31; 15% chance of $33; 7.5% chance of $37; 3.75% chance of $45; 1.875% chance of $61; 0.938% chance of $93; 0.938% chance of $157,4.0,9.40000000000001,0.0,36.516297731287075,4.0,-32.0,4.0,157.0,1,8,B
4664,3797,False,15,1,14,1.0,14,42,0.5,-1,0,1,False,0,0.6933333333333334,0.4061433010064071,$14 for sure,50% chance of -$1; 50% chance of $42,14.0,20.5,0.0,21.5,14.0,-1.0,14.0,42.0,1,2,B
4669,3802,False,15,1,1,1.0,1,10,0.5,-7,1,4,False,0,0.5466666666666667,0.3888934240098375,$1 for sure,50% chance of -$7; 6.25% chance of $8.5; 18.75% chance of $9.5; 18.75% chance of $10.5; 6.25% chance of $11.5,1.0,1.5,0.0,8.522030274529655,1.0,-7.0,1.0,11.5,1,5,B
4670,3803,False,15,1,-4,1.0,-4,56,0.1,-9,1,2,False,0,0.7694117647058824,0.3077448147145417,-$4 for sure,90% chance of -$9; 5% chance of $55.5; 5% chance of $56.5,-4.0,-2.499999999999999,0.0,19.50064101510512,-4.0,-9.0,-4.0,56.5,1,3,B
4673,3806,False,15,1,12,1.0,12,21,0.5,4,2,5,False,0,0.6799999999999999,0.405674042269688,$12 for sure,50% chance of $4; 25% chance of $17; 12.5% chance of $19; 6.25% chance of $23; 3.125% chance of $31; 3.125% chance of $47,12.0,12.5,0.0,10.062305898749054,12.0,4.0,12.0,47.0,1,6,B
4674,3807,False,16,1,9,1.0,9,21,0.1,9,2,6,False,0,0.9125,0.1927865832122834,$9 for sure,90% chance of $9; 5% chance of $16; 2.5% chance of $18; 1.25% chance of $22; 0.625% chance of $30; 0.312% chance of $46; 0.312% chance of $78,9.0,10.199999999999994,0.0,5.201922721455943,9.0,9.0,9.0,78.0,1,7,B
4675,3808,False,16,1,78,0.4,-19,32,0.75,-15,0,1,False,0,0.6375,0.3518996068956789,40% chance of $78; 60% chance of -$19,25% chance of -$15; 75% chance of $32,19.800000000000004,20.25,47.52010100999365,20.351596988934308,-19.0,-15.0,78.0,32.0,2,2,B
4677,3810,False,15,1,52,0.05,-12,75,0.25,-37,0,1,False,0,0.6133333333333333,0.3814758308514571,5% chance of $52; 95% chance of -$12,75% chance of -$37; 25% chance of $75,-8.799999999999999,-9.0,13.948476619330155,48.49742261192856,-12.0,-37.0,52.0,75.0,2,2,B
4689,3822,False,15,1,22,1.0,22,18,0.99,8,2,7,False,0,0.4266666666666665,0.3918211448145819,$22 for sure,1% chance of $8; 49.5% chance of $12; 24.75% chance of $14; 12.375% chance of $18; 6.188% chance of $26; 3.094% chance of $42; 1.547% chance of $74; 1.547% chance of $138,22.0,17.90000000000001,0.0,17.771043863543895,22.0,8.0,22.0,138.0,1,8,A
4693,3825,False,16,1,35,0.25,-2,55,0.25,-3,0,1,False,0,0.6375,0.4272001872658766,25% chance of $35; 75% chance of -$2,75% chance of -$3; 25% chance of $55,7.25,11.5,16.021469970012117,25.11473670974872,-2.0,-3.0,35.0,55.0,2,2,B
4696,3827,False,16,1,6,1.0,6,67,0.05,1,0,1,False,0,0.4500000000000001,0.4226897995772628,$6 for sure,95% chance of $1; 5% chance of $67,6.0,4.3,0.0,14.384366513684224,6.0,1.0,6.0,67.0,1,2,A
4698,3828,False,33,1,27,0.99,8,83,0.4,0,1,4,False,0,0.496969696969697,0.3844515968272602,99% chance of $27; 1% chance of $8,60% chance of $0; 5% chance of $81.5; 15% chance of $82.5; 15% chance of $83.5; 5% chance of $84.5,26.810000000000002,33.2,1.8904761305025786,40.665218553451794,8.0,0.0,27.0,84.5,2,5,A
4703,3832,False,17,1,76,0.5,-32,22,1.0,22,2,6,False,0,0.6235294117647059,0.3527205192583532,50% chance of $76; 50% chance of -$32,50% chance of $17; 25% chance of $19; 12.5% chance of $23; 6.25% chance of $31; 3.125% chance of $47; 3.125% chance of $79,22.0,22.0,54.0,11.874342087037917,-32.0,17.0,76.0,79.0,2,6,B
4707,3836,False,17,1,30,1.0,30,68,0.1,25,1,2,False,0,0.6235294117647061,0.3992640288153722,$30 for sure,90% chance of $25; 5% chance of $67.5; 5% chance of $68.5,30.0,29.3,0.0,12.900968955857543,30.0,25.0,30.0,68.5,1,3,B
4711,3839,False,17,1,14,1.0,14,21,0.2,13,1,4,False,0,0.6352941176470588,0.3481041088356115,$14 for sure,80% chance of $13; 2.5% chance of $19.5; 7.5% chance of $20.5; 7.5% chance of $21.5; 2.5% chance of $22.5,14.0,14.600000000000001,0.0,3.2233522922572395,14.0,13.0,14.0,22.5,1,5,B
4713,3840,False,16,1,27,0.8,7,29,0.9,-12,0,1,False,0,0.35,0.3898717737923586,80% chance of $27; 20% chance of $7,10% chance of -$12; 90% chance of $29,23.0,24.900000000000002,7.999999999999999,12.299999999999999,7.0,-12.0,27.0,29.0,2,2,A
4718,3844,False,16,1,22,0.95,-1,43,0.6,15,3,3,False,1,0.7000000000000001,0.3502380143083653,95% chance of $22; 5% chance of -$1,40% chance of $15; 30% chance of $45; 15% chance of $43; 15% chance of $39,20.849999999999998,31.800000000000004,5.012733785071777,13.847743498491008,-1.0,15.0,22.0,45.0,2,4,B
4737,3863,False,15,1,11,0.75,7,82,0.25,-7,0,1,False,0,0.3066666666666666,0.3104528182847634,75% chance of $11; 25% chance of $7,75% chance of -$7; 25% chance of $82,10.0,15.25,1.7320508075688772,38.53813046840752,7.0,-7.0,11.0,82.0,2,2,A
4741,3866,False,15,1,30,0.75,-26,25,0.75,2,3,2,False,0,0.7066666666666666,0.3011090610836324,75% chance of $30; 25% chance of -$26,25% chance of $2; 37.5% chance of $26; 37.5% chance of $24,16.0,19.25,24.24871130596428,9.996874511566103,-26.0,2.0,30.0,26.0,2,3,B
4745,3869,False,16,1,28,1.0,28,55,0.1,26,0,1,False,0,0.6125,0.3685557397915997,$28 for sure,90% chance of $26; 10% chance of $55,28.0,28.900000000000002,0.0,8.700000000000001,28.0,26.0,28.0,55.0,1,2,B
4749,3873,False,15,1,27,1.0,27,36,0.6,20,0,1,False,0,0.5733333333333334,0.3369329451445933,$27 for sure,40% chance of $20; 60% chance of $36,27.0,29.599999999999998,0.0,7.83836717690617,27.0,20.0,27.0,36.0,1,2,B
4752,3875,False,15,1,35,0.4,2,19,0.05,14,3,5,False,0,0.6116666666666667,0.351383320741378,40% chance of $35; 60% chance of $2,95% chance of $14; 2.5% chance of $23; 1.25% chance of $21; 0.625% chance of $17; 0.312% chance of $9; 0.313% chance of -$7,15.2,14.249999999999996,16.166632302368974,2.0217566619155756,2.0,-7.0,35.0,23.0,2,6,B
4755,3878,False,15,1,6,0.05,4,31,0.01,7,3,2,False,0,0.64,0.4014260294784796,5% chance of $6; 95% chance of $4,99% chance of $7; 0.5% chance of $32; 0.5% chance of $30,4.1,7.240000000000002,0.43588989435406733,2.390062760682244,4.0,7.0,6.0,32.0,2,3,B
4761,3883,False,16,1,10,1.0,10,94,0.05,6,2,6,False,0,0.35,0.3614784456460256,$10 for sure,95% chance of $6; 2.5% chance of $89; 1.25% chance of $91; 0.625% chance of $95; 0.312% chance of $103; 0.156% chance of $119; 0.156% chance of $151,10.0,10.400000000000007,0.0,19.36207633493891,10.0,6.0,10.0,151.0,1,7,A
4766,3887,False,16,1,5,1.0,5,16,0.25,1,1,6,False,0,0.3625,0.4014556845614054,$5 for sure,75% chance of $1; 0.781% chance of $13.5; 3.906% chance of $14.5; 7.812% chance of $15.5; 7.812% chance of $16.5; 3.906% chance of $17.5; 0.781% chance of $18.5,5.0,4.75,0.0,6.519202405202649,5.0,1.0,5.0,18.5,1,7,A
4770,3890,False,16,1,5,1.0,5,14,0.2,-6,0,1,False,0,0.125,0.2175622516277429,$5 for sure,80% chance of -$6; 20% chance of $14,5.0,-2.0000000000000004,0.0,8.0,5.0,-6.0,5.0,14.0,1,2,A
4772,3891,False,16,1,41,0.25,21,33,0.8,-21,0,1,False,0,0.2125,0.2680174123696693,25% chance of $41; 75% chance of $21,20% chance of -$21; 80% chance of $33,26.0,22.200000000000003,8.660254037844387,21.599999999999998,21.0,-21.0,41.0,33.0,2,2,A
4775,3893,False,15,1,24,0.5,2,78,0.01,7,2,4,False,0,0.4000000000000001,0.4140393356054125,50% chance of $24; 50% chance of $2,99% chance of $7; 0.5% chance of $75; 0.25% chance of $77; 0.125% chance of $81; 0.125% chance of $89,13.0,7.710000000000009,11.0,7.079258435740332,2.0,7.0,24.0,89.0,2,5,A
4777,3894,False,15,1,14,1.0,14,46,0.1,21,0,1,False,0,0.7733333333333334,0.3104528182847634,$14 for sure,90% chance of $21; 10% chance of $46,14.0,23.500000000000004,0.0,7.5,14.0,21.0,14.0,46.0,1,2,B
4779,3895,False,15,1,17,1.0,17,20,0.75,-15,1,4,False,0,0.3600000000000001,0.3224903099319419,$17 for sure,25% chance of -$15; 9.375% chance of $18.5; 28.125% chance of $19.5; 28.125% chance of $20.5; 9.375% chance of $21.5,17.0,11.25,0.0,15.173990905493518,17.0,-15.0,17.0,21.5,1,5,A
4783,3898,False,15,1,10,1.0,10,47,0.01,12,0,1,False,0,0.7466666666666666,0.3661901665736508,$10 for sure,99% chance of $12; 1% chance of $47,10.0,12.35,0.0,3.4824560298731697,10.0,12.0,10.0,47.0,1,2,B
4785,3899,False,16,1,23,0.75,-2,32,0.1,25,0,1,False,0,0.825,0.2816617356570347,75% chance of $23; 25% chance of -$2,90% chance of $25; 10% chance of $32,16.75,25.7,10.825317547305483,2.1,-2.0,25.0,23.0,32.0,2,2,B
4793,3906,False,15,1,27,0.4,2,14,0.95,-17,3,2,False,0,0.5333333333333333,0.3598941643369749,40% chance of $27; 60% chance of $2,5% chance of -$17; 47.5% chance of $15; 47.5% chance of $13,12.0,12.45,12.24744871391589,6.826236151789655,2.0,-17.0,27.0,15.0,2,3,B
4795,3907,False,16,1,15,1.0,15,22,0.9,-15,1,4,False,0,0.6,0.4066120181860508,$15 for sure,10% chance of -$15; 11.25% chance of $20.5; 33.75% chance of $21.5; 33.75% chance of $22.5; 11.25% chance of $23.5,15.0,18.3,0.0,11.130363875453487,15.0,-15.0,15.0,23.5,1,5,B
4801,3913,False,15,1,-5,1.0,-5,13,0.6,-23,0,1,False,0,0.5466666666666666,0.3661901665736508,-$5 for sure,40% chance of -$23; 60% chance of $13,-5.0,-1.4000000000000012,0.0,17.636326148038883,-5.0,-23.0,-5.0,13.0,1,2,B
4804,3915,False,15,1,22,1.0,22,25,0.95,21,0,1,False,0,0.6266666666666666,0.4131182235954578,$22 for sure,5% chance of $21; 95% chance of $25,22.0,24.8,0.0,0.871779788708135,22.0,21.0,22.0,25.0,1,2,B
4814,3924,False,15,1,6,1.0,6,16,0.6,10,2,7,False,0,0.7066666666666667,0.376955220278534,$6 for sure,40% chance of $10; 30% chance of $10; 15% chance of $12; 7.5% chance of $16; 3.75% chance of $24; 1.875% chance of $40; 0.938% chance of $72; 0.938% chance of $136,6.0,13.600000000000009,0.0,14.12232275512782,6.0,10.0,6.0,136.0,1,8,B
4819,3928,False,16,1,4,0.99,-9,4,1.0,4,0,1,False,0,0.71875,0.4086053515720679,99% chance of $4; 1% chance of -$9,$4 for sure,3.87,4.0,1.2934836682386066,0.0,-9.0,4.0,4.0,4.0,2,1,B
4823,3932,False,17,1,45,0.2,-13,48,0.05,-5,1,4,False,0,0.5411764705882353,0.4108814055317723,20% chance of $45; 80% chance of -$13,95% chance of -$5; 0.625% chance of $46.5; 1.875% chance of $47.5; 1.875% chance of $48.5; 0.625% chance of $49.5,-1.4000000000000004,-2.349999999999999,23.2,11.552705310878489,-13.0,-5.0,45.0,49.5,2,5,B
4828,3936,False,17,1,7,1.0,7,29,0.05,10,1,6,False,0,0.8352941176470587,0.3101233151316348,$7 for sure,95% chance of $10; 0.156% chance of $26.5; 0.781% chance of $27.5; 1.562% chance of $28.5; 1.562% chance of $29.5; 0.781% chance of $30.5; 0.156% chance of $31.5,7.0,10.95,0.0,4.148493702538308,7.0,10.0,7.0,31.5,1,7,B
4832,3938,False,15,1,3,1.0,3,9,0.6,5,2,4,False,0,0.8266666666666667,0.3011090610836324,$3 for sure,40% chance of $5; 30% chance of $6; 15% chance of $8; 7.5% chance of $12; 7.5% chance of $20,3.0,7.400000000000002,0.0,4.054626986542661,3.0,5.0,3.0,20.0,1,5,B
4835,3940,False,15,1,11,1.0,11,84,0.25,-21,2,4,False,0,0.3733333333333333,0.3453086955726647,$11 for sure,75% chance of -$21; 12.5% chance of $81; 6.25% chance of $83; 3.125% chance of $87; 3.125% chance of $95,11.0,5.25,0.0,45.52403211491706,11.0,-21.0,11.0,95.0,1,5,A
4839,3943,False,33,1,28,1.0,28,59,0.4,10,0,1,False,0,0.4909090909090909,0.3643175438093432,$28 for sure,60% chance of $10; 40% chance of $59,28.0,29.6,0.0,24.004999479275146,28.0,10.0,28.0,59.0,1,2,A
4845,3949,False,16,1,23,1.0,23,34,0.05,24,1,8,False,0,0.5624999999999999,0.439507299901454,$23 for sure,95% chance of $24; 0.039% chance of $30.5; 0.273% chance of $31.5; 0.82% chance of $32.5; 1.367% chance of $33.5; 1.367% chance of $34.5; 0.82% chance of $35.5; 0.273% chance of $36.5; 0.039% chance of $37.5,23.0,24.5,0.0,2.1994317447922773,23.0,24.0,23.0,37.5,1,9,B
4849,3952,False,15,1,-2,0.25,-2,-8,0.99,-17,0,1,False,0,0.1333333333333333,0.2581988897471611,25% chance of -$2; 75% chance of -$2,1% chance of -$17; 99% chance of -$8,-2.0,-8.09,0.0,0.8954886933959584,-2.0,-17.0,-2.0,-8.0,2,2,A
4854,3957,False,15,1,23,0.01,15,15,0.99,-23,1,2,False,0,0.32,0.3189267717114474,1% chance of $23; 99% chance of $15,1% chance of -$23; 49.5% chance of $14.5; 49.5% chance of $15.5,15.08,14.620000000000001,0.795989949685296,3.8135416609760555,15.0,-23.0,23.0,15.5,2,3,A
4859,3962,False,15,1,20,1.0,20,29,0.5,15,0,1,False,0,0.6133333333333333,0.2875181153713043,$20 for sure,50% chance of $15; 50% chance of $29,20.0,22.0,0.0,7.0,20.0,15.0,20.0,29.0,1,2,B
4863,3965,False,16,1,54,0.01,24,43,0.2,24,1,4,False,0,0.575,0.3492849839314596,1% chance of $54; 99% chance of $24,80% chance of $24; 2.5% chance of $41.5; 7.5% chance of $42.5; 7.5% chance of $43.5; 2.5% chance of $44.5,24.299999999999997,27.800000000000004,2.98496231131986,7.609862022402247,24.0,24.0,54.0,44.5,2,5,B
4869,3971,False,15,1,13,1.0,13,16,0.01,14,1,4,False,0,0.72,0.3363671463488329,$13 for sure,99% chance of $14; 0.125% chance of $14.5; 0.375% chance of $15.5; 0.375% chance of $16.5; 0.125% chance of $17.5,13.0,14.02,0.0,0.21702534414210706,13.0,14.0,13.0,17.5,1,5,B
4874,3976,False,15,1,58,0.4,-20,108,0.4,-38,2,5,False,0,0.6592592592592592,0.3845945818097764,40% chance of $58; 60% chance of -$20,60% chance of -$38; 20% chance of $104; 10% chance of $106; 5% chance of $110; 2.5% chance of $118; 2.5% chance of $134,11.200000000000003,20.399999999999995,38.212039987417576,71.68709786286512,-20.0,-38.0,58.0,134.0,2,6,B
4877,3978,False,15,1,11,1.0,11,52,0.2,7,0,1,False,0,0.6133333333333334,0.3335237551331168,$11 for sure,80% chance of $7; 20% chance of $52,11.0,16.0,0.0,18.0,11.0,7.0,11.0,52.0,1,2,B
4879,3980,False,16,1,-1,1.0,-1,89,0.01,-5,0,1,False,0,0.4,0.3346640106136303,-$1 for sure,99% chance of -$5; 1% chance of $89,-1.0,-4.0600000000000005,0.0,9.352881908802228,-1.0,-5.0,-1.0,89.0,1,2,A
4881,3981,False,16,1,14,0.4,1,73,0.2,-6,0,1,False,-1,0.45,0.4163331998932265,40% chance of $14; 60% chance of $1,80% chance of -$6; 20% chance of $73,6.2,9.8,6.368673331236264,31.6,1.0,-6.0,14.0,73.0,2,2,A
4883,3982,False,16,1,19,1.0,19,32,0.9,-2,2,4,False,0,0.4500000000000001,0.3759432581299116,$19 for sure,10% chance of -$2; 45% chance of $29; 22.5% chance of $31; 11.25% chance of $35; 11.25% chance of $43,19.0,28.599999999999998,0.0,11.087831167545795,19.0,-2.0,19.0,43.0,1,5,A
4889,3986,False,16,1,7,1.0,7,42,0.1,-6,1,8,False,0,0.2817307692307692,0.3410492569420868,$7 for sure,90% chance of -$6; 0.078% chance of $38.5; 0.547% chance of $39.5; 1.641% chance of $40.5; 2.734% chance of $41.5; 2.734% chance of $42.5; 1.641% chance of $43.5; 0.547% chance of $44.5; 0.078% chance of $45.5,7.0,-1.1999999999999988,0.0,14.406075107398268,7.0,-6.0,7.0,45.5,1,9,A
4891,3987,False,16,1,29,1.0,29,30,0.5,22,1,8,False,0,0.45,0.3759432581299116,$29 for sure,50% chance of $22; 0.391% chance of $26.5; 2.734% chance of $27.5; 8.203% chance of $28.5; 13.672% chance of $29.5; 13.672% chance of $30.5; 8.203% chance of $31.5; 2.734% chance of $32.5; 0.391% chance of $33.5,29.0,26.0,0.0,4.107919181288746,29.0,22.0,29.0,33.5,1,9,A
4893,3989,False,16,1,25,1.0,25,85,0.4,-15,0,1,False,0,0.375,0.3492849839314596,$25 for sure,60% chance of -$15; 40% chance of $85,25.0,25.0,0.0,48.98979485566356,25.0,-15.0,25.0,85.0,1,2,A
4897,3992,False,16,1,14,0.01,-8,64,0.05,-11,0,1,False,1,0.6124999999999999,0.3612478373637689,1% chance of $14; 99% chance of -$8,95% chance of -$11; 5% chance of $64,-7.78,-7.249999999999999,2.188972361634564,16.345871038277526,-8.0,-11.0,14.0,64.0,2,2,B
4899,3993,False,20,1,16,1.0,16,38,0.4,-10,2,4,False,0,0.3,0.3145590062628197,$16 for sure,60% chance of -$10; 20% chance of $35; 10% chance of $37; 5% chance of $41; 5% chance of $49,16.0,9.199999999999996,0.0,23.6930369518135,16.0,-10.0,16.0,49.0,1,5,A
4901,3994,False,20,1,14,1.0,14,26,0.8,-37,1,4,False,0,0.4300000000000001,0.3798891805167452,$14 for sure,20% chance of -$37; 10% chance of $24.5; 30% chance of $25.5; 30% chance of $26.5; 10% chance of $27.5,14.0,13.400000000000004,0.0,25.211901951261034,14.0,-37.0,14.0,27.5,1,5,A
4902,3995,False,16,1,81,0.25,4,23,1.0,23,0,1,False,0,0.325,0.4187282332651254,25% chance of $81; 75% chance of $4,$23 for sure,23.25,23.0,33.34197804570089,0.0,4.0,23.0,81.0,23.0,2,1,A
4904,3996,False,32,1,45,0.6,8,94,0.25,15,1,6,False,-1,0.5133928571428571,0.3042368689295615,60% chance of $45; 40% chance of $8,75% chance of $15; 0.781% chance of $91.5; 3.906% chance of $92.5; 7.812% chance of $93.5; 7.812% chance of $94.5; 3.906% chance of $95.5; 0.781% chance of $96.5,30.2,34.75,18.126224096595518,34.21257078911201,8.0,15.0,45.0,96.5,2,7,B
4906,3997,False,20,1,14,0.6,11,15,0.5,8,0,1,False,0,0.34,0.3250910803548996,60% chance of $14; 40% chance of $11,50% chance of $8; 50% chance of $15,12.8,11.5,1.469693845669907,3.5,11.0,8.0,14.0,15.0,2,2,A
4913,4001,False,16,1,30,1.0,30,73,0.1,21,1,2,False,0,0.7000000000000001,0.3346640106136302,$30 for sure,90% chance of $21; 5% chance of $72.5; 5% chance of $73.5,30.0,26.200000000000003,0.0,15.60080126147372,30.0,21.0,30.0,73.5,1,3,B
4914,4002,False,16,1,30,0.9,26,30,1.0,30,3,3,False,0,0.6499999999999999,0.3386246693120078,90% chance of $30; 10% chance of $26,50% chance of $32; 25% chance of $30; 25% chance of $26,29.6,30.0,1.2,2.449489742783178,26.0,26.0,30.0,32.0,2,3,B
4915,4003,False,16,1,74,0.5,-14,88,0.25,17,0,1,False,0,0.7375000000000002,0.2895398648430529,50% chance of $74; 50% chance of -$14,75% chance of $17; 25% chance of $88,30.0,34.75,44.0,30.74390183434757,-14.0,17.0,74.0,88.0,2,2,B
4918,4005,False,15,1,30,1.0,30,84,0.2,28,0,1,False,0,0.6133333333333333,0.4437931736207543,$30 for sure,80% chance of $28; 20% chance of $84,30.0,39.2,0.0,22.4,30.0,28.0,30.0,84.0,1,2,B
4921,4007,False,16,1,29,1.0,29,25,0.95,-4,0,1,False,0,0.225,0.3255764119219941,$29 for sure,5% chance of -$4; 95% chance of $25,29.0,23.55,0.0,6.320403468133979,29.0,-4.0,29.0,25.0,1,2,A
4923,4009,False,15,1,32,0.2,-2,4,0.4,-1,0,1,False,0,0.3466666666666667,0.3335237551331168,20% chance of $32; 80% chance of -$2,60% chance of -$1; 40% chance of $4,4.800000000000001,1.0,13.6,2.449489742783178,-2.0,-1.0,32.0,4.0,2,2,A
4928,4012,False,15,1,-8,1.0,-8,-9,0.8,-11,0,1,False,0,0.2,0.2725540575476987,-$8 for sure,20% chance of -$11; 80% chance of -$9,-8.0,-9.399999999999999,0.0,0.7999999999999999,-8.0,-11.0,-8.0,-9.0,1,2,A
4931,4014,False,15,1,39,0.2,-17,28,0.2,-7,0,1,False,0,0.7733333333333334,0.2250925735484551,20% chance of $39; 80% chance of -$17,80% chance of -$7; 20% chance of $28,-5.800000000000001,0.0,22.4,14.0,-17.0,-7.0,39.0,28.0,2,2,B
4933,4015,False,15,1,5,1.0,5,88,0.2,-25,0,1,False,0,0.3702564102564103,0.3471641747290061,$5 for sure,80% chance of -$25; 20% chance of $88,5.0,-2.3999999999999986,0.0,45.2,5.0,-25.0,5.0,88.0,1,2,A
4938,4018,False,32,1,29,1.0,29,40,0.75,21,1,4,False,0,0.53125,0.3316016848861821,$29 for sure,25% chance of $21; 9.375% chance of $38.5; 28.125% chance of $39.5; 28.125% chance of $40.5; 9.375% chance of $41.5,29.0,35.25,0.0,8.261355820929152,29.0,21.0,29.0,41.5,1,5,B
4942,4021,False,16,1,3,1.0,3,96,0.1,-4,0,1,False,0,0.3375000000000001,0.307408522978788,$3 for sure,90% chance of -$4; 10% chance of $96,3.0,6.000000000000002,0.0,30.0,3.0,-4.0,3.0,96.0,1,2,A
4944,4022,False,15,1,7,1.0,7,39,0.1,13,0,1,False,0,0.8266666666666665,0.2814926202195987,$7 for sure,90% chance of $13; 10% chance of $39,7.0,15.600000000000001,0.0,7.8,7.0,13.0,7.0,39.0,1,2,B
4946,4023,False,16,1,25,1.0,25,43,0.5,5,1,6,False,0,0.4625,0.3844910055298216,$25 for sure,50% chance of $5; 1.562% chance of $40.5; 7.812% chance of $41.5; 15.625% chance of $42.5; 15.625% chance of $43.5; 7.812% chance of $44.5; 1.562% chance of $45.5,25.0,24.0,0.0,19.016440255736615,25.0,5.0,25.0,45.5,1,7,A
4951,4027,False,16,1,25,1.0,25,57,0.01,23,2,6,False,0,0.6375000000000002,0.3364025366531392,$25 for sure,99% chance of $23; 0.5% chance of $52; 0.25% chance of $54; 0.125% chance of $58; 0.062% chance of $66; 0.031% chance of $82; 0.031% chance of $114,25.0,23.340000000000018,0.0,3.585303334447541,25.0,23.0,25.0,114.0,1,7,B
4956,4031,False,16,1,5,0.75,-15,33,0.4,-12,0,1,False,-1,0.4875,0.399791612384919,75% chance of $5; 25% chance of -$15,60% chance of -$12; 40% chance of $33,0.0,6.000000000000002,8.660254037844387,22.045407685048602,-15.0,-12.0,5.0,33.0,2,2,A
4964,4038,False,16,1,3,1.0,3,7,0.5,-15,1,6,False,0,0.225,0.3,$3 for sure,50% chance of -$15; 1.562% chance of $4.5; 7.812% chance of $5.5; 15.625% chance of $6.5; 15.625% chance of $7.5; 7.812% chance of $8.5; 1.562% chance of $9.5,3.0,-4.0,0.0,11.028372500056388,3.0,-15.0,3.0,9.5,1,7,A
4967,4040,False,16,1,22,0.1,12,13,1.0,13,1,4,False,0,0.45,0.4163331998932265,10% chance of $22; 90% chance of $12,12.5% chance of $11.5; 37.5% chance of $12.5; 37.5% chance of $13.5; 12.5% chance of $14.5,13.0,13.0,3.0,0.8660254037844386,12.0,11.5,22.0,14.5,2,4,A
4992,4063,False,16,1,28,0.6,-32,10,0.1,1,2,5,False,0,0.725,0.3087609647175843,60% chance of $28; 40% chance of -$32,90% chance of $1; 5% chance of $6; 2.5% chance of $8; 1.25% chance of $12; 0.625% chance of $20; 0.625% chance of $36,4.0,1.899999999999998,29.393876913398138,3.618010503025098,-32.0,1.0,28.0,36.0,2,6,B
5000,4070,False,16,1,25,1.0,25,21,0.95,-9,0,1,False,0,0.25,0.2875181153713043,$25 for sure,5% chance of -$9; 95% chance of $21,25.0,19.5,0.0,6.538348415311013,25.0,-9.0,25.0,21.0,1,2,A
5003,4072,False,16,1,29,1.0,29,32,0.25,28,0,1,False,0,0.5625,0.4080441152620633,$29 for sure,75% chance of $28; 25% chance of $32,29.0,29.0,0.0,1.7320508075688772,29.0,28.0,29.0,32.0,1,2,B
5007,4075,False,16,1,19,1.0,19,16,0.95,12,2,3,False,0,0.2625,0.3480900266693469,$19 for sure,5% chance of $12; 47.5% chance of $14; 23.75% chance of $16; 23.75% chance of $20,19.0,15.8,0.0,2.541653005427767,19.0,12.0,19.0,20.0,1,4,A
5011,4079,False,16,1,-6,1.0,-6,-6,1.0,-6,3,2,False,0,0.5499999999999998,0.3687817782917155,-$6 for sure,50% chance of -$5; 50% chance of -$7,-6.0,-6.0,0.0,1.0,-6.0,-7.0,-6.0,-5.0,1,2,B
5013,4080,False,32,1,21,0.95,14,117,0.2,-2,0,1,False,0,0.4625,0.3348085635009182,95% chance of $21; 5% chance of $14,80% chance of -$2; 20% chance of $117,20.65,21.8,1.5256146302392364,47.6,14.0,-2.0,21.0,117.0,2,2,A
5017,4083,False,16,1,14,1.0,14,97,0.25,-21,1,4,False,0,0.4125,0.4161329915623931,$14 for sure,75% chance of -$21; 3.125% chance of $95.5; 9.375% chance of $96.5; 9.375% chance of $97.5; 3.125% chance of $98.5,14.0,8.5,0.0,51.09733358992424,14.0,-21.0,14.0,98.5,1,5,A
5026,4091,False,16,1,9,1.0,9,56,0.4,-18,1,4,False,0,0.4125,0.2872281323269014,$9 for sure,60% chance of -$18; 5% chance of $54.5; 15% chance of $55.5; 15% chance of $56.5; 5% chance of $57.5,9.0,11.600000000000003,0.0,36.25658560868632,9.0,-18.0,9.0,57.5,1,5,A
5030,4094,False,16,1,27,0.1,20,70,0.05,23,0,1,False,-1,0.7625000000000001,0.2753785273643051,10% chance of $27; 90% chance of $20,95% chance of $23; 5% chance of $70,20.7,25.349999999999998,2.1,10.243412517320584,20.0,23.0,27.0,70.0,2,2,B
5032,4096,False,16,1,30,0.99,3,81,0.4,-4,0,1,False,0,0.2375,0.2217355782608345,99% chance of $30; 1% chance of $3,60% chance of -$4; 40% chance of $81,29.73,30.0,2.6864660801878752,41.641325627314025,3.0,-4.0,30.0,81.0,2,2,A
5035,4098,False,16,1,47,0.5,-21,36,0.6,-2,2,4,False,0,0.6375000000000001,0.3283798613394758,50% chance of $47; 50% chance of -$21,40% chance of -$2; 30% chance of $33; 15% chance of $35; 7.5% chance of $39; 7.5% chance of $47,13.0,20.800000000000004,34.0,18.951517089668574,-21.0,-2.0,47.0,47.0,2,5,B
5037,4099,False,16,1,-4,1.0,-4,14,0.5,-9,1,2,False,0,0.7000000000000001,0.2921186973360886,-$4 for sure,50% chance of -$9; 25% chance of $13.5; 25% chance of $14.5,-4.0,2.5,0.0,11.505433499003852,-4.0,-9.0,-4.0,14.5,1,3,B
5039,4101,False,16,1,11,1.0,11,78,0.1,7,1,6,False,0,0.6375000000000001,0.3117156824201609,$11 for sure,90% chance of $7; 0.312% chance of $75.5; 1.562% chance of $76.5; 3.125% chance of $77.5; 3.125% chance of $78.5; 1.562% chance of $79.5; 0.312% chance of $80.5,11.0,14.1,0.0,21.302934070216715,11.0,7.0,11.0,80.5,1,7,B
5042,4103,False,15,1,-3,0.99,-25,19,0.4,2,0,1,False,1,0.9866666666666668,0.0516397779494322,99% chance of -$3; 1% chance of -$25,60% chance of $2; 40% chance of $19,-3.2199999999999998,8.8,2.188972361634565,8.328265125462805,-25.0,2.0,-3.0,19.0,2,2,B
5045,4105,False,16,1,10,0.95,-5,76,0.25,-13,0,1,False,0,0.425,0.3714835124201341,95% chance of $10; 5% chance of -$5,75% chance of -$13; 25% chance of $76,9.25,9.25,3.2691742076555066,38.53813046840752,-5.0,-13.0,10.0,76.0,2,2,A
5050,4109,False,16,1,20,1.0,20,47,0.6,-13,1,6,False,0,0.3875000000000001,0.3685557397915997,$20 for sure,40% chance of -$13; 1.875% chance of $44.5; 9.375% chance of $45.5; 18.75% chance of $46.5; 18.75% chance of $47.5; 9.375% chance of $48.5; 1.875% chance of $49.5,20.0,23.0,0.0,29.406631905065222,20.0,-13.0,20.0,49.5,1,7,A
5053,4111,False,16,1,5,1.0,5,65,0.25,-7,2,7,False,0,0.5249999999999999,0.3991657967979387,$5 for sure,75% chance of -$7; 12.5% chance of $59; 6.25% chance of $61; 3.125% chance of $65; 1.562% chance of $73; 0.781% chance of $89; 0.391% chance of $121; 0.391% chance of $185,5.0,11.0,0.0,32.42684073418192,5.0,-7.0,5.0,185.0,1,8,B
5055,4112,False,16,1,62,0.25,-2,14,1.0,14,0,1,False,0,0.5375000000000001,0.370360185045135,25% chance of $62; 75% chance of -$2,$14 for sure,14.0,14.0,27.712812921102035,0.0,-2.0,14.0,62.0,14.0,2,1,B
5058,4114,False,16,1,13,1.0,13,14,0.8,9,0,1,False,0,0.45,0.4226897995772629,$13 for sure,20% chance of $9; 80% chance of $14,13.0,13.0,0.0,1.9999999999999998,13.0,9.0,13.0,14.0,1,2,A
5059,4115,False,16,1,82,0.4,-30,8,0.95,1,2,5,False,0,0.7375000000000002,0.3159641329855864,40% chance of $82; 60% chance of -$30,5% chance of $1; 47.5% chance of $4; 23.75% chance of $6; 11.875% chance of $10; 5.938% chance of $18; 5.938% chance of $34,14.800000000000004,7.650000000000002,54.86857023834318,7.578093427769287,-30.0,1.0,82.0,34.0,2,6,B
5063,4118,False,16,1,17,1.0,17,54,0.5,-20,0,1,False,0,0.4625,0.3774917217635375,$17 for sure,50% chance of -$20; 50% chance of $54,17.0,17.0,0.0,37.0,17.0,-20.0,17.0,54.0,1,2,A
5065,4119,False,16,1,24,1.0,24,28,0.99,7,1,2,False,0,0.625,0.3492849839314596,$24 for sure,1% chance of $7; 49.5% chance of $27.5; 49.5% chance of $28.5,24.0,27.79,0.0,2.1478826783602507,24.0,7.0,24.0,28.5,1,3,B
5068,4121,False,16,1,11,1.0,11,26,0.5,-7,2,7,False,0,0.3375000000000001,0.307408522978788,$11 for sure,50% chance of -$7; 25% chance of $20; 12.5% chance of $22; 6.25% chance of $26; 3.125% chance of $34; 1.562% chance of $50; 0.781% chance of $82; 0.781% chance of $146,11.0,9.5,0.0,20.766559657295186,11.0,-7.0,11.0,146.0,1,8,A
5075,4127,False,16,1,53,0.6,-12,95,0.01,26,1,2,False,0,0.7000000000000001,0.3651483716701106,60% chance of $53; 40% chance of -$12,99% chance of $26; 0.5% chance of $94.5; 0.5% chance of $95.5,26.999999999999996,26.689999999999998,31.843366656181317,6.8655953856894305,-12.0,26.0,53.0,95.5,2,3,B
5080,4131,False,16,1,20,1.0,20,14,0.25,8,1,6,False,0,0.2125,0.3052321520853704,$20 for sure,75% chance of $8; 0.781% chance of $11.5; 3.906% chance of $12.5; 7.812% chance of $13.5; 7.812% chance of $14.5; 3.906% chance of $15.5; 0.781% chance of $16.5,20.0,9.5,0.0,2.6575364531836625,20.0,8.0,20.0,16.5,1,7,A
5082,4132,False,16,1,23,0.1,-11,2,0.05,-7,2,2,False,0,0.1625,0.1962141687034858,10% chance of $23; 90% chance of -$11,95% chance of -$7; 2.5% chance of $1; 2.5% chance of $3,-7.6,-6.549999999999999,10.200000000000001,1.9742087022399648,-11.0,-7.0,23.0,3.0,2,3,A
5089,4137,False,16,1,-5,1.0,-5,46,0.1,-9,3,3,False,0,0.625,0.3642343567906062,-$5 for sure,90% chance of -$9; 5% chance of $48; 2.5% chance of $46; 2.5% chance of $42,-5.0,-3.500000000000001,0.0,16.518171811674556,-5.0,-9.0,-5.0,48.0,1,4,B
5092,4139,False,17,1,-1,1.0,-1,4,0.99,1,0,1,False,0,0.7999999999999999,0.3082207001484488,-$1 for sure,1% chance of $1; 99% chance of $4,-1.0,3.9699999999999998,0.0,0.29849623113198614,-1.0,1.0,-1.0,4.0,1,2,B
5095,4141,False,17,1,25,0.75,-23,61,0.01,16,0,1,False,0,0.8705882352941177,0.1992633492465214,75% chance of $25; 25% chance of -$23,99% chance of $16; 1% chance of $61,13.0,16.45,20.784609690826528,4.47744346697979,-23.0,16.0,25.0,61.0,2,2,B
5097,4142,False,16,1,22,1.0,22,30,0.75,19,0,1,False,0,0.675,0.3855731664245668,$22 for sure,25% chance of $19; 75% chance of $30,22.0,27.25,0.0,4.763139720814412,22.0,19.0,22.0,30.0,1,2,B
5102,4145,False,17,1,-3,1.0,-3,2,0.05,-12,1,6,False,0,0.5320261437908497,0.411221500812608,-$3 for sure,95% chance of -$12; 0.156% chance of -$0.5; 0.781% chance of $0.5; 1.562% chance of $1.5; 1.562% chance of $2.5; 0.781% chance of $3.5; 0.156% chance of $4.5,-3.0,-11.299999999999997,0.0,3.0614539029683265,-3.0,-12.0,-3.0,4.5,1,7,B
5105,4147,False,16,1,14,0.6,-24,-1,0.8,-9,0,1,False,0,0.2375,0.3364025366531392,60% chance of $14; 40% chance of -$24,20% chance of -$9; 80% chance of -$1,-1.200000000000001,-2.5999999999999996,18.616122045152153,3.1999999999999997,-24.0,-9.0,14.0,-1.0,2,2,A
5107,4148,False,17,1,59,0.05,3,33,0.25,-3,0,1,False,0,0.2588235294117647,0.2623423896585619,5% chance of $59; 95% chance of $3,75% chance of -$3; 25% chance of $33,5.8,6.0,12.204917041913887,15.588457268119896,3.0,-3.0,59.0,33.0,2,2,A
5109,4149,False,15,1,29,0.4,11,27,0.8,9,3,5,False,0,0.5599999999999999,0.3942443042436649,40% chance of $29; 60% chance of $11,20% chance of $9; 40% chance of $31; 20% chance of $29; 10% chance of $25; 5% chance of $17; 5% chance of $1,18.200000000000003,23.400000000000002,8.818163074019441,9.911609354691091,11.0,1.0,29.0,31.0,2,6,B
5112,4151,False,15,1,6,1.0,6,4,0.99,-33,3,4,False,0,0.1866666666666666,0.2972893411828826,$6 for sure,1% chance of -$33; 49.5% chance of $7; 24.75% chance of $5; 12.375% chance of $1; 12.375% chance of -$7,6.0,3.63,0.0,5.860298627203226,6.0,-33.0,6.0,7.0,1,5,A
5113,4152,False,15,1,-1,1.0,-1,23,0.1,-3,0,1,False,0,0.6133333333333333,0.4307247491424304,-$1 for sure,90% chance of -$3; 10% chance of $23,-1.0,-0.3999999999999999,0.0,7.8,-1.0,-3.0,-1.0,23.0,1,2,B
5114,4153,False,16,1,22,1.0,22,67,0.4,-1,0,1,False,0,0.425,0.3568379650952703,$22 for sure,60% chance of -$1; 40% chance of $67,22.0,26.2,0.0,33.31306050185122,22.0,-1.0,22.0,67.0,1,2,A
5117,4155,False,16,1,26,0.1,10,77,0.1,13,0,1,False,0,0.8625,0.202895703913776,10% chance of $26; 90% chance of $10,90% chance of $13; 10% chance of $77,11.6,19.400000000000002,4.800000000000001,19.2,10.0,13.0,26.0,77.0,2,2,B
5125,4161,False,15,1,73,0.5,-23,49,0.75,-39,0,1,False,0,0.2533333333333333,0.3335237551331168,50% chance of $73; 50% chance of -$23,25% chance of -$39; 75% chance of $49,25.0,27.0,48.0,38.1051177665153,-23.0,-39.0,73.0,49.0,2,2,A
5129,4164,False,15,1,17,1.0,17,27,0.1,8,3,2,False,0,0.4266666666666667,0.4199773236508757,$17 for sure,90% chance of $8; 5% chance of $28; 5% chance of $26,17.0,9.899999999999997,0.0,5.708765190476831,17.0,8.0,17.0,28.0,1,3,A
5134,4168,False,16,1,5,1.0,5,54,0.2,-16,0,1,False,0,0.1625,0.311715682420161,$5 for sure,80% chance of -$16; 20% chance of $54,5.0,-2.0,0.0,28.0,5.0,-16.0,5.0,54.0,1,2,A
5136,4169,False,16,1,53,0.6,-9,16,0.1,16,0,1,False,0,0.475,0.3785938897200182,60% chance of $53; 40% chance of -$9,90% chance of $16; 10% chance of $16,28.199999999999996,16.0,30.373672810511408,0.0,-9.0,16.0,53.0,16.0,2,2,A
5139,4171,False,16,1,-9,1.0,-9,84,0.25,-41,0,1,False,0,0.45,0.3687817782917156,-$9 for sure,75% chance of -$41; 25% chance of $84,-9.0,-9.75,0.0,54.12658773652741,-9.0,-41.0,-9.0,84.0,1,2,A
5146,4177,False,16,1,14,1.0,14,68,0.01,15,3,4,False,0,0.7875,0.3304037933599835,$14 for sure,99% chance of $15; 0.5% chance of $71; 0.25% chance of $69; 0.125% chance of $65; 0.125% chance of $57,14.0,15.530000000000006,0.0,5.293307094813239,14.0,15.0,14.0,71.0,1,5,B
5147,4178,False,16,1,84,0.5,-40,19,0.75,6,0,1,False,0,0.6395833333333333,0.4218510795687659,50% chance of $84; 50% chance of -$40,25% chance of $6; 75% chance of $19,22.0,15.75,62.0,5.629165124598851,-40.0,6.0,84.0,19.0,2,2,B
5149,4179,False,32,1,70,0.6,-43,108,0.25,-15,3,2,False,0,0.4812500000000001,0.3207224707216606,60% chance of $70; 40% chance of -$43,75% chance of -$15; 12.5% chance of $109; 12.5% chance of $107,24.8,15.75,55.35846818689983,53.26290923334924,-43.0,-15.0,70.0,109.0,2,3,A
5154,4182,False,16,1,11,1.0,11,21,0.75,-7,0,1,False,0,0.4125,0.3612478373637689,$11 for sure,25% chance of -$7; 75% chance of $21,11.0,14.0,0.0,12.12435565298214,11.0,-7.0,11.0,21.0,1,2,A
5156,4183,False,16,1,39,0.6,7,76,0.5,-9,0,1,False,0,0.4500000000000001,0.3829708431025353,60% chance of $39; 40% chance of $7,50% chance of -$9; 50% chance of $76,26.2,33.5,15.67673435381234,42.5,7.0,-9.0,39.0,76.0,2,2,A
5158,4184,False,16,1,-5,1.0,-5,8,0.5,-1,0,1,False,0,0.9000000000000001,0.1932183566158591,-$5 for sure,50% chance of -$1; 50% chance of $8,-5.0,3.5,0.0,4.5,-5.0,-1.0,-5.0,8.0,1,2,B
5159,4185,False,16,1,16,0.2,11,22,0.01,16,2,2,False,0,0.8875000000000001,0.2187083293643233,20% chance of $16; 80% chance of $11,99% chance of $16; 0.5% chance of $21; 0.5% chance of $23,12.0,16.060000000000002,2.0,0.6053098380168646,11.0,16.0,16.0,23.0,2,3,B
5161,4186,False,31,1,67,0.1,11,78,0.5,-41,2,7,False,0,0.4322580645161289,0.358131350926066,10% chance of $67; 90% chance of $11,50% chance of -$41; 25% chance of $72; 12.5% chance of $74; 6.25% chance of $78; 3.125% chance of $86; 1.562% chance of $102; 0.781% chance of $134; 0.781% chance of $198,16.6,18.5,16.8,60.82146002851296,11.0,-41.0,67.0,198.0,2,8,A
5167,4190,False,16,1,5,1.0,5,106,0.05,-1,3,6,False,0,0.5750000000000001,0.3924283374069717,$5 for sure,95% chance of -$1; 2.5% chance of $111; 1.25% chance of $109; 0.625% chance of $105; 0.312% chance of $97; 0.156% chance of $81; 0.156% chance of $49,5.0,4.350000000000004,0.0,23.470779705838492,5.0,-1.0,5.0,111.0,1,7,B
5169,4192,False,16,1,24,0.6,-41,-2,1.0,-2,0,1,False,0,0.375,0.3172801075810878,60% chance of $24; 40% chance of -$41,-$2 for sure,-2.0000000000000036,-2.0,31.843366656181317,0.0,-41.0,-2.0,24.0,-2.0,2,1,A
5181,4201,False,16,1,-9,1.0,-9,15,0.05,-10,0,1,False,0,0.7125,0.3422961680572347,-$9 for sure,95% chance of -$10; 5% chance of $15,-9.0,-8.75,0.0,5.448623679425842,-9.0,-10.0,-9.0,15.0,1,2,B
5185,4204,False,17,1,8,1.0,8,14,0.8,-36,3,5,False,0,0.4588235294117648,0.3373774287230323,$8 for sure,20% chance of -$36; 40% chance of $18; 20% chance of $16; 10% chance of $12; 5% chance of $4; 5% chance of -$12,8.0,4.0000000000000036,0.0,21.128180233990808,8.0,-36.0,8.0,18.0,1,6,A
5187,4205,False,17,1,17,1.0,17,24,0.75,-15,0,1,False,0,0.3647058823529412,0.3690209622612721,$17 for sure,25% chance of -$15; 75% chance of $24,17.0,14.25,0.0,16.887495373796554,17.0,-15.0,17.0,24.0,1,2,A
5190,4207,False,17,1,30,1.0,30,61,0.01,32,1,2,False,0,0.8352941176470586,0.2572478777137633,$30 for sure,99% chance of $32; 0.5% chance of $60.5; 0.5% chance of $61.5,30.0,32.29,0.0,2.8858967410494785,30.0,32.0,30.0,61.5,1,3,B
5194,4210,False,17,1,9,1.0,9,62,0.01,21,0,1,False,0,0.823529411764706,0.3152963125472329,$9 for sure,99% chance of $21; 1% chance of $62,9.0,21.41,0.0,4.079448492137142,9.0,21.0,9.0,62.0,1,2,B
5198,4213,False,15,1,-3,0.9,-23,-4,0.9,-22,2,4,False,-1,0.4414814814814815,0.4075882234632616,90% chance of -$3; 10% chance of -$23,10% chance of -$22; 45% chance of -$7; 22.5% chance of -$5; 11.25% chance of -$1; 11.25% chance of $7,-5.0,-5.8,5.999999999999999,6.932532004974804,-23.0,-22.0,-3.0,7.0,2,5,A
5200,4214,False,16,1,26,1.0,26,53,0.25,20,0,1,False,0,0.7875,0.3537890143385838,$26 for sure,75% chance of $20; 25% chance of $53,26.0,28.25,0.0,14.289419162443238,26.0,20.0,26.0,53.0,1,2,B
5205,4217,False,16,1,5,1.0,5,69,0.01,-3,1,8,False,0,0.3625,0.4333974311568232,$5 for sure,99% chance of -$3; 0.008% chance of $65.5; 0.055% chance of $66.5; 0.164% chance of $67.5; 0.273% chance of $68.5; 0.273% chance of $69.5; 0.164% chance of $70.5; 0.055% chance of $71.5; 0.008% chance of $72.5,5.0,-2.28,0.0,7.165130843187723,5.0,-3.0,5.0,72.5,1,9,A
5213,4223,False,16,1,0,1.0,0,6,0.05,-1,1,4,False,0,0.5375,0.4364630568559039,$0 for sure,95% chance of -$1; 0.625% chance of $4.5; 1.875% chance of $5.5; 1.875% chance of $6.5; 0.625% chance of $7.5,0.0,-0.6499999999999999,0.0,1.5378556499229699,0.0,-1.0,0.0,7.5,1,5,B
5216,4225,False,16,1,-8,0.99,-18,7,0.75,-23,0,1,False,1,0.7625000000000001,0.3030401513551189,99% chance of -$8; 1% chance of -$18,25% chance of -$23; 75% chance of $7,-8.1,-0.5,0.9949874371066204,12.99038105676658,-18.0,-23.0,-8.0,7.0,2,2,B
5222,4230,False,16,1,48,0.2,17,24,0.8,-24,0,1,False,-1,0.3125000000000001,0.3422961680572347,20% chance of $48; 80% chance of $17,20% chance of -$24; 80% chance of $24,23.200000000000003,14.400000000000004,12.4,19.2,17.0,-24.0,48.0,24.0,2,2,A
5224,4231,False,16,1,6,0.25,-2,0,1.0,0,1,8,False,0,0.475,0.4312771730569565,25% chance of $6; 75% chance of -$2,0.781% chance of -$3.5; 5.469% chance of -$2.5; 16.406% chance of -$1.5; 27.344% chance of -$0.5; 27.344% chance of $0.5; 16.406% chance of $1.5; 5.469% chance of $2.5; 0.781% chance of $3.5,0.0,0.0,3.4641016151377544,1.3228756555322954,-2.0,-3.5,6.0,3.5,2,8,A
5226,4232,False,16,1,70,0.05,-12,21,0.25,-20,2,2,False,0,0.6375000000000001,0.4014556845614055,5% chance of $70; 95% chance of -$12,75% chance of -$20; 12.5% chance of $20; 12.5% chance of $22,-7.899999999999999,-9.75,17.871485668516765,17.760560238911385,-12.0,-20.0,70.0,22.0,2,3,B
5231,4236,False,16,1,-2,1.0,-2,2,0.6,-24,1,2,False,0,0.5249999999999999,0.3991657967979387,-$2 for sure,40% chance of -$24; 30% chance of $1.5; 30% chance of $2.5,-2.0,-8.400000000000002,0.0,12.74323349860623,-2.0,-24.0,-2.0,2.5,1,3,B
5233,4237,False,16,1,3,1.0,3,36,0.4,-16,0,1,False,0,0.175,0.2175622516277429,$3 for sure,60% chance of -$16; 40% chance of $36,3.0,4.800000000000001,0.0,25.474693324945054,3.0,-16.0,3.0,36.0,1,2,A
5235,4238,False,15,1,18,1.0,18,44,0.1,12,1,6,False,0,0.4933333333333334,0.4589843860815602,$18 for sure,90% chance of $12; 0.312% chance of $41.5; 1.562% chance of $42.5; 3.125% chance of $43.5; 3.125% chance of $44.5; 1.562% chance of $45.5; 0.312% chance of $46.5,18.0,15.2,0.0,9.606508210583073,18.0,12.0,18.0,46.5,1,7,A
5243,4245,False,15,1,27,1.0,27,34,0.9,-20,0,1,False,0,0.4133333333333333,0.3888934240098375,$27 for sure,10% chance of -$20; 90% chance of $34,27.0,28.6,0.0,16.2,27.0,-20.0,27.0,34.0,1,2,A
5244,4246,False,15,1,13,1.0,13,50,0.25,1,1,8,False,0,0.5333333333333333,0.4117326918327103,$13 for sure,75% chance of $1; 0.195% chance of $46.5; 1.367% chance of $47.5; 4.102% chance of $48.5; 6.836% chance of $49.5; 6.836% chance of $50.5; 4.102% chance of $51.5; 1.367% chance of $52.5; 0.195% chance of $53.5,13.0,13.25,0.0,21.22792971535378,13.0,1.0,13.0,53.5,1,9,B
5251,4252,False,15,1,30,1.0,30,54,0.75,-37,0,1,False,0,0.2933333333333333,0.2914659173083209,$30 for sure,25% chance of -$37; 75% chance of $54,30.0,31.25,0.0,39.40415587219196,30.0,-37.0,30.0,54.0,1,2,A
5257,4258,False,15,1,58,0.5,-12,23,1.0,23,0,1,False,0,0.5866666666666667,0.341983012666391,50% chance of $58; 50% chance of -$12,$23 for sure,23.0,23.0,35.0,0.0,-12.0,23.0,58.0,23.0,2,1,B
5259,4260,False,17,1,10,1.0,10,52,0.6,-39,0,1,False,0,0.5058823529411764,0.3944467458277704,$10 for sure,40% chance of -$39; 60% chance of $52,10.0,15.599999999999998,0.0,44.58071331865384,10.0,-39.0,10.0,52.0,1,2,B
5262,4262,False,17,1,34,0.2,-16,3,0.95,-5,1,6,False,0,0.5411764705882354,0.392203428607865,20% chance of $34; 80% chance of -$16,5% chance of -$5; 2.969% chance of $0.5; 14.844% chance of $1.5; 29.688% chance of $2.5; 29.688% chance of $3.5; 14.844% chance of $4.5; 2.969% chance of $5.5,-6.0,2.5999999999999996,20.0,2.0560885194952094,-16.0,-5.0,34.0,5.5,2,7,B
5267,4266,False,17,1,14,0.1,4,34,0.6,-19,0,1,False,0,0.2941176470588235,0.3749509771878421,10% chance of $14; 90% chance of $4,40% chance of -$19; 60% chance of $34,5.0,12.799999999999997,3.0,25.964591273501686,4.0,-19.0,14.0,34.0,2,2,A
5270,4268,False,16,1,-4,0.95,-17,-2,0.1,-7,0,1,False,1,0.575,0.405791407827552,95% chance of -$4; 5% chance of -$17,90% chance of -$7; 10% chance of -$2,-4.65,-6.5,2.833284313301439,1.5,-17.0,-7.0,-4.0,-2.0,2,2,B
5271,4269,False,16,1,70,0.05,8,32,0.75,-25,1,6,False,0,0.2750000000000001,0.3,5% chance of $70; 95% chance of $8,25% chance of -$25; 2.344% chance of $29.5; 11.719% chance of $30.5; 23.438% chance of $31.5; 23.438% chance of $32.5; 11.719% chance of $33.5; 2.344% chance of $34.5,11.1,17.75,13.512586724976089,24.700708491863143,8.0,-25.0,70.0,34.5,2,7,A
5273,4270,False,16,1,3,1.0,3,13,0.75,-17,0,1,False,0,0.625,0.3492849839314596,$3 for sure,25% chance of -$17; 75% chance of $13,3.0,5.5,0.0,12.99038105676658,3.0,-17.0,3.0,13.0,1,2,B
5292,4288,False,16,1,8,1.0,8,100,0.1,0,0,1,False,0,0.4625,0.4047633053197058,$8 for sure,90% chance of $0; 10% chance of $100,8.0,10.0,0.0,30.0,8.0,0.0,8.0,100.0,1,2,A
5295,4290,False,16,1,2,1.0,2,6,0.5,2,1,2,False,0,0.8000000000000002,0.3265986323710904,$2 for sure,50% chance of $2; 25% chance of $5.5; 25% chance of $6.5,2.0,4.0,0.0,2.03100960115899,2.0,2.0,2.0,6.5,1,3,B
5318,4313,False,15,1,64,0.1,24,84,0.05,24,1,6,False,1,0.6266666666666667,0.4061433010064071,10% chance of $64; 90% chance of $24,95% chance of $24; 0.156% chance of $81.5; 0.781% chance of $82.5; 1.562% chance of $83.5; 1.562% chance of $84.5; 0.781% chance of $85.5; 0.156% chance of $86.5,28.0,27.0,12.0,13.079086359528329,24.0,24.0,64.0,86.5,2,7,B
5330,4322,False,15,1,28,0.2,19,36,0.4,14,0,1,False,0,0.6666666666666666,0.3436498771936898,20% chance of $28; 80% chance of $19,60% chance of $14; 40% chance of $36,20.8,22.8,3.6,10.777754868245983,19.0,14.0,28.0,36.0,2,2,B
5332,4323,False,16,1,13,1.0,13,35,0.6,-8,1,6,False,0,0.5249999999999999,0.3785938897200182,$13 for sure,40% chance of -$8; 1.875% chance of $32.5; 9.375% chance of $33.5; 18.75% chance of $34.5; 18.75% chance of $35.5; 9.375% chance of $36.5; 1.875% chance of $37.5,13.0,17.8,0.0,21.08340579697692,13.0,-8.0,13.0,37.5,1,7,B
5334,4324,False,15,1,9,1.0,9,83,0.2,-20,0,1,False,0,0.3466666666666667,0.4564876256602717,$9 for sure,80% chance of -$20; 20% chance of $83,9.0,0.6000000000000014,0.0,41.2,9.0,-20.0,9.0,83.0,1,2,A
5336,4325,False,16,1,99,0.2,4,31,0.2,16,0,1,False,0,0.625,0.3714835124201342,20% chance of $99; 80% chance of $4,80% chance of $16; 20% chance of $31,23.0,19.0,38.0,6.0,4.0,16.0,99.0,31.0,2,2,B
5343,4330,False,16,1,19,1.0,19,81,0.25,6,3,6,False,0,0.5875,0.3827531841800928,$19 for sure,75% chance of $6; 12.5% chance of $86; 6.25% chance of $84; 3.125% chance of $80; 1.562% chance of $72; 0.781% chance of $56; 0.781% chance of $24,19.0,24.75,0.0,33.01420148966199,19.0,6.0,19.0,86.0,1,7,B
5345,4331,False,15,1,24,1.0,24,46,0.5,14,0,1,False,0,0.3866666666666667,0.3335237551331168,$24 for sure,50% chance of $14; 50% chance of $46,24.0,30.0,0.0,16.0,24.0,14.0,24.0,46.0,1,2,A
5348,4333,False,15,1,3,1.0,3,12,0.6,-2,3,3,False,0,0.5958974358974359,0.3706687505389305,$3 for sure,40% chance of -$2; 30% chance of $14; 15% chance of $12; 15% chance of $8,3.0,6.4,0.0,7.116178749862879,3.0,-2.0,3.0,14.0,1,4,B
5352,4335,False,15,1,55,0.05,10,44,0.1,15,0,1,False,0,0.7066666666666667,0.376955220278534,5% chance of $55; 95% chance of $10,90% chance of $15; 10% chance of $44,12.25,17.9,9.807522622966516,8.7,10.0,15.0,55.0,44.0,2,2,B
5354,4336,False,16,1,9,1.0,9,40,0.4,-6,3,3,False,0,0.425,0.3336665001664586,$9 for sure,60% chance of -$6; 20% chance of $42; 10% chance of $40; 10% chance of $36,9.0,12.399999999999999,0.0,22.588492645592797,9.0,-6.0,9.0,42.0,1,4,A
5360,4341,False,15,1,21,0.25,-20,3,0.6,-8,1,8,False,0,0.7866666666666666,0.2199567056967174,25% chance of $21; 75% chance of -$20,40% chance of -$8; 0.469% chance of -$0.5; 3.281% chance of $0.5; 9.844% chance of $1.5; 16.406% chance of $2.5; 16.406% chance of $3.5; 9.844% chance of $4.5; 3.281% chance of $5.5; 0.469% chance of $6.5,-9.75,-1.4000000000000001,17.75352077758099,5.485435260760991,-20.0,-8.0,21.0,6.5,2,9,B
5362,4342,False,31,1,15,0.25,15,94,0.01,12,2,3,False,0,0.5290322580645159,0.3743381255737445,25% chance of $15; 75% chance of $15,99% chance of $12; 0.5% chance of $92; 0.25% chance of $94; 0.25% chance of $98,15.0,12.820000000000007,0.0,8.162573123715378,15.0,12.0,15.0,98.0,2,4,B
5364,4344,False,16,1,31,0.4,-4,21,0.2,8,1,4,False,0,0.6875000000000001,0.3422961680572347,40% chance of $31; 60% chance of -$4,80% chance of $8; 2.5% chance of $19.5; 7.5% chance of $20.5; 7.5% chance of $21.5; 2.5% chance of $22.5,10.0,10.600000000000001,17.146428199482248,5.214403129793476,-4.0,8.0,31.0,22.5,2,5,B
5370,4348,False,15,1,9,1.0,9,33,0.4,-5,0,1,False,0,0.2833333333333333,0.3603900003897893,$9 for sure,60% chance of -$5; 40% chance of $33,9.0,10.200000000000001,0.0,18.616122045152153,9.0,-5.0,9.0,33.0,1,2,A
5372,4349,False,16,1,60,0.01,-11,-13,0.25,-14,2,6,False,0,0.3361111111111111,0.2777777777777778,1% chance of $60; 99% chance of -$11,75% chance of -$14; 12.5% chance of -$18; 6.25% chance of -$16; 3.125% chance of -$12; 1.562% chance of -$4; 0.781% chance of $12; 0.781% chance of $44,-10.290000000000001,-13.75,7.064410803457003,5.952940449895329,-11.0,-18.0,60.0,44.0,2,7,A
5374,4350,False,15,1,36,0.01,11,27,0.75,-17,0,1,False,0,0.4,0.3854496446637726,1% chance of $36; 99% chance of $11,25% chance of -$17; 75% chance of $27,11.25,16.0,2.48746859276655,19.05255888325765,11.0,-17.0,36.0,27.0,2,2,A
5379,4353,False,16,1,11,1.0,11,21,0.5,2,0,1,False,0,0.5625000000000001,0.3201562118716424,$11 for sure,50% chance of $2; 50% chance of $21,11.0,11.5,0.0,9.5,11.0,2.0,11.0,21.0,1,2,B
5384,4357,False,15,1,11,1.0,11,101,0.1,6,0,1,False,0,0.4933333333333333,0.4199773236508757,$11 for sure,90% chance of $6; 10% chance of $101,11.0,15.500000000000002,0.0,28.500000000000004,11.0,6.0,11.0,101.0,1,2,A
5391,4364,False,15,1,-3,1.0,-3,63,0.25,-22,0,1,False,0,0.64,0.2947153590452029,-$3 for sure,75% chance of -$22; 25% chance of $63,-3.0,-0.75,0.0,36.80607966083864,-3.0,-22.0,-3.0,63.0,1,2,B
5398,4369,False,16,1,11,1.0,11,37,0.6,-24,1,8,False,0,0.3375,0.4047633053197057,$11 for sure,40% chance of -$24; 0.469% chance of $33.5; 3.281% chance of $34.5; 9.844% chance of $35.5; 16.406% chance of $36.5; 16.406% chance of $37.5; 9.844% chance of $38.5; 3.281% chance of $39.5; 0.469% chance of $40.5,11.0,12.599999999999998,0.0,29.901337762715567,11.0,-24.0,11.0,40.5,1,9,A
5399,4370,False,15,1,-9,1.0,-9,32,0.25,-25,0,1,False,0,0.6666666666666665,0.3436498771936898,-$9 for sure,75% chance of -$25; 25% chance of $32,-9.0,-10.75,0.0,24.681724007856502,-9.0,-25.0,-9.0,32.0,1,2,B
5402,4372,False,16,1,7,1.0,7,6,0.2,-1,0,1,False,0,0.075,0.161245154965971,$7 for sure,80% chance of -$1; 20% chance of $6,7.0,0.40000000000000013,0.0,2.8,7.0,-1.0,7.0,6.0,1,2,A
5409,4378,False,16,1,73,0.01,-8,12,0.4,-15,2,5,False,1,0.6749999999999999,0.3568379650952702,1% chance of $73; 99% chance of -$8,60% chance of -$15; 20% chance of $8; 10% chance of $10; 5% chance of $14; 2.5% chance of $22; 2.5% chance of $38,-7.1899999999999995,-4.200000000000002,8.059398240563622,14.076931483814217,-8.0,-15.0,73.0,38.0,2,6,B
5412,4380,False,16,1,53,0.01,4,35,0.25,-11,0,1,False,0,0.2375,0.3442382895611701,1% chance of $53; 99% chance of $4,75% chance of -$11; 25% chance of $35,4.49,0.5,4.875438441822438,19.91858428704209,4.0,-11.0,53.0,35.0,2,2,A
5424,4389,False,15,1,15,1.0,15,82,0.2,5,0,1,False,0,0.4933333333333334,0.3453086955726647,$15 for sure,80% chance of $5; 20% chance of $82,15.0,20.400000000000002,0.0,30.8,15.0,5.0,15.0,82.0,1,2,A
5428,4392,False,15,1,13,1.0,13,26,0.8,-34,1,6,False,0,0.4933333333333334,0.384460041889302,$13 for sure,20% chance of -$34; 2.5% chance of $23.5; 12.5% chance of $24.5; 25% chance of $25.5; 25% chance of $26.5; 12.5% chance of $27.5; 2.5% chance of $28.5,13.0,14.000000000000002,0.0,24.020824298928627,13.0,-34.0,13.0,28.5,1,7,A
5430,4393,False,16,1,-7,1.0,-7,49,0.25,-20,3,2,False,0,0.6625,0.3324154027718932,-$7 for sure,75% chance of -$20; 12.5% chance of $50; 12.5% chance of $48,-7.0,-2.75,0.0,29.88205983529248,-7.0,-20.0,-7.0,50.0,1,3,B
5438,4399,False,16,1,16,0.9,6,42,0.4,-16,3,2,False,0,0.4125,0.3383784863137726,90% chance of $16; 10% chance of $6,60% chance of -$16; 20% chance of $43; 20% chance of $41,15.0,7.199999999999999,2.9999999999999996,28.421118908304788,6.0,-16.0,16.0,43.0,2,3,A
5440,4400,False,16,1,16,1.0,16,58,0.5,-17,1,8,False,0,0.4375,0.3030401513551188,$16 for sure,50% chance of -$17; 0.391% chance of $54.5; 2.734% chance of $55.5; 8.203% chance of $56.5; 13.672% chance of $57.5; 13.672% chance of $58.5; 8.203% chance of $59.5; 2.734% chance of $60.5; 0.391% chance of $61.5,16.0,20.5,0.0,37.51166485241624,16.0,-17.0,16.0,61.5,1,9,A
5444,4404,False,16,1,65,0.2,-23,-5,1.0,-5,0,1,False,0,0.4375000000000001,0.3947573094109004,20% chance of $65; 80% chance of -$23,-$5 for sure,-5.400000000000002,-5.0,35.2,0.0,-23.0,-5.0,65.0,-5.0,2,1,A
5446,4405,False,16,1,29,0.8,19,70,0.2,8,0,1,False,0,0.4124999999999999,0.3612478373637689,80% chance of $29; 20% chance of $19,80% chance of $8; 20% chance of $70,27.0,20.4,3.9999999999999996,24.8,19.0,8.0,29.0,70.0,2,2,A
5452,4410,False,16,1,68,0.05,15,55,0.25,-2,0,1,False,0,0.175,0.2294921930407801,5% chance of $68; 95% chance of $15,75% chance of -$2; 25% chance of $55,17.65,12.25,11.551082200382783,24.681724007856502,15.0,-2.0,68.0,55.0,2,2,A
5453,4411,False,16,1,5,1.0,5,12,0.1,7,0,1,False,0,0.675,0.2720294101747089,$5 for sure,90% chance of $7; 10% chance of $12,5.0,7.5,0.0,1.5,5.0,7.0,5.0,12.0,1,2,B
5459,4416,False,16,1,23,1.0,23,46,0.4,9,0,1,False,0,0.725,0.2816617356570348,$23 for sure,60% chance of $9; 40% chance of $46,23.0,23.8,0.0,18.126224096595518,23.0,9.0,23.0,46.0,1,2,B
5461,4417,False,16,1,105,0.25,-3,38,0.25,12,0,1,False,0,0.425,0.3568379650952703,25% chance of $105; 75% chance of -$3,75% chance of $12; 25% chance of $38,24.0,18.5,46.76537180435969,11.258330249197702,-3.0,12.0,105.0,38.0,2,2,A
5463,4418,False,16,1,44,0.5,-10,18,0.2,15,1,2,False,-1,0.5750000000000001,0.3568379650952703,50% chance of $44; 50% chance of -$10,80% chance of $15; 10% chance of $17.5; 10% chance of $18.5,17.0,15.6,27.0,1.2206555615733703,-10.0,15.0,44.0,18.5,2,3,B
5465,4420,False,16,1,-8,1.0,-8,-7,0.6,-8,0,1,False,0,0.7250000000000001,0.3924283374069717,-$8 for sure,40% chance of -$8; 60% chance of -$7,-8.0,-7.4,0.0,0.48989794855663565,-8.0,-8.0,-8.0,-7.0,1,2,B
5467,4421,False,16,1,117,0.05,-3,15,0.6,-14,2,2,False,1,0.5875,0.4096746676734275,5% chance of $117; 95% chance of -$3,40% chance of -$14; 30% chance of $14; 30% chance of $16,3.000000000000001,3.4000000000000004,26.153393661244042,14.228141129465929,-3.0,-14.0,117.0,16.0,2,3,B
5470,4424,False,15,1,19,0.5,-13,92,0.01,6,0,1,False,0,0.84,0.2164651077128664,50% chance of $19; 50% chance of -$13,99% chance of $6; 1% chance of $92,3.0,6.859999999999999,16.0,8.556891959116932,-13.0,6.0,19.0,92.0,2,2,B
5472,4425,False,15,1,-10,1.0,-10,40,0.05,-10,2,3,False,0,0.8533333333333335,0.2065591117977289,-$10 for sure,95% chance of -$10; 2.5% chance of $38; 1.25% chance of $40; 1.25% chance of $44,-10.0,-7.4999999999999964,0.0,10.91100362019921,-10.0,-10.0,-10.0,44.0,1,4,B
5474,4426,False,15,1,51,0.01,22,48,0.4,-6,0,1,False,0,0.2266666666666666,0.3283436063174123,1% chance of $51; 99% chance of $22,60% chance of -$6; 40% chance of $48,22.290000000000003,15.600000000000003,2.885463567609198,26.454489222058324,22.0,-6.0,51.0,48.0,2,2,A
5498,4450,False,15,1,1,1.0,1,13,0.5,-21,0,1,False,0,0.24,0.2848558532711889,$1 for sure,50% chance of -$21; 50% chance of $13,1.0,-4.0,0.0,17.0,1.0,-21.0,1.0,13.0,1,2,A
5501,4452,False,15,1,3,1.0,3,58,0.05,-8,0,1,False,0,0.16,0.2164651077128664,$3 for sure,95% chance of -$8; 5% chance of $58,3.0,-4.699999999999999,0.0,14.384366513684224,3.0,-8.0,3.0,58.0,1,2,A
5503,4454,False,16,1,5,0.9,-21,34,0.5,-15,2,5,False,0,0.6375000000000001,0.3947573094109004,90% chance of $5; 10% chance of -$21,50% chance of -$15; 25% chance of $30; 12.5% chance of $32; 6.25% chance of $36; 3.125% chance of $44; 3.125% chance of $60,2.4000000000000004,9.5,7.799999999999998,25.084855989221865,-21.0,-15.0,5.0,60.0,2,6,B
5505,4456,False,16,1,10,1.0,10,13,0.8,-9,0,1,False,0,0.2375,0.2848976424378879,$10 for sure,20% chance of -$9; 80% chance of $13,10.0,8.600000000000001,0.0,8.8,10.0,-9.0,10.0,13.0,1,2,A
5512,4461,False,16,1,5,1.0,5,6,0.8,-3,0,1,False,0,0.2,0.3265986323710904,$5 for sure,20% chance of -$3; 80% chance of $6,5.0,4.200000000000001,0.0,3.6,5.0,-3.0,5.0,6.0,1,2,A
5518,4467,False,16,1,50,0.1,20,43,0.75,-15,1,8,False,0,0.3,0.3651483716701107,10% chance of $50; 90% chance of $20,25% chance of -$15; 0.586% chance of $39.5; 4.102% chance of $40.5; 12.305% chance of $41.5; 20.508% chance of $42.5; 20.508% chance of $43.5; 12.305% chance of $44.5; 4.102% chance of $45.5; 0.586% chance of $46.5,23.0,28.5,9.0,25.14085320747886,20.0,-15.0,50.0,46.5,2,9,A
5521,4469,False,16,1,13,1.0,13,44,0.05,9,1,8,False,0,0.65,0.322490309931942,$13 for sure,95% chance of $9; 0.039% chance of $40.5; 0.273% chance of $41.5; 0.82% chance of $42.5; 1.367% chance of $43.5; 1.367% chance of $44.5; 0.82% chance of $45.5; 0.273% chance of $46.5; 0.039% chance of $47.5,13.0,10.75,0.0,7.633806389999683,13.0,9.0,13.0,47.5,1,9,B
5526,4473,False,32,1,44,0.2,-10,51,0.1,-9,0,1,False,0,0.4562499999999999,0.3909768576601517,20% chance of $44; 80% chance of -$10,90% chance of -$9; 10% chance of $51,0.8000000000000007,-2.999999999999999,21.6,18.0,-10.0,-9.0,44.0,51.0,2,2,A
5542,4486,False,15,1,28,1.0,28,46,0.75,-4,0,1,False,0,0.6533333333333334,0.3661901665736507,$28 for sure,25% chance of -$4; 75% chance of $46,28.0,33.5,0.0,21.650635094610966,28.0,-4.0,28.0,46.0,1,2,B
5544,4487,False,15,1,22,1.0,22,41,0.5,11,2,6,False,0,0.6666666666666665,0.3754362541795624,$22 for sure,50% chance of $11; 25% chance of $36; 12.5% chance of $38; 6.25% chance of $42; 3.125% chance of $50; 1.562% chance of $66; 1.562% chance of $98,22.0,26.0,0.0,17.190113437671084,22.0,11.0,22.0,98.0,1,7,B
5546,4488,False,15,1,8,1.0,8,10,0.75,-2,0,1,False,0,0.1866666666666666,0.3159264531651691,$8 for sure,25% chance of -$2; 75% chance of $10,8.0,7.0,0.0,5.196152422706632,8.0,-2.0,8.0,10.0,1,2,A
5547,4489,False,15,1,58,0.2,10,18,0.99,-2,0,1,False,1,0.3733333333333333,0.3534860406754147,20% chance of $58; 80% chance of $10,1% chance of -$2; 99% chance of $18,19.6,17.8,19.2,1.9899748742132408,10.0,-2.0,58.0,18.0,2,2,A
5549,4490,False,15,1,10,0.05,-4,10,0.6,-39,0,1,False,0,0.5733333333333334,0.4399134113934349,5% chance of $10; 95% chance of -$4,40% chance of -$39; 60% chance of $10,-3.3,-9.600000000000001,3.051229260478472,24.004999479275146,-4.0,-39.0,10.0,10.0,2,2,B
5551,4491,False,16,1,23,0.2,13,26,0.1,16,0,1,False,0,0.7375,0.3324154027718932,20% chance of $23; 80% chance of $13,90% chance of $16; 10% chance of $26,15.0,17.0,4.0,3.0,13.0,16.0,23.0,26.0,2,2,B
5553,4492,False,16,1,93,0.2,-7,61,0.5,-30,0,1,False,1,0.45,0.3540244812627134,20% chance of $93; 80% chance of -$7,50% chance of -$30; 50% chance of $61,13.0,15.5,40.0,45.5,-7.0,-30.0,93.0,61.0,2,2,A
5554,4493,False,16,1,5,0.9,-17,3,1.0,3,0,1,False,0,0.6875,0.3344149119482164,90% chance of $5; 10% chance of -$17,$3 for sure,2.8000000000000003,3.0,6.6,0.0,-17.0,3.0,5.0,3.0,2,1,B
5561,4498,False,15,1,14,1.0,14,8,0.75,7,0,1,False,0,0.2666666666666666,0.3598941643369749,$14 for sure,25% chance of $7; 75% chance of $8,14.0,7.75,0.0,0.4330127018922193,14.0,7.0,14.0,8.0,1,2,A
5564,4500,False,16,1,12,1.0,12,20,0.5,-4,0,1,False,0,0.275,0.2720294101747089,$12 for sure,50% chance of -$4; 50% chance of $20,12.0,8.0,0.0,12.0,12.0,-4.0,12.0,20.0,1,2,A
5570,4504,False,15,1,11,1.0,11,34,0.2,20,0,1,False,0,0.7200000000000001,0.3004758131459407,$11 for sure,80% chance of $20; 20% chance of $34,11.0,22.8,0.0,5.6,11.0,20.0,11.0,34.0,1,2,B
5573,4506,False,16,1,62,0.01,28,62,0.6,-29,0,1,False,0,0.175,0.2175622516277429,1% chance of $62; 99% chance of $28,40% chance of -$29; 60% chance of $62,28.34,25.599999999999994,3.3829572861625077,44.58071331865384,28.0,-29.0,62.0,62.0,2,2,A
5580,4512,False,16,1,29,0.75,18,89,0.5,-47,1,4,False,-1,0.2,0.2921186973360886,75% chance of $29; 25% chance of $18,50% chance of -$47; 6.25% chance of $87.5; 18.75% chance of $88.5; 18.75% chance of $89.5; 6.25% chance of $90.5,26.25,21.0,4.763139720814412,68.00275729703907,18.0,-47.0,29.0,90.5,2,5,A
5582,4514,False,16,1,12,1.0,12,28,0.4,1,0,1,False,0,0.4000000000000001,0.3011090610836324,$12 for sure,60% chance of $1; 40% chance of $28,12.0,11.8,0.0,13.227244611029162,12.0,1.0,12.0,28.0,1,2,A
5590,4520,False,16,1,3,1.0,3,7,0.8,-34,0,1,False,0,0.25,0.2780887148615228,$3 for sure,20% chance of -$34; 80% chance of $7,3.0,-1.1999999999999984,0.0,16.400000000000002,3.0,-34.0,3.0,7.0,1,2,A
5593,4522,False,15,1,15,0.8,5,13,1.0,13,1,2,False,0,0.52,0.360951124510943,80% chance of $15; 20% chance of $5,50% chance of $12.5; 50% chance of $13.5,13.0,13.0,3.9999999999999996,0.5,5.0,12.5,15.0,13.5,2,2,B
5597,4525,False,16,1,36,0.4,-1,36,0.75,-18,1,2,False,0,0.5375,0.2986078811194819,40% chance of $36; 60% chance of -$1,25% chance of -$18; 37.5% chance of $35.5; 37.5% chance of $36.5,13.8,22.5,18.126224096595518,23.3866949353687,-1.0,-18.0,36.0,36.5,2,3,B
5601,4527,False,16,1,16,1.0,16,104,0.05,2,3,7,False,0,0.4,0.3723797345005051,$16 for sure,95% chance of $2; 2.5% chance of $110; 1.25% chance of $108; 0.625% chance of $104; 0.312% chance of $96; 0.156% chance of $80; 0.078% chance of $48; 0.078% chance of -$16,16.0,7.099999999999997,0.0,22.585172126862346,16.0,-16.0,16.0,110.0,1,8,A
5604,4529,False,15,1,89,0.25,-42,7,0.2,-14,2,2,False,1,0.28,0.3098386676965933,25% chance of $89; 75% chance of -$42,80% chance of -$14; 10% chance of $6; 10% chance of $8,-9.25,-9.800000000000002,56.72466394788073,8.411896337925235,-42.0,-14.0,89.0,8.0,2,3,A
5606,4530,False,15,1,9,0.75,-18,-3,0.5,-8,1,6,False,0,0.2133333333333332,0.324844285041017,75% chance of $9; 25% chance of -$18,50% chance of -$8; 1.562% chance of -$5.5; 7.812% chance of -$4.5; 15.625% chance of -$3.5; 15.625% chance of -$2.5; 7.812% chance of -$1.5; 1.562% chance of -$0.5,2.25,-5.5,11.691342951089922,2.622022120425379,-18.0,-8.0,9.0,-0.5,2,7,A
5608,4531,False,15,1,9,1.0,9,14,0.25,12,0,1,False,0,0.88,0.2484236013632475,$9 for sure,75% chance of $12; 25% chance of $14,9.0,12.5,0.0,0.8660254037844386,9.0,12.0,9.0,14.0,1,2,B
5612,4535,False,15,1,28,1.0,28,42,0.75,-16,1,4,False,0,0.3095238095238095,0.3942615589564221,$28 for sure,25% chance of -$16; 9.375% chance of $40.5; 28.125% chance of $41.5; 28.125% chance of $42.5; 9.375% chance of $43.5,28.0,27.5,0.0,25.12593281850447,28.0,-16.0,28.0,43.5,1,5,A
5638,4560,False,15,1,23,1.0,23,23,1.0,23,3,6,False,0,0.3866666666666667,0.3502380143083653,$23 for sure,50% chance of $28; 25% chance of $26; 12.5% chance of $22; 6.25% chance of $14; 3.125% chance of -$2; 3.125% chance of -$34,23.0,23.0,0.0,11.874342087037917,23.0,-34.0,23.0,28.0,1,6,A
5656,4578,False,15,1,9,1.0,9,14,0.1,2,3,4,False,0,0.3200000000000001,0.3098386676965933,$9 for sure,90% chance of $2; 5% chance of $17; 2.5% chance of $15; 1.25% chance of $11; 1.25% chance of $3,9.0,3.2000000000000006,0.0,3.880721582386451,9.0,2.0,9.0,17.0,1,5,A
5664,4584,False,16,1,18,1.0,18,26,0.5,6,3,6,False,0,0.325,0.3642343567906063,$18 for sure,50% chance of $6; 25% chance of $31; 12.5% chance of $29; 6.25% chance of $25; 3.125% chance of $17; 1.562% chance of $1; 1.562% chance of -$31,18.0,16.0,0.0,13.057564857200596,18.0,-31.0,18.0,31.0,1,7,A
5669,4588,False,16,1,7,0.6,-3,57,0.25,-5,2,5,False,-1,0.5249999999999999,0.3785938897200182,60% chance of $7; 40% chance of -$3,75% chance of -$5; 12.5% chance of $53; 6.25% chance of $55; 3.125% chance of $59; 1.562% chance of $67; 1.562% chance of $83,3.0,10.5,4.898979485566356,27.115493725912497,-3.0,-5.0,7.0,83.0,2,6,B
5679,4595,False,16,1,11,1.0,11,19,0.9,-18,0,1,False,0,0.5375000000000001,0.4364630568559039,$11 for sure,10% chance of -$18; 90% chance of $19,11.0,15.300000000000002,0.0,11.1,11.0,-18.0,11.0,19.0,1,2,B
5681,4597,False,16,1,19,0.4,-21,28,0.6,-40,1,4,False,0,0.7250000000000001,0.3568379650952703,40% chance of $19; 60% chance of -$21,40% chance of -$40; 7.5% chance of $26.5; 22.5% chance of $27.5; 22.5% chance of $28.5; 7.5% chance of $29.5,-4.999999999999999,0.799999999999998,19.595917942265423,33.31981392505066,-21.0,-40.0,19.0,29.5,2,5,B
5685,4600,False,16,1,-6,1.0,-6,5,0.4,-27,0,1,False,0,0.4,0.4066120181860508,-$6 for sure,60% chance of -$27; 40% chance of $5,-6.0,-14.2,0.0,15.67673435381234,-6.0,-27.0,-6.0,5.0,1,2,A
5691,4606,False,16,1,82,0.01,19,25,0.95,-14,1,8,False,0,0.4125,0.3612478373637688,1% chance of $82; 99% chance of $19,5% chance of -$14; 0.742% chance of $21.5; 5.195% chance of $22.5; 15.586% chance of $23.5; 25.977% chance of $24.5; 25.977% chance of $25.5; 15.586% chance of $26.5; 5.195% chance of $27.5; 0.742% chance of $28.5,19.63,23.05,6.268420853771706,8.597092531780733,19.0,-14.0,82.0,28.5,2,9,A
5695,4609,False,16,1,72,0.4,-16,19,1.0,19,1,4,False,0,0.6625,0.3703601850451351,40% chance of $72; 60% chance of -$16,12.5% chance of $17.5; 37.5% chance of $18.5; 37.5% chance of $19.5; 12.5% chance of $20.5,19.200000000000003,19.0,43.111019472983934,0.8660254037844386,-16.0,17.5,72.0,20.5,2,4,B
5698,4611,False,16,1,67,0.01,7,8,1.0,8,0,1,False,0,0.55,0.4289522117905444,1% chance of $67; 99% chance of $7,$8 for sure,7.6,8.0,5.96992462263972,0.0,7.0,8.0,67.0,8.0,2,1,B
5705,4617,False,16,1,25,1.0,25,20,0.25,18,0,1,False,0,0.2125,0.3537890143385838,$25 for sure,75% chance of $18; 25% chance of $20,25.0,18.5,0.0,0.8660254037844386,25.0,18.0,25.0,20.0,1,2,A
5708,4620,False,16,1,-10,1.0,-10,27,0.2,-16,0,1,False,0,0.8125,0.2680174123696692,-$10 for sure,80% chance of -$16; 20% chance of $27,-10.0,-7.4,0.0,17.2,-10.0,-16.0,-10.0,27.0,1,2,B
5709,4621,False,16,1,105,0.1,-3,27,0.25,5,1,2,False,0,0.7,0.3723797345005051,10% chance of $105; 90% chance of -$3,75% chance of $5; 12.5% chance of $26.5; 12.5% chance of $27.5,7.8,10.5,32.400000000000006,9.529559276272959,-3.0,5.0,105.0,27.5,2,3,B
5713,4624,False,16,1,23,1.0,23,58,0.6,-19,1,4,False,0,0.4875,0.3792536530256937,$23 for sure,40% chance of -$19; 7.5% chance of $56.5; 22.5% chance of $57.5; 22.5% chance of $58.5; 7.5% chance of $59.5,23.0,27.199999999999996,0.0,37.72810623394713,23.0,-19.0,23.0,59.5,1,5,A
5715,4625,False,16,1,51,0.6,-34,63,0.2,-1,0,1,False,1,0.2,0.3183289703016885,60% chance of $51; 40% chance of -$34,80% chance of -$1; 20% chance of $63,16.999999999999996,11.8,41.641325627314025,25.6,-34.0,-1.0,51.0,63.0,2,2,A
5718,4628,False,16,1,40,0.4,-7,31,0.4,-12,0,1,False,0,0.225,0.3,40% chance of $40; 60% chance of -$7,60% chance of -$12; 40% chance of $31,11.8,5.200000000000001,23.025203582161875,21.06561178793533,-7.0,-12.0,40.0,31.0,2,2,A
5722,4631,False,16,1,23,0.05,20,23,0.9,17,3,4,False,0,0.3875,0.4349329450233296,5% chance of $23; 95% chance of $20,10% chance of $17; 45% chance of $26; 22.5% chance of $24; 11.25% chance of $20; 11.25% chance of $12,20.15,22.4,0.653834841531101,4.705316142407436,20.0,12.0,23.0,26.0,2,5,A
5724,4633,False,16,1,8,1.0,8,34,0.4,-7,0,1,False,0,0.2125,0.3304037933599835,$8 for sure,60% chance of -$7; 40% chance of $34,8.0,9.400000000000002,0.0,20.08581589082206,8.0,-7.0,8.0,34.0,1,2,A
5728,4636,False,16,1,27,0.2,17,63,0.5,-34,0,1,False,0,0.2625,0.3774917217635375,20% chance of $27; 80% chance of $17,50% chance of -$34; 50% chance of $63,19.0,14.5,4.0,48.5,17.0,-34.0,27.0,63.0,2,2,A
5730,4637,False,16,1,25,0.01,13,86,0.1,14,0,1,False,0,0.65,0.4289522117905444,1% chance of $25; 99% chance of $13,90% chance of $14; 10% chance of $86,13.12,21.2,1.1939849245279441,21.6,13.0,14.0,25.0,86.0,2,2,B
5732,4638,False,16,1,30,1.0,30,77,0.4,9,0,1,False,0,0.275,0.3568379650952703,$30 for sure,60% chance of $9; 40% chance of $77,30.0,36.2,0.0,33.31306050185122,30.0,9.0,30.0,77.0,1,2,A
5734,4640,False,16,1,-8,1.0,-8,44,0.05,-13,0,1,False,0,0.3125,0.3649200825751669,-$8 for sure,95% chance of -$13; 5% chance of $44,-8.0,-10.149999999999999,0.0,12.422861989090919,-8.0,-13.0,-8.0,44.0,1,2,A
5740,4645,False,16,1,8,1.0,8,82,0.25,-20,1,6,False,0,0.1125,0.2061552812808829,$8 for sure,75% chance of -$20; 0.781% chance of $79.5; 3.906% chance of $80.5; 7.812% chance of $81.5; 7.812% chance of $82.5; 3.906% chance of $83.5; 0.781% chance of $84.5,8.0,5.5,0.0,44.17083313681099,8.0,-20.0,8.0,84.5,1,7,A
5748,4652,False,19,1,15,1.0,15,81,0.4,-20,0,1,False,0,0.3895893580104106,0.3540219359564544,$15 for sure,60% chance of -$20; 40% chance of $81,15.0,20.4,0.0,49.47969280422019,15.0,-20.0,15.0,81.0,1,2,A
5751,4654,False,15,1,21,0.2,21,26,0.9,12,1,2,False,0,0.7866666666666667,0.2972893411828826,20% chance of $21; 80% chance of $21,10% chance of $12; 45% chance of $25.5; 45% chance of $26.5,21.0,24.6,0.0,4.226700841081611,21.0,12.0,21.0,26.5,2,3,B
5754,4657,False,15,1,5,1.0,5,7,0.6,-7,2,4,False,0,0.3333333333333333,0.4047338925881101,$5 for sure,40% chance of -$7; 30% chance of $4; 15% chance of $6; 7.5% chance of $10; 7.5% chance of $18,5.0,1.4000000000000012,0.0,7.722693830523131,5.0,-7.0,5.0,18.0,1,5,A
5757,4660,False,17,1,37,0.5,-13,12,1.0,12,0,1,False,0,0.5764705882352942,0.4115966043420212,50% chance of $37; 50% chance of -$13,$12 for sure,12.0,12.0,25.0,0.0,-13.0,12.0,37.0,12.0,2,1,B
5760,4662,False,19,1,17,1.0,17,51,0.01,24,1,8,False,0,0.5578947368421053,0.4500812142438347,$17 for sure,99% chance of $24; 0.008% chance of $47.5; 0.055% chance of $48.5; 0.164% chance of $49.5; 0.273% chance of $50.5; 0.273% chance of $51.5; 0.164% chance of $52.5; 0.055% chance of $53.5; 0.008% chance of $54.5,17.0,24.269999999999996,0.0,2.68972117514065,17.0,24.0,17.0,54.5,1,9,B
5762,4663,False,18,1,33,0.1,-10,0,0.25,-23,1,6,False,0,0.3111111111111111,0.3708319563755005,10% chance of $33; 90% chance of -$10,75% chance of -$23; 0.781% chance of -$2.5; 3.906% chance of -$1.5; 7.812% chance of -$0.5; 7.812% chance of $0.5; 3.906% chance of $1.5; 0.781% chance of $2.5,-5.699999999999999,-17.25,12.9,9.974968671630002,-10.0,-23.0,33.0,2.5,2,7,A
5766,4667,False,18,1,27,1.0,27,25,0.75,17,0,1,False,0,0.2555555555555556,0.3807457422761782,$27 for sure,25% chance of $17; 75% chance of $25,27.0,23.0,0.0,3.4641016151377544,27.0,17.0,27.0,25.0,1,2,A
5768,4669,False,15,1,81,0.2,-19,2,0.6,-1,0,1,False,1,0.4533333333333334,0.4172472146045293,20% chance of $81; 80% chance of -$19,40% chance of -$1; 60% chance of $2,0.9999999999999982,0.7999999999999999,40.0,1.469693845669907,-19.0,-1.0,81.0,2.0,2,2,A
5773,4673,False,15,1,22,0.6,-38,21,0.6,-23,1,2,False,0,0.72,0.3913347124174614,60% chance of $22; 40% chance of -$38,40% chance of -$23; 30% chance of $20.5; 30% chance of $21.5,-2.0000000000000018,3.3999999999999986,29.393876913398138,21.55898884456319,-38.0,-23.0,22.0,21.5,2,3,B
5777,4677,False,15,1,15,1.0,15,27,0.6,-30,2,3,False,0,0.32,0.360951124510943,$15 for sure,40% chance of -$30; 30% chance of $25; 15% chance of $27; 15% chance of $31,15.0,4.200000000000002,0.0,27.988569095257443,15.0,-30.0,15.0,31.0,1,4,A
5778,4678,False,15,1,54,0.6,-48,68,0.5,-46,2,2,False,0,0.6666666666666666,0.3677473252630061,60% chance of $54; 40% chance of -$48,50% chance of -$46; 25% chance of $67; 25% chance of $69,13.199999999999996,11.0,49.96959075277683,57.00438579618238,-48.0,-46.0,54.0,69.0,2,3,B
5779,4679,False,16,1,29,0.8,1,49,0.75,-26,0,1,False,0,0.325,0.3924283374069717,80% chance of $29; 20% chance of $1,25% chance of -$26; 75% chance of $49,23.400000000000002,30.25,11.2,32.47595264191645,1.0,-26.0,29.0,49.0,2,2,A
5785,4683,False,16,1,20,1.0,20,48,0.25,8,3,4,False,0,0.6180555555555556,0.3649877386744877,$20 for sure,75% chance of $8; 12.5% chance of $51; 6.25% chance of $49; 3.125% chance of $45; 3.125% chance of $37,20.0,18.0,0.0,17.471405209656147,20.0,8.0,20.0,51.0,1,5,B
5788,4685,False,16,1,-5,1.0,-5,43,0.2,-18,0,1,False,0,0.675,0.3172801075810879,-$5 for sure,80% chance of -$18; 20% chance of $43,-5.0,-5.800000000000001,0.0,24.4,-5.0,-18.0,-5.0,43.0,1,2,B
5794,4690,False,16,1,6,1.0,6,21,0.5,-13,1,6,False,0,0.5250000000000001,0.3785938897200182,$6 for sure,50% chance of -$13; 1.562% chance of $18.5; 7.812% chance of $19.5; 15.625% chance of $20.5; 15.625% chance of $21.5; 7.812% chance of $22.5; 1.562% chance of $23.5,6.0,4.0,0.0,17.01837242511751,6.0,-13.0,6.0,23.5,1,7,B
5796,4691,False,16,1,22,1.0,22,87,0.1,2,0,1,False,0,0.35,0.3829708431025352,$22 for sure,90% chance of $2; 10% chance of $87,22.0,10.500000000000002,0.0,25.5,22.0,2.0,22.0,87.0,1,2,A
5799,4693,False,15,1,5,1.0,5,13,0.4,9,0,1,False,0,0.6400000000000001,0.3641035959331198,$5 for sure,60% chance of $9; 40% chance of $13,5.0,10.6,0.0,1.9595917942265424,5.0,9.0,5.0,13.0,1,2,B
5801,4694,False,15,1,12,1.0,12,12,0.2,9,0,1,False,0,0.3333333333333333,0.3352326839390103,$12 for sure,80% chance of $9; 20% chance of $12,12.0,9.600000000000001,0.0,1.2000000000000002,12.0,9.0,12.0,12.0,1,2,A
5806,4697,False,16,1,26,1.0,26,37,0.5,8,2,2,False,0,0.525,0.4250490167812021,$26 for sure,50% chance of $8; 25% chance of $36; 25% chance of $38,26.0,22.5,0.0,14.517231140957975,26.0,8.0,26.0,38.0,1,3,B
5808,4698,False,32,1,18,1.0,18,38,0.4,11,0,1,False,0,0.58125,0.3880783924797637,$18 for sure,60% chance of $11; 40% chance of $38,18.0,21.8,0.0,13.227244611029162,18.0,11.0,18.0,38.0,1,2,B
5810,4699,False,16,1,26,0.9,-11,36,0.01,19,0,1,False,0,0.825,0.2408318915758459,90% chance of $26; 10% chance of -$11,99% chance of $19; 1% chance of $36,22.300000000000004,19.169999999999998,11.1,1.6914786430812538,-11.0,19.0,26.0,36.0,2,2,B
5812,4700,False,30,1,-1,1.0,-1,85,0.1,-5,0,1,False,0,0.6066666666666669,0.3731814140818001,-$1 for sure,90% chance of -$5; 10% chance of $85,-1.0,4.0,0.0,27.0,-1.0,-5.0,-1.0,85.0,1,2,B
5815,4702,False,15,1,-8,1.0,-8,30,0.4,-38,0,1,False,0,0.8000000000000002,0.3023715784073817,-$8 for sure,60% chance of -$38; 40% chance of $30,-8.0,-10.8,0.0,33.31306050185122,-8.0,-38.0,-8.0,30.0,1,2,B
5820,4705,False,15,1,23,1.0,23,64,0.6,-22,2,2,False,0,0.48,0.4262795863213317,$23 for sure,40% chance of -$22; 30% chance of $63; 30% chance of $65,23.0,29.6,0.0,42.13834358396163,23.0,-22.0,23.0,65.0,1,3,A
5829,4712,False,17,1,-4,1.0,-4,30,0.1,-19,0,1,False,0,0.4823529411764706,0.4186814035123351,-$4 for sure,90% chance of -$19; 10% chance of $30,-4.0,-14.100000000000001,0.0,14.7,-4.0,-19.0,-4.0,30.0,1,2,A
5832,4714,False,16,1,13,1.0,13,10,0.4,8,0,1,False,0,0.3173076923076923,0.3894415158660911,$13 for sure,60% chance of $8; 40% chance of $10,13.0,8.8,0.0,0.9797958971132713,13.0,8.0,13.0,10.0,1,2,A
5834,4715,False,17,1,-6,1.0,-6,-1,0.8,-7,0,1,False,0,0.8470588235294118,0.28748401490088,-$6 for sure,20% chance of -$7; 80% chance of -$1,-6.0,-2.1999999999999997,0.0,2.4,-6.0,-7.0,-6.0,-1.0,1,2,B
5835,4716,False,15,1,103,0.2,-37,14,0.6,-42,0,1,False,0,0.4000000000000001,0.3625307868699864,20% chance of $103; 80% chance of -$37,40% chance of -$42; 60% chance of $14,-9.0,-8.4,56.0,27.434285119171594,-37.0,-42.0,103.0,14.0,2,2,A
5838,4718,False,16,1,37,0.2,-13,11,0.75,-50,3,3,False,1,0.5874999999999999,0.3304037933599835,20% chance of $37; 80% chance of -$13,25% chance of -$50; 37.5% chance of $13; 18.75% chance of $11; 18.75% chance of $7,-3.0,-4.25,20.0,26.49882072847771,-13.0,-50.0,37.0,13.0,2,4,B
5846,4725,False,16,1,29,0.75,4,23,1.0,23,0,1,False,0,0.4125,0.3827531841800928,75% chance of $29; 25% chance of $4,$23 for sure,22.75,23.0,10.825317547305483,0.0,4.0,23.0,29.0,23.0,2,1,A
5848,4726,False,16,1,42,0.6,-15,16,0.95,0,1,2,False,-1,0.55,0.3898717737923586,60% chance of $42; 40% chance of -$15,5% chance of $0; 47.5% chance of $15.5; 47.5% chance of $16.5,19.2,15.2,27.92418306772823,3.5210083782916524,-15.0,0.0,42.0,16.5,2,3,B
5849,4727,False,16,1,51,0.4,-36,11,0.6,-11,1,6,False,0,0.4749999999999999,0.3087609647175843,40% chance of $51; 60% chance of -$36,40% chance of -$11; 1.875% chance of $8.5; 9.375% chance of $9.5; 18.75% chance of $10.5; 18.75% chance of $11.5; 9.375% chance of $12.5; 1.875% chance of $13.5,-1.1999999999999957,2.1999999999999993,42.621121524427295,10.81249277456406,-36.0,-11.0,51.0,13.5,2,7,A
5850,4728,False,16,1,12,1.0,12,79,0.4,-37,0,1,False,0,0.275,0.3255764119219941,$12 for sure,60% chance of -$37; 40% chance of $79,12.0,9.400000000000002,0.0,56.82816203256973,12.0,-37.0,12.0,79.0,1,2,A
5851,4729,False,16,1,57,0.2,-14,12,0.2,-4,0,1,False,0,0.35,0.3055050463303893,20% chance of $57; 80% chance of -$14,80% chance of -$4; 20% chance of $12,0.1999999999999993,-0.7999999999999998,28.400000000000002,6.4,-14.0,-4.0,57.0,12.0,2,2,A
5857,4734,False,15,1,3,1.0,3,60,0.4,-31,1,6,False,0,0.4133333333333334,0.3335237551331168,$3 for sure,60% chance of -$31; 1.25% chance of $57.5; 6.25% chance of $58.5; 12.5% chance of $59.5; 12.5% chance of $60.5; 6.25% chance of $61.5; 1.25% chance of $62.5,3.0,5.400000000000003,0.0,44.586320772183036,3.0,-31.0,3.0,62.5,1,7,A
5860,4736,False,16,1,-6,1.0,-6,6,0.01,-7,0,1,False,0,0.6875,0.3095695936834452,-$6 for sure,99% chance of -$7; 1% chance of $6,-6.0,-6.87,0.0,1.293483668238606,-6.0,-7.0,-6.0,6.0,1,2,B
5861,4737,False,15,1,10,1.0,10,25,0.6,-11,0,1,False,0,0.2548148148148148,0.2557096383893202,$10 for sure,40% chance of -$11; 60% chance of $25,10.0,10.6,0.0,17.636326148038883,10.0,-11.0,10.0,25.0,1,2,A
5863,4738,False,15,1,1,1.0,1,23,0.05,0,0,1,False,0,0.5047619047619047,0.2705499564065102,$1 for sure,95% chance of $0; 5% chance of $23,1.0,1.1500000000000001,0.0,5.0127337850717755,1.0,0.0,1.0,23.0,1,2,B
5866,4740,False,15,1,27,0.1,-1,29,0.4,-13,3,5,False,0,0.4,0.3703280399090206,10% chance of $27; 90% chance of -$1,60% chance of -$13; 20% chance of $33; 10% chance of $31; 5% chance of $27; 2.5% chance of $19; 2.5% chance of $3,1.8000000000000003,3.8000000000000007,8.4,21.131966306995665,-1.0,-13.0,27.0,33.0,2,6,A
5873,4745,False,15,1,21,1.0,21,48,0.5,-30,0,1,False,0,0.08,0.1473576795226014,$21 for sure,50% chance of -$30; 50% chance of $48,21.0,9.0,0.0,39.0,21.0,-30.0,21.0,48.0,1,2,A
5875,4746,False,15,1,11,1.0,11,22,0.01,16,1,4,False,0,0.8666666666666666,0.2350278605572013,$11 for sure,99% chance of $16; 0.125% chance of $20.5; 0.375% chance of $21.5; 0.375% chance of $22.5; 0.125% chance of $23.5,11.0,16.060000000000002,0.0,0.603241245274227,11.0,16.0,11.0,23.5,1,5,B
5882,4753,False,15,1,25,1.0,25,30,0.6,17,0,1,False,0,0.3066666666666666,0.4267261863247181,$25 for sure,40% chance of $17; 60% chance of $30,25.0,24.8,0.0,6.368673331236264,25.0,17.0,25.0,30.0,1,2,A
5884,4754,False,15,1,25,0.6,13,23,0.5,20,0,1,False,0,0.6266666666666667,0.376955220278534,60% chance of $25; 40% chance of $13,50% chance of $20; 50% chance of $23,20.2,21.5,5.878775382679628,1.5,13.0,20.0,25.0,23.0,2,2,B
5891,4759,False,16,1,73,0.1,14,54,0.5,-18,0,1,False,0,0.275,0.3336665001664586,10% chance of $73; 90% chance of $14,50% chance of -$18; 50% chance of $54,19.9,18.0,17.7,36.0,14.0,-18.0,73.0,54.0,2,2,A
5897,4762,False,16,1,-3,1.0,-3,59,0.1,-9,0,1,False,0,0.6125,0.4702836023791034,-$3 for sure,90% chance of -$9; 10% chance of $59,-3.0,-2.1999999999999993,0.0,20.400000000000002,-3.0,-9.0,-3.0,59.0,1,2,B
5899,4763,False,16,1,30,1.0,30,57,0.2,21,3,6,False,0,0.4625,0.3630886025935451,$30 for sure,80% chance of $21; 10% chance of $62; 5% chance of $60; 2.5% chance of $56; 1.25% chance of $48; 0.625% chance of $32; 0.625% chance of $0,30.0,28.2,0.0,15.347964034359734,30.0,0.0,30.0,62.0,1,7,A
5900,4764,False,16,1,-5,1.0,-5,10,0.75,-49,2,3,False,0,0.6458333333333334,0.393064880140671,-$5 for sure,25% chance of -$49; 37.5% chance of $8; 18.75% chance of $10; 18.75% chance of $14,-5.0,-4.75,0.0,25.635668510885374,-5.0,-49.0,-5.0,14.0,1,4,B
5907,4771,False,15,1,20,0.5,-34,85,0.05,-17,1,4,False,0,0.4266666666666667,0.3844600418893019,50% chance of $20; 50% chance of -$34,95% chance of -$17; 0.625% chance of $83.5; 1.875% chance of $84.5; 1.875% chance of $85.5; 0.625% chance of $86.5,-7.0,-11.899999999999999,27.0,22.23122803625567,-34.0,-17.0,20.0,86.5,2,5,A
5908,4772,False,15,1,20,0.9,-7,71,0.4,-28,3,7,False,0,0.2133333333333332,0.3159264531651691,90% chance of $20; 10% chance of -$7,60% chance of -$28; 20% chance of $77; 10% chance of $75; 5% chance of $71; 2.5% chance of $63; 1.25% chance of $47; 0.625% chance of $15; 0.625% chance of -$49,17.3,11.600000000000003,8.1,49.79397553921558,-7.0,-49.0,20.0,77.0,2,8,A
5911,4774,False,15,1,46,0.6,-6,25,1.0,25,1,4,False,0,0.6,0.4208834246473209,60% chance of $46; 40% chance of -$6,12.5% chance of $23.5; 37.5% chance of $24.5; 37.5% chance of $25.5; 12.5% chance of $26.5,25.199999999999996,25.0,25.474693324945054,0.8660254037844386,-6.0,23.5,46.0,26.5,2,4,B
5913,4775,False,15,1,8,1.0,8,38,0.5,-17,1,2,False,0,0.6000000000000001,0.3464101615137755,$8 for sure,50% chance of -$17; 25% chance of $37.5; 25% chance of $38.5,8.0,10.5,0.0,27.50227263336614,8.0,-17.0,8.0,38.5,1,3,B
5915,4777,False,15,1,5,1.0,5,84,0.01,14,1,2,False,0,0.76,0.2947153590452029,$5 for sure,99% chance of $14; 0.5% chance of $83.5; 0.5% chance of $84.5,5.0,14.7,0.0,6.965091528472544,5.0,14.0,5.0,84.5,1,3,B
5916,4778,False,15,1,19,1.0,19,86,0.2,2,0,1,False,0,0.4400000000000001,0.264034629763381,$19 for sure,80% chance of $2; 20% chance of $86,19.0,18.8,0.0,33.6,19.0,2.0,19.0,86.0,1,2,A
5921,4781,False,16,1,16,0.5,-22,30,0.2,-13,0,1,False,0,0.2375,0.2753785273643051,50% chance of $16; 50% chance of -$22,80% chance of -$13; 20% chance of $30,-3.0,-4.4,19.0,17.2,-22.0,-13.0,16.0,30.0,2,2,A
5923,4783,False,16,1,-8,1.0,-8,24,0.4,-38,0,1,False,0,0.5625,0.3739429546512855,-$8 for sure,60% chance of -$38; 40% chance of $24,-8.0,-13.2,0.0,30.37367281051141,-8.0,-38.0,-8.0,24.0,1,2,B
5925,4784,False,15,1,14,0.9,6,88,0.4,-41,1,2,False,0,0.3333333333333333,0.3352326839390103,90% chance of $14; 10% chance of $6,60% chance of -$41; 20% chance of $87.5; 20% chance of $88.5,13.2,10.600000000000001,2.4,63.19762653771105,6.0,-41.0,14.0,88.5,2,3,A
5928,4786,False,15,1,41,0.8,-28,68,0.01,23,0,1,False,0,0.8266666666666667,0.3283436063174123,80% chance of $41; 20% chance of -$28,99% chance of $23; 1% chance of $68,27.200000000000006,23.45,27.599999999999994,4.47744346697979,-28.0,23.0,41.0,68.0,2,2,B
5930,4787,False,32,1,21,1.0,21,71,0.5,-42,0,1,False,0,0.41875,0.3495965416526369,$21 for sure,50% chance of -$42; 50% chance of $71,21.0,14.5,0.0,56.5,21.0,-42.0,21.0,71.0,1,2,A
5932,4788,False,16,1,14,1.0,14,46,0.4,-22,0,1,False,0,0.3625,0.3667424164178449,$14 for sure,60% chance of -$22; 40% chance of $46,14.0,5.200000000000003,0.0,33.31306050185122,14.0,-22.0,14.0,46.0,1,2,A
5935,4790,False,16,1,21,1.0,21,28,0.75,-15,0,1,False,0,0.3125,0.2629955639676583,$21 for sure,25% chance of -$15; 75% chance of $28,21.0,17.25,0.0,18.619546181365433,21.0,-15.0,21.0,28.0,1,2,A
5940,4793,False,16,1,26,1.0,26,32,0.95,28,1,2,False,0,0.5875,0.3612478373637689,$26 for sure,5% chance of $28; 47.5% chance of $31.5; 47.5% chance of $32.5,26.0,31.8,0.0,0.9987492177719092,26.0,28.0,26.0,32.5,1,3,B
5942,4795,False,16,1,16,0.6,-21,99,0.25,-11,2,5,False,0,0.6249999999999999,0.3642343567906062,60% chance of $16; 40% chance of -$21,75% chance of -$11; 12.5% chance of $95; 6.25% chance of $97; 3.125% chance of $101; 1.562% chance of $109; 1.562% chance of $125,1.1999999999999993,16.5,18.126224096595518,47.783365306349026,-21.0,-11.0,16.0,125.0,2,6,B
5945,4797,False,15,1,43,0.25,20,29,0.1,19,0,1,False,-1,0.3333333333333333,0.2992052966172383,25% chance of $43; 75% chance of $20,90% chance of $19; 10% chance of $29,25.75,20.0,9.959292143521045,3.0,20.0,19.0,43.0,29.0,2,2,A
5952,4801,False,16,1,-9,1.0,-9,39,0.2,-13,1,8,False,0,0.8875000000000001,0.162788205960997,-$9 for sure,80% chance of -$13; 0.156% chance of $35.5; 1.094% chance of $36.5; 3.281% chance of $37.5; 5.469% chance of $38.5; 5.469% chance of $39.5; 3.281% chance of $40.5; 1.094% chance of $41.5; 0.156% chance of $42.5,-9.0,-2.6000000000000014,0.0,20.808411760631806,-9.0,-13.0,-9.0,42.5,1,9,B
5956,4804,False,17,1,2,1.0,2,12,0.6,-19,1,6,False,0,0.3764705882352941,0.3733788487660789,$2 for sure,40% chance of -$19; 1.875% chance of $9.5; 9.375% chance of $10.5; 18.75% chance of $11.5; 18.75% chance of $12.5; 9.375% chance of $13.5; 1.875% chance of $14.5,2.0,-0.4000000000000009,0.0,15.211508800904662,2.0,-19.0,2.0,14.5,1,7,A
5959,4806,False,18,1,36,0.5,-30,27,0.25,2,1,4,False,1,0.7333333333333333,0.3289913283319897,50% chance of $36; 50% chance of -$30,75% chance of $2; 3.125% chance of $25.5; 9.375% chance of $26.5; 9.375% chance of $27.5; 3.125% chance of $28.5,3.0,8.25,33.0,10.833974340010226,-30.0,2.0,36.0,28.5,2,5,B
5964,4809,False,17,1,11,0.95,-43,66,0.1,-2,0,1,False,0,0.5529411764705882,0.3970479301337931,95% chance of $11; 5% chance of -$43,90% chance of -$2; 10% chance of $66,8.299999999999997,4.800000000000001,11.769027147559823,20.400000000000002,-43.0,-2.0,11.0,66.0,2,2,B
5975,4819,False,15,1,25,1.0,25,28,0.99,7,0,1,False,0,0.5866666666666667,0.4172472146045292,$25 for sure,1% chance of $7; 99% chance of $28,25.0,27.79,0.0,2.089473617923903,25.0,7.0,25.0,28.0,1,2,B
5977,4820,False,15,1,36,0.4,-34,-6,1.0,-6,1,4,False,0,0.36,0.4084815085865489,40% chance of $36; 60% chance of -$34,12.5% chance of -$7.5; 37.5% chance of -$6.5; 37.5% chance of -$5.5; 12.5% chance of -$4.5,-5.999999999999998,-6.0,34.292856398964496,0.8660254037844386,-34.0,-7.5,36.0,-4.5,2,4,A
5979,4821,False,16,1,-1,1.0,-1,16,0.1,-3,1,4,False,0,0.575,0.4057914078275521,-$1 for sure,90% chance of -$3; 1.25% chance of $14.5; 3.75% chance of $15.5; 3.75% chance of $16.5; 1.25% chance of $17.5,-1.0,-1.0999999999999996,0.0,5.706575155029505,-1.0,-3.0,-1.0,17.5,1,5,B
5981,4822,False,15,1,29,1.0,29,89,0.1,21,1,8,False,0,0.6666666666666666,0.4117326918327103,$29 for sure,90% chance of $21; 0.078% chance of $85.5; 0.547% chance of $86.5; 1.641% chance of $87.5; 2.734% chance of $88.5; 2.734% chance of $89.5; 1.641% chance of $90.5; 0.547% chance of $91.5; 0.078% chance of $92.5,29.0,27.800000000000004,0.0,20.4042887648651,29.0,21.0,29.0,92.5,1,9,B
5983,4823,False,16,1,57,0.1,1,67,0.1,-6,0,1,False,-1,0.125,0.2294921930407801,10% chance of $57; 90% chance of $1,90% chance of -$6; 10% chance of $67,6.6000000000000005,1.2999999999999998,16.8,21.900000000000002,1.0,-6.0,57.0,67.0,2,2,A
5985,4824,False,16,1,-2,0.6,-22,3,0.8,-35,1,8,False,1,0.9000000000000001,0.2065591117977289,60% chance of -$2; 40% chance of -$22,20% chance of -$35; 0.625% chance of -$0.5; 4.375% chance of $0.5; 13.125% chance of $1.5; 21.875% chance of $2.5; 21.875% chance of $3.5; 13.125% chance of $4.5; 4.375% chance of $5.5; 0.625% chance of $6.5,-10.0,-4.599999999999998,9.797958971132712,15.245983077519139,-22.0,-35.0,-2.0,6.5,2,9,B
5988,4826,False,16,1,58,0.25,10,66,0.01,25,0,1,False,1,0.6375000000000001,0.3518996068956789,25% chance of $58; 75% chance of $10,99% chance of $25; 1% chance of $66,22.0,25.41,20.784609690826528,4.079448492137142,10.0,25.0,58.0,66.0,2,2,B
5990,4827,False,31,1,10,1.0,10,17,0.75,3,3,6,False,0,0.464516129032258,0.3517085792686649,$10 for sure,25% chance of $3; 37.5% chance of $22; 18.75% chance of $20; 9.375% chance of $16; 4.688% chance of $8; 2.344% chance of -$8; 2.344% chance of -$40,10.0,13.5,0.0,11.937336386313323,10.0,-40.0,10.0,22.0,1,7,A
5994,4831,False,16,1,1,1.0,1,12,0.75,-29,0,1,False,0,0.4375000000000001,0.3442382895611701,$1 for sure,25% chance of -$29; 75% chance of $12,1.0,1.75,0.0,17.75352077758099,1.0,-29.0,1.0,12.0,1,2,A
5999,4834,False,17,1,13,1.0,13,36,0.2,7,2,2,False,0,0.5294117647058824,0.4355523876101946,$13 for sure,80% chance of $7; 10% chance of $35; 10% chance of $37,13.0,12.799999999999999,0.0,11.60861748874516,13.0,7.0,13.0,37.0,1,3,B
6003,4837,False,17,1,41,0.2,25,63,0.2,18,0,1,False,0,0.5660130718954248,0.4418058932940008,20% chance of $41; 80% chance of $25,80% chance of $18; 20% chance of $63,28.200000000000003,27.0,6.4,18.0,25.0,18.0,41.0,63.0,2,2,B
6006,4839,False,16,1,63,0.2,4,56,0.6,-48,0,1,False,-1,0.2875,0.3180670788790733,20% chance of $63; 80% chance of $4,40% chance of -$48; 60% chance of $56,15.8,14.399999999999999,23.6,50.94938664989011,4.0,-48.0,63.0,56.0,2,2,A
6009,4841,False,17,1,28,0.99,13,73,0.6,-47,1,6,False,-1,0.2588235294117647,0.344707889976085,99% chance of $28; 1% chance of $13,40% chance of -$47; 1.875% chance of $70.5; 9.375% chance of $71.5; 18.75% chance of $72.5; 18.75% chance of $73.5; 9.375% chance of $74.5; 1.875% chance of $75.5,27.849999999999998,24.999999999999996,1.4924811556599304,58.794132360295954,13.0,-47.0,28.0,75.5,2,7,A
6011,4842,False,16,1,16,1.0,16,101,0.25,-12,1,8,False,0,0.3625,0.3518996068956789,$16 for sure,75% chance of -$12; 0.195% chance of $97.5; 1.367% chance of $98.5; 4.102% chance of $99.5; 6.836% chance of $100.5; 6.836% chance of $101.5; 4.102% chance of $102.5; 1.367% chance of $103.5; 0.195% chance of $104.5,16.0,16.25,0.0,48.93490574222045,16.0,-12.0,16.0,104.5,1,9,A
6013,4843,False,15,1,26,0.5,-34,46,0.2,-20,1,2,False,0,0.3066666666666666,0.3011090610836324,50% chance of $26; 50% chance of -$34,80% chance of -$20; 10% chance of $45.5; 10% chance of $46.5,-4.0,-6.799999999999999,30.0,26.400946952713646,-34.0,-20.0,26.0,46.5,2,3,A
6016,4845,False,15,1,24,1.0,24,37,0.9,25,0,1,False,0,0.8266666666666667,0.3692979181920098,$24 for sure,10% chance of $25; 90% chance of $37,24.0,35.800000000000004,0.0,3.5999999999999996,24.0,25.0,24.0,37.0,1,2,B
6017,4846,False,16,1,-3,1.0,-3,-5,0.9,-29,1,8,False,0,0.1625,0.2217355782608344,-$3 for sure,10% chance of -$29; 0.703% chance of -$8.5; 4.922% chance of -$7.5; 14.766% chance of -$6.5; 24.609% chance of -$5.5; 24.609% chance of -$4.5; 14.766% chance of -$3.5; 4.922% chance of -$2.5; 0.703% chance of -$1.5,-3.0,-7.3999999999999995,0.0,7.308556629047899,-3.0,-29.0,-3.0,-1.5,1,9,A
6019,4847,False,31,1,5,0.9,-24,17,0.5,-17,1,6,False,0,0.5870967741935484,0.3575303581365467,90% chance of $5; 10% chance of -$24,50% chance of -$17; 1.562% chance of $14.5; 7.812% chance of $15.5; 15.625% chance of $16.5; 15.625% chance of $17.5; 7.812% chance of $18.5; 1.562% chance of $19.5,2.1000000000000005,0.0,8.7,17.01837242511751,-24.0,-17.0,5.0,19.5,2,7,B
6023,4850,False,16,1,62,0.5,-14,42,0.2,22,1,6,False,0,0.45,0.4531372124791048,50% chance of $62; 50% chance of -$14,80% chance of $22; 0.625% chance of $39.5; 3.125% chance of $40.5; 6.25% chance of $41.5; 6.25% chance of $42.5; 3.125% chance of $43.5; 0.625% chance of $44.5,24.0,26.0,38.0,8.0156097709407,-14.0,22.0,62.0,44.5,2,7,A
6028,4854,False,16,1,18,1.0,18,103,0.4,-44,0,1,False,0,0.3375,0.3703601850451351,$18 for sure,60% chance of -$44; 40% chance of $103,18.0,14.800000000000004,0.0,72.01499843782544,18.0,-44.0,18.0,103.0,1,2,A
6030,4855,False,16,1,13,1.0,13,47,0.25,-8,0,1,False,0,0.2875,0.2918332857414772,$13 for sure,75% chance of -$8; 25% chance of $47,13.0,5.75,0.0,23.81569860407206,13.0,-8.0,13.0,47.0,1,2,A
6036,4860,False,16,1,2,0.6,-28,21,0.05,-5,1,2,False,0,0.75,0.2966479394838265,60% chance of $2; 40% chance of -$28,95% chance of -$5; 2.5% chance of $20.5; 2.5% chance of $21.5,-10.000000000000002,-3.6999999999999997,14.696938456699069,5.6676714795407825,-28.0,-5.0,2.0,21.5,2,3,B
6038,4861,False,16,1,19,1.0,19,82,0.4,-31,0,1,False,0,0.2125,0.2247220505424423,$19 for sure,60% chance of -$31; 40% chance of $82,19.0,14.200000000000006,0.0,55.35846818689983,19.0,-31.0,19.0,82.0,1,2,A
6041,4863,False,16,1,8,1.0,8,95,0.4,-49,0,1,False,0,0.375,0.3255764119219941,$8 for sure,60% chance of -$49; 40% chance of $95,8.0,8.600000000000001,0.0,70.54530459215553,8.0,-49.0,8.0,95.0,1,2,A
6043,4864,False,16,1,3,1.0,3,-10,0.4,-12,1,8,False,0,0.1,0.2633122354417533,$3 for sure,60% chance of -$12; 0.312% chance of -$13.5; 2.188% chance of -$12.5; 6.562% chance of -$11.5; 10.938% chance of -$10.5; 10.938% chance of -$9.5; 6.562% chance of -$8.5; 2.188% chance of -$7.5; 0.312% chance of -$6.5,3.0,-11.2,0.0,1.2884098726725126,3.0,-13.5,3.0,-6.5,1,9,A
6046,4866,False,16,1,25,1.0,25,42,0.1,25,0,1,False,0,0.7250000000000001,0.3415650255319866,$25 for sure,90% chance of $25; 10% chance of $42,25.0,26.7,0.0,5.1000000000000005,25.0,25.0,25.0,42.0,1,2,B
6049,4868,False,15,1,4,1.0,4,5,0.95,3,2,2,False,0,0.5733333333333335,0.3990464825532174,$4 for sure,5% chance of $3; 47.5% chance of $4; 47.5% chance of $6,4.0,4.9,0.0,1.0677078252031311,4.0,3.0,4.0,6.0,1,3,B
6051,4870,False,15,1,11,1.0,11,15,0.1,12,0,1,False,0,0.7733333333333333,0.3011090610836324,$11 for sure,90% chance of $12; 10% chance of $15,11.0,12.3,0.0,0.9,11.0,12.0,11.0,15.0,1,2,B
6054,4872,False,15,1,47,0.5,-19,40,0.6,-12,0,1,False,0,0.5333333333333333,0.3086066999241838,50% chance of $47; 50% chance of -$19,40% chance of -$12; 60% chance of $40,14.0,19.2,33.0,25.474693324945054,-19.0,-12.0,47.0,40.0,2,2,B
6058,4876,False,16,1,24,0.95,-24,60,0.25,7,0,1,False,0,0.4375000000000001,0.4145278438577236,95% chance of $24; 5% chance of -$24,75% chance of $7; 25% chance of $60,21.599999999999994,20.25,10.46135746449762,22.949673200287624,-24.0,7.0,24.0,60.0,2,2,A
6061,4878,False,16,1,26,1.0,26,26,0.05,20,0,1,False,0,0.1875,0.2872281323269015,$26 for sure,95% chance of $20; 5% chance of $26,26.0,20.3,0.0,1.307669683062202,26.0,20.0,26.0,26.0,1,2,A
6064,4880,False,16,1,26,1.0,26,40,0.8,-23,0,1,False,0,0.425,0.3991657967979387,$26 for sure,20% chance of -$23; 80% chance of $40,26.0,27.400000000000002,0.0,25.2,26.0,-23.0,26.0,40.0,1,2,A
6069,4883,False,16,1,13,1.0,13,66,0.5,-43,0,1,False,0,0.3750000000000001,0.3855731664245667,$13 for sure,50% chance of -$43; 50% chance of $66,13.0,11.5,0.0,54.5,13.0,-43.0,13.0,66.0,1,2,A
6093,4904,False,17,1,46,0.05,12,34,0.6,-33,0,1,False,0,0.0823529411764705,0.1590412451128914,5% chance of $46; 95% chance of $12,40% chance of -$33; 60% chance of $34,13.7,7.1999999999999975,7.410128204019144,32.82316255329459,12.0,-33.0,46.0,34.0,2,2,A
6102,4911,False,15,1,30,1.0,30,34,0.75,32,0,1,False,0,0.7466666666666666,0.3335237551331168,$30 for sure,25% chance of $32; 75% chance of $34,30.0,33.5,0.0,0.8660254037844386,30.0,32.0,30.0,34.0,1,2,B
6108,4916,False,15,1,16,0.75,16,32,0.6,-16,1,6,False,0,0.2933333333333333,0.3283436063174123,75% chance of $16; 25% chance of $16,40% chance of -$16; 1.875% chance of $29.5; 9.375% chance of $30.5; 18.75% chance of $31.5; 18.75% chance of $32.5; 9.375% chance of $33.5; 1.875% chance of $34.5,16.0,12.799999999999999,0.0,23.53104332578562,16.0,-16.0,16.0,34.5,2,7,A
6112,4919,False,15,1,17,1.0,17,61,0.2,18,1,8,False,0,0.7466666666666666,0.3335237551331168,$17 for sure,80% chance of $18; 0.156% chance of $57.5; 1.094% chance of $58.5; 3.281% chance of $59.5; 5.469% chance of $60.5; 5.469% chance of $61.5; 3.281% chance of $62.5; 1.094% chance of $63.5; 0.156% chance of $64.5,17.0,26.6,0.0,17.21017141111616,17.0,18.0,17.0,64.5,1,9,B
6115,4921,False,16,1,24,0.99,10,49,0.4,4,0,1,False,0,0.3,0.2633122354417533,99% chance of $24; 1% chance of $10,60% chance of $4; 40% chance of $49,23.86,22.0,1.3929824119492686,22.045407685048602,10.0,4.0,24.0,49.0,2,2,A
6118,4924,False,16,1,9,0.99,3,22,0.6,-20,0,1,False,1,0.225,0.2816617356570348,99% chance of $9; 1% chance of $3,40% chance of -$20; 60% chance of $22,8.94,5.199999999999999,0.5969924622639723,20.575713839378697,3.0,-20.0,9.0,22.0,2,2,A
6121,4926,False,16,1,6,0.8,0,12,0.05,7,0,1,False,0,0.8374999999999999,0.2093641166325628,80% chance of $6; 20% chance of $0,95% chance of $7; 5% chance of $12,4.800000000000001,7.25,2.4,1.0897247358851685,0.0,7.0,6.0,12.0,2,2,B
6125,4929,False,15,1,-9,1.0,-9,25,0.25,-31,1,8,False,0,0.6400000000000001,0.3942443042436649,-$9 for sure,75% chance of -$31; 0.195% chance of $21.5; 1.367% chance of $22.5; 4.102% chance of $23.5; 6.836% chance of $24.5; 6.836% chance of $25.5; 4.102% chance of $26.5; 1.367% chance of $27.5; 0.195% chance of $28.5,-9.0,-17.0,0.0,24.257730726512733,-9.0,-31.0,-9.0,28.5,1,9,B
6157,4961,False,16,1,26,1.0,26,102,0.2,4,1,4,False,0,0.4000000000000001,0.3577708763999664,$26 for sure,80% chance of $4; 2.5% chance of $100.5; 7.5% chance of $101.5; 7.5% chance of $102.5; 2.5% chance of $103.5,26.0,23.6,0.0,39.201913218617285,26.0,4.0,26.0,103.5,1,5,A
6160,4963,False,16,1,20,0.8,-45,6,0.99,-32,0,1,False,0,0.475,0.3568379650952703,80% chance of $20; 20% chance of -$45,1% chance of -$32; 99% chance of $6,7.000000000000002,5.619999999999999,25.999999999999996,3.780952261005157,-45.0,-32.0,20.0,6.0,2,2,A
6171,4973,False,15,1,37,0.25,13,48,0.6,-15,0,1,False,0,0.2133333333333333,0.3159264531651691,25% chance of $37; 75% chance of $13,40% chance of -$15; 60% chance of $48,19.0,22.799999999999997,10.392304845413264,30.863570759068043,13.0,-15.0,37.0,48.0,2,2,A
6173,4974,False,15,1,25,1.0,25,33,0.25,27,0,1,False,0,0.7333333333333335,0.3518657752744984,$25 for sure,75% chance of $27; 25% chance of $33,25.0,28.5,0.0,2.598076211353316,25.0,27.0,25.0,33.0,1,2,B
6174,4975,False,15,1,-4,1.0,-4,47,0.1,-6,1,6,False,0,0.6933333333333334,0.3453086955726647,-$4 for sure,90% chance of -$6; 0.312% chance of $44.5; 1.562% chance of $45.5; 3.125% chance of $46.5; 3.125% chance of $47.5; 1.562% chance of $48.5; 0.312% chance of $49.5,-4.0,-0.7000000000000007,0.0,15.903930331839359,-4.0,-6.0,-4.0,49.5,1,7,B
6175,4976,False,15,1,3,1.0,3,22,0.75,-10,0,1,False,0,0.5866666666666667,0.3739111175259754,$3 for sure,25% chance of -$10; 75% chance of $22,3.0,14.0,0.0,13.856406460551018,3.0,-10.0,3.0,22.0,1,2,B
6178,4978,False,15,1,5,1.0,5,10,0.25,0,1,2,False,0,0.2666666666666666,0.2992052966172383,$5 for sure,75% chance of $0; 12.5% chance of $9.5; 12.5% chance of $10.5,5.0,2.5,0.0,4.337337893224368,5.0,0.0,5.0,10.5,1,3,A
6180,4979,False,15,1,28,0.01,3,2,0.6,-2,1,8,False,0,0.1733333333333333,0.2604026186687142,1% chance of $28; 99% chance of $3,40% chance of -$2; 0.469% chance of -$1.5; 3.281% chance of -$0.5; 9.844% chance of $0.5; 16.406% chance of $1.5; 16.406% chance of $2.5; 9.844% chance of $3.5; 3.281% chance of $4.5; 0.469% chance of $5.5,3.25,0.3999999999999999,2.48746859276655,2.2113344387495983,3.0,-2.0,28.0,5.5,2,9,A
6182,4980,False,15,1,1,0.75,-15,63,0.05,-7,0,1,False,-1,0.4266666666666665,0.384460041889302,75% chance of $1; 25% chance of -$15,95% chance of -$7; 5% chance of $63,-3.0,-3.499999999999999,6.928203230275509,15.256146302392358,-15.0,-7.0,1.0,63.0,2,2,A
6195,4992,False,15,1,12,1.0,12,102,0.4,-42,1,6,False,0,0.28,0.405674042269688,$12 for sure,60% chance of -$42; 1.25% chance of $99.5; 6.25% chance of $100.5; 12.5% chance of $101.5; 12.5% chance of $102.5; 6.25% chance of $103.5; 1.25% chance of $104.5,12.0,15.600000000000005,0.0,70.54884832511443,12.0,-42.0,12.0,104.5,1,7,A
6197,4993,False,16,1,17,1.0,17,17,0.01,13,1,2,False,0,0.2,0.3011090610836324,$17 for sure,99% chance of $13; 0.5% chance of $16.5; 0.5% chance of $17.5,17.0,13.04,0.0,0.4011234224026316,17.0,13.0,17.0,17.5,1,3,A
6198,4994,False,16,1,-4,0.95,-27,0,0.2,-5,0,1,False,0,0.7000000000000001,0.4131182235954578,95% chance of -$4; 5% chance of -$27,80% chance of -$5; 20% chance of $0,-5.150000000000001,-4.0,5.012733785071776,2.0,-27.0,-5.0,-4.0,0.0,2,2,B
6199,4995,False,16,1,87,0.05,27,30,1.0,30,0,1,False,0,0.2625000000000001,0.3630886025935451,5% chance of $87; 95% chance of $27,$30 for sure,30.0,30.0,13.076696830622021,0.0,27.0,30.0,87.0,30.0,2,1,A
6201,4996,False,16,1,20,0.95,-2,27,0.9,15,0,1,False,-1,0.775,0.3336665001664586,95% chance of $20; 5% chance of -$2,10% chance of $15; 90% chance of $27,18.9,25.8,4.7947888378947425,3.5999999999999996,-2.0,15.0,20.0,27.0,2,2,B
6203,4997,False,16,1,-5,1.0,-5,69,0.25,-27,1,6,False,0,0.5875000000000001,0.4349329450233296,-$5 for sure,75% chance of -$27; 0.781% chance of $66.5; 3.906% chance of $67.5; 7.812% chance of $68.5; 7.812% chance of $69.5; 3.906% chance of $70.5; 0.781% chance of $71.5,-5.0,-3.0,0.0,41.57297800254391,-5.0,-27.0,-5.0,71.5,1,7,B
6205,4998,False,16,1,7,1.0,7,47,0.2,3,3,3,False,0,0.7374999999999999,0.3242941051987634,$7 for sure,80% chance of $3; 10% chance of $49; 5% chance of $47; 5% chance of $43,7.0,11.799999999999997,0.0,17.634057956125694,7.0,3.0,7.0,49.0,1,4,B
6206,4999,False,16,1,1,0.01,-8,-18,0.95,-36,0,1,False,0,0.125,0.1914854215512677,1% chance of $1; 99% chance of -$8,5% chance of -$36; 95% chance of -$18,-7.91,-18.9,0.895488693395958,3.9230090491866076,-8.0,-36.0,1.0,-18.0,2,2,A
6208,5000,False,16,1,-4,1.0,-4,-1,0.6,-13,1,8,False,0,0.375,0.3714835124201342,-$4 for sure,40% chance of -$13; 0.469% chance of -$4.5; 3.281% chance of -$3.5; 9.844% chance of -$2.5; 16.406% chance of -$1.5; 16.406% chance of -$0.5; 9.844% chance of $0.5; 3.281% chance of $1.5; 0.469% chance of $2.5,-4.0,-5.800000000000001,0.0,5.967411499134277,-4.0,-13.0,-4.0,2.5,1,9,A
6214,5005,False,16,1,52,0.5,-4,36,0.5,-1,1,8,False,0,0.475,0.3924283374069717,50% chance of $52; 50% chance of -$4,50% chance of -$1; 0.391% chance of $32.5; 2.734% chance of $33.5; 8.203% chance of $34.5; 13.672% chance of $35.5; 13.672% chance of $36.5; 8.203% chance of $37.5; 2.734% chance of $38.5; 0.391% chance of $39.5,24.0,17.5,28.0,18.523633552842703,-4.0,-1.0,52.0,39.5,2,9,A
6218,5009,False,16,1,30,0.75,21,28,1.0,28,0,1,False,0,0.6,0.3794733192202056,75% chance of $30; 25% chance of $21,$28 for sure,27.75,28.0,3.897114317029974,0.0,21.0,28.0,30.0,28.0,2,1,B
6219,5010,False,16,1,0,1.0,0,23,0.4,-1,0,1,False,0,0.7500000000000001,0.322490309931942,$0 for sure,60% chance of -$1; 40% chance of $23,0.0,8.600000000000001,0.0,11.757550765359255,0.0,-1.0,0.0,23.0,1,2,B
6222,5012,False,16,1,28,0.01,18,14,0.95,-49,2,6,False,0,0.2,0.2065591117977288,1% chance of $28; 99% chance of $18,5% chance of -$49; 47.5% chance of $9; 23.75% chance of $11; 11.875% chance of $15; 5.938% chance of $23; 2.969% chance of $39; 2.969% chance of $71,18.1,10.85,0.99498743710662,17.957658533338925,18.0,-49.0,28.0,71.0,2,7,A
6238,5024,False,32,1,17,1.0,17,61,0.1,13,0,1,False,0,0.5214285714285715,0.3565617392042849,$17 for sure,90% chance of $13; 10% chance of $61,17.0,17.8,0.0,14.400000000000002,17.0,13.0,17.0,61.0,1,2,B
6240,5026,False,16,1,1,1.0,1,50,0.25,-23,3,6,False,0,0.3625,0.3518996068956789,$1 for sure,75% chance of -$23; 12.5% chance of $55; 6.25% chance of $53; 3.125% chance of $49; 1.562% chance of $41; 0.781% chance of $25; 0.781% chance of -$7,1.0,-4.75,0.0,32.16267246358735,1.0,-23.0,1.0,55.0,1,7,A
6249,5034,False,16,1,67,0.25,0,47,0.2,10,0,1,False,0,0.55,0.4163331998932265,25% chance of $67; 75% chance of $0,80% chance of $10; 20% chance of $47,16.75,17.4,29.011851026778693,14.8,0.0,10.0,67.0,47.0,2,2,B
6250,5035,False,16,1,46,0.4,-29,61,0.4,-21,0,1,False,0,0.7875000000000001,0.2362907813126304,40% chance of $46; 60% chance of -$29,60% chance of -$21; 40% chance of $61,1.0000000000000036,11.800000000000002,36.742346141747674,40.17163178164412,-29.0,-21.0,46.0,61.0,2,2,B
6251,5036,False,16,1,15,1.0,15,73,0.25,-6,0,1,False,0,0.4625000000000001,0.4364630568559039,$15 for sure,75% chance of -$6; 25% chance of $73,15.0,13.75,0.0,34.208003449485325,15.0,-6.0,15.0,73.0,1,2,A
6252,5037,False,15,1,23,1.0,23,53,0.75,-28,0,1,False,0,0.2266666666666667,0.3614784456460256,$23 for sure,25% chance of -$28; 75% chance of $53,23.0,32.75,0.0,35.074028853269766,23.0,-28.0,23.0,53.0,1,2,A
6260,5044,False,15,1,2,1.0,2,92,0.05,-10,1,6,False,0,0.2266666666666667,0.3195234546871921,$2 for sure,95% chance of -$10; 0.156% chance of $89.5; 0.781% chance of $90.5; 1.562% chance of $91.5; 1.562% chance of $92.5; 0.781% chance of $93.5; 0.156% chance of $94.5,2.0,-4.8999999999999995,0.0,22.231790301278036,2.0,-10.0,2.0,94.5,1,7,A
6262,5045,False,15,1,-10,1.0,-10,-11,0.95,-29,0,1,False,0,0.1866666666666666,0.2669046557070431,-$10 for sure,5% chance of -$29; 95% chance of -$11,-10.0,-11.9,0.0,3.923009049186608,-10.0,-29.0,-10.0,-11.0,1,2,A
6264,5046,False,16,1,84,0.2,-30,-9,0.99,-12,1,6,False,0,0.475,0.3336665001664586,20% chance of $84; 80% chance of -$30,1% chance of -$12; 3.094% chance of -$11.5; 15.469% chance of -$10.5; 30.938% chance of -$9.5; 30.938% chance of -$8.5; 15.469% chance of -$7.5; 3.094% chance of -$6.5,-7.199999999999999,-9.03,45.60000000000001,1.1517812292271479,-30.0,-12.0,84.0,-6.5,2,7,A
6265,5047,False,16,1,29,1.0,29,51,0.6,11,0,1,False,0,0.5875,0.4031128874149274,$29 for sure,40% chance of $11; 60% chance of $51,29.0,35.0,0.0,19.595917942265423,29.0,11.0,29.0,51.0,1,2,B
6267,5048,False,16,1,21,0.99,-41,39,0.05,18,0,1,False,0,0.8125,0.2872281323269014,99% chance of $21; 1% chance of -$41,95% chance of $18; 5% chance of $39,20.38,19.049999999999997,6.168922110061046,4.576843890717708,-41.0,18.0,21.0,39.0,2,2,B
6291,5072,False,16,1,-8,1.0,-8,78,0.05,-12,3,3,False,0,0.8749999999999999,0.1914854215512676,-$8 for sure,95% chance of -$12; 2.5% chance of $80; 1.25% chance of $78; 1.25% chance of $74,-8.0,-7.499999999999992,0.0,19.62269094696241,-8.0,-12.0,-8.0,80.0,1,4,B
6292,5073,False,15,1,-10,1.0,-10,31,0.1,-23,0,1,False,0,0.5866666666666666,0.3335237551331168,-$10 for sure,90% chance of -$23; 10% chance of $31,-10.0,-17.599999999999998,0.0,16.2,-10.0,-23.0,-10.0,31.0,1,2,B
6296,5076,False,15,1,19,1.0,19,31,0.6,4,0,1,False,0,0.4,0.3464101615137754,$19 for sure,40% chance of $4; 60% chance of $31,19.0,20.2,0.0,13.227244611029162,19.0,4.0,19.0,31.0,1,2,A
6298,5077,False,15,1,-7,1.0,-7,34,0.01,3,0,1,False,0,0.92,0.1820517979665599,-$7 for sure,99% chance of $3; 1% chance of $34,-7.0,3.3099999999999996,0.0,3.084461055030522,-7.0,3.0,-7.0,34.0,1,2,B
6302,5080,False,15,1,18,1.0,18,19,0.75,4,1,2,False,0,0.24,0.3135055251278904,$18 for sure,25% chance of $4; 37.5% chance of $18.5; 37.5% chance of $19.5,18.0,15.25,0.0,6.509608283145768,18.0,4.0,18.0,19.5,1,3,A
6305,5082,False,15,1,40,0.2,1,11,0.9,9,0,1,False,0,0.56,0.3135055251278904,20% chance of $40; 80% chance of $1,10% chance of $9; 90% chance of $11,8.8,10.8,15.6,0.6,1.0,9.0,40.0,11.0,2,2,B
6306,5083,False,15,1,30,1.0,30,75,0.25,28,0,1,False,0,0.6666666666666667,0.3265986323710904,$30 for sure,75% chance of $28; 25% chance of $75,30.0,39.75,0.0,20.351596988934308,30.0,28.0,30.0,75.0,1,2,B
6309,5085,False,15,1,7,0.6,-16,12,0.1,4,1,6,False,0,0.88,0.1971221521218324,60% chance of $7; 40% chance of -$16,90% chance of $4; 0.312% chance of $9.5; 1.562% chance of $10.5; 3.125% chance of $11.5; 3.125% chance of $12.5; 1.562% chance of $13.5; 0.312% chance of $14.5,-2.2,4.8,11.26765281680262,2.425901894141641,-16.0,4.0,7.0,14.5,2,7,B
6311,5086,False,15,1,97,0.1,1,17,0.95,-3,3,6,False,0,0.48,0.3687817782917155,10% chance of $97; 90% chance of $1,5% chance of -$3; 47.5% chance of $22; 23.75% chance of $20; 11.875% chance of $16; 5.938% chance of $8; 2.969% chance of -$8; 2.969% chance of -$40,10.600000000000001,15.999999999999998,28.800000000000004,12.367295581492348,1.0,-40.0,97.0,22.0,2,7,A
6312,5087,False,16,1,65,0.4,-10,20,1.0,20,0,1,False,0,0.6375,0.3364025366531392,40% chance of $65; 60% chance of -$10,$20 for sure,20.0,20.0,36.742346141747674,0.0,-10.0,20.0,65.0,20.0,2,1,B
6315,5089,False,16,1,-8,1.0,-8,3,0.25,-16,3,2,False,0,0.5625,0.4080441152620633,-$8 for sure,75% chance of -$16; 12.5% chance of $4; 12.5% chance of $2,-8.0,-11.25,0.0,8.242420760917268,-8.0,-16.0,-8.0,4.0,1,3,B
6318,5091,False,16,1,33,0.4,-25,72,0.25,-23,1,8,False,0,0.475,0.3785938897200182,40% chance of $33; 60% chance of -$25,75% chance of -$23; 0.195% chance of $68.5; 1.367% chance of $69.5; 4.102% chance of $70.5; 6.836% chance of $71.5; 6.836% chance of $72.5; 4.102% chance of $73.5; 1.367% chance of $74.5; 0.195% chance of $75.5,-1.799999999999999,0.75,28.414081016284864,41.14152403594208,-25.0,-23.0,33.0,75.5,2,9,A
6322,5094,False,16,1,47,0.1,17,27,0.99,15,0,1,False,0,0.6500000000000001,0.4289522117905444,10% chance of $47; 90% chance of $17,1% chance of $15; 99% chance of $27,20.0,26.88,9.0,1.1939849245279446,17.0,15.0,47.0,27.0,2,2,B
6324,5096,False,16,1,17,1.0,17,49,0.25,4,1,8,False,0,0.5499999999999999,0.409878030638384,$17 for sure,75% chance of $4; 0.195% chance of $45.5; 1.367% chance of $46.5; 4.102% chance of $47.5; 6.836% chance of $48.5; 6.836% chance of $49.5; 4.102% chance of $50.5; 1.367% chance of $51.5; 0.195% chance of $52.5,17.0,15.25,0.0,19.49679460834524,17.0,4.0,17.0,52.5,1,9,B
6326,5097,False,16,1,13,0.75,1,21,0.05,7,0,1,False,1,0.5625000000000001,0.3947573094109004,75% chance of $13; 25% chance of $1,95% chance of $7; 5% chance of $21,10.0,7.699999999999999,5.196152422706632,3.0512292604784714,1.0,7.0,13.0,21.0,2,2,B
6329,5100,False,16,1,-2,0.5,-6,45,0.2,-19,1,6,False,0,0.675,0.3785938897200183,50% chance of -$2; 50% chance of -$6,80% chance of -$19; 0.625% chance of $42.5; 3.125% chance of $43.5; 6.25% chance of $44.5; 6.25% chance of $45.5; 3.125% chance of $46.5; 0.625% chance of $47.5,-4.0,-6.200000000000001,2.0,25.60488234692751,-6.0,-19.0,-2.0,47.5,2,7,B
6334,5103,False,31,1,25,1.0,25,35,0.2,19,0,1,False,0,0.4129032258064515,0.3422883146158814,$25 for sure,80% chance of $19; 20% chance of $35,25.0,22.200000000000003,0.0,6.4,25.0,19.0,25.0,35.0,1,2,A
6337,5105,False,16,1,24,0.6,-38,48,0.1,-14,0,1,False,0,0.325,0.3087609647175843,60% chance of $24; 40% chance of -$38,90% chance of -$14; 10% chance of $48,-0.8000000000000025,-7.799999999999999,30.373672810511408,18.6,-38.0,-14.0,24.0,48.0,2,2,A
6345,5112,False,15,1,11,0.01,-8,47,0.2,-32,0,1,False,-1,0.5866666666666666,0.324844285041017,1% chance of $11; 99% chance of -$8,80% chance of -$32; 20% chance of $47,-7.81,-16.200000000000003,1.890476130502578,31.599999999999998,-8.0,-32.0,11.0,47.0,2,2,B
6367,5133,False,30,1,1,1.0,1,33,0.1,-10,2,6,False,0,0.4199999999999999,0.3800181483869529,$1 for sure,90% chance of -$10; 5% chance of $28; 2.5% chance of $30; 1.25% chance of $34; 0.625% chance of $42; 0.312% chance of $58; 0.312% chance of $90,1.0,-5.700000000000007,0.0,13.435400998853707,1.0,-10.0,1.0,90.0,1,7,A
6369,5134,False,16,1,33,0.95,-33,23,0.01,20,0,1,False,0,0.6125,0.4224926034855522,95% chance of $33; 5% chance of -$33,99% chance of $20; 1% chance of $23,29.699999999999996,20.03,14.38436651368423,0.298496231131986,-33.0,20.0,33.0,23.0,2,2,B
6371,5135,False,15,1,14,1.0,14,64,0.5,-43,0,1,False,0,0.3733333333333333,0.3614784456460256,$14 for sure,50% chance of -$43; 50% chance of $64,14.0,10.5,0.0,53.5,14.0,-43.0,14.0,64.0,1,2,A
6380,5142,False,15,1,39,0.75,-5,37,0.25,21,0,1,False,0,0.5733333333333334,0.4463609472591607,75% chance of $39; 25% chance of -$5,75% chance of $21; 25% chance of $37,28.0,25.0,19.05255888325765,6.928203230275509,-5.0,21.0,39.0,37.0,2,2,B
6382,5143,False,16,1,36,0.6,21,28,0.8,28,2,5,False,0,0.3625,0.3810074364978545,60% chance of $36; 40% chance of $21,20% chance of $28; 40% chance of $24; 20% chance of $26; 10% chance of $30; 5% chance of $38; 5% chance of $54,30.0,27.999999999999993,7.3484692283495345,6.8117545463705556,21.0,24.0,36.0,54.0,2,6,A
6385,5146,False,15,1,9,1.0,9,8,0.99,7,0,1,False,0,0.2533333333333333,0.3661901665736508,$9 for sure,1% chance of $7; 99% chance of $8,9.0,7.99,0.0,0.09949874371066203,9.0,7.0,9.0,8.0,1,2,A
6390,5150,False,16,1,24,0.75,-36,17,0.95,4,1,6,False,0,0.675,0.3415650255319866,75% chance of $24; 25% chance of -$36,5% chance of $4; 2.969% chance of $14.5; 14.844% chance of $15.5; 29.688% chance of $16.5; 29.688% chance of $17.5; 14.844% chance of $18.5; 2.969% chance of $19.5,9.0,16.35,25.98076211353316,3.0356218473321093,-36.0,4.0,24.0,19.5,2,7,B
6391,5151,False,15,1,-10,1.0,-10,38,0.01,-6,0,1,False,0,0.7866666666666667,0.3159264531651691,-$10 for sure,99% chance of -$6; 1% chance of $38,-10.0,-5.56,0.0,4.377944723269128,-10.0,-6.0,-10.0,38.0,1,2,B
6393,5152,False,15,1,94,0.01,27,46,0.8,-17,1,6,False,0,0.36,0.3397478056273085,1% chance of $94; 99% chance of $27,20% chance of -$17; 2.5% chance of $43.5; 12.5% chance of $44.5; 25% chance of $45.5; 25% chance of $46.5; 12.5% chance of $47.5; 2.5% chance of $48.5,27.67,33.4,6.666415828614354,25.219833464953727,27.0,-17.0,94.0,48.5,2,7,A
6394,5153,False,16,1,30,0.99,12,87,0.1,24,1,8,False,0,0.3875,0.389657969677682,99% chance of $30; 1% chance of $12,90% chance of $24; 0.078% chance of $83.5; 0.547% chance of $84.5; 1.641% chance of $85.5; 2.734% chance of $86.5; 2.734% chance of $87.5; 1.641% chance of $88.5; 0.547% chance of $89.5; 0.078% chance of $90.5,29.82,30.300000000000004,1.7909773867919168,18.904629062745457,12.0,24.0,30.0,90.5,2,9,A
6398,5157,False,16,1,20,0.99,14,26,0.9,-12,1,8,False,0,0.4625,0.3981205847478877,99% chance of $20; 1% chance of $14,10% chance of -$12; 0.703% chance of $22.5; 4.922% chance of $23.5; 14.766% chance of $24.5; 24.609% chance of $25.5; 24.609% chance of $26.5; 14.766% chance of $27.5; 4.922% chance of $28.5; 0.703% chance of $29.5,19.94,22.200000000000003,0.5969924622639722,11.468870912169164,14.0,-12.0,20.0,29.5,2,9,A
6400,5159,False,15,1,37,0.01,6,7,0.9,-20,0,1,False,0,0.2266666666666666,0.3011090610836324,1% chance of $37; 99% chance of $6,10% chance of -$20; 90% chance of $7,6.31,4.300000000000001,3.084461055030522,8.1,6.0,-20.0,37.0,7.0,2,2,A
6404,5163,False,15,1,32,0.75,8,47,0.1,18,3,3,False,0,0.2933333333333333,0.3104528182847636,75% chance of $32; 25% chance of $8,90% chance of $18; 5% chance of $49; 2.5% chance of $47; 2.5% chance of $43,26.0,20.9,10.392304845413264,8.734414691323051,8.0,18.0,32.0,49.0,2,4,A
6407,5165,False,16,1,30,0.1,30,30,0.9,15,2,3,False,0,0.35,0.3386246693120079,10% chance of $30; 90% chance of $30,10% chance of $15; 45% chance of $28; 22.5% chance of $30; 22.5% chance of $34,30.0,28.5,0.0,5.064582904840239,30.0,15.0,30.0,34.0,2,4,A
6411,5168,False,16,1,20,0.75,-19,22,0.8,14,0,1,False,0,0.8625000000000002,0.2156385865284782,75% chance of $20; 25% chance of -$19,20% chance of $14; 80% chance of $22,10.25,20.400000000000002,16.887495373796554,3.1999999999999997,-19.0,14.0,20.0,22.0,2,2,B
6412,5169,False,16,1,14,0.95,-39,11,0.99,-5,0,1,False,0,0.6749999999999999,0.3415650255319866,95% chance of $14; 5% chance of -$39,1% chance of -$5; 99% chance of $11,11.349999999999998,10.84,11.551082200382789,1.5919798993705925,-39.0,-5.0,14.0,11.0,2,2,B
6417,5173,False,16,1,-5,1.0,-5,20,0.4,-17,0,1,False,0,0.6625000000000001,0.4047633053197057,-$5 for sure,60% chance of -$17; 40% chance of $20,-5.0,-2.1999999999999993,0.0,18.126224096595518,-5.0,-17.0,-5.0,20.0,1,2,B
6419,5174,False,16,1,-6,0.99,-7,-14,0.99,-31,0,1,False,-1,0.125,0.2516611478423583,99% chance of -$6; 1% chance of -$7,1% chance of -$31; 99% chance of -$14,-6.01,-14.17,0.09949874371066203,1.6914786430812545,-7.0,-31.0,-6.0,-14.0,2,2,A
6420,5175,False,16,1,34,0.1,27,71,0.5,-20,3,5,False,0,0.3,0.4066120181860509,10% chance of $34; 90% chance of $27,50% chance of -$20; 25% chance of $75; 12.5% chance of $73; 6.25% chance of $69; 3.125% chance of $61; 3.125% chance of $45,27.700000000000003,25.5,2.1,45.81757304790379,27.0,-20.0,34.0,75.0,2,6,A
6422,5177,False,15,1,23,1.0,23,39,0.8,-15,1,4,False,0,0.5866666666666666,0.4373077809027587,$23 for sure,20% chance of -$15; 10% chance of $37.5; 30% chance of $38.5; 30% chance of $39.5; 10% chance of $40.5,23.0,28.200000000000006,0.0,21.613884426451435,23.0,-15.0,23.0,40.5,1,5,B
6425,5180,False,15,1,28,0.01,3,12,0.8,-45,0,1,False,0,0.28,0.3529467786670231,1% chance of $28; 99% chance of $3,20% chance of -$45; 80% chance of $12,3.25,0.6000000000000032,2.48746859276655,22.799999999999997,3.0,-45.0,28.0,12.0,2,2,A
6428,5183,False,15,1,7,1.0,7,27,0.25,4,1,6,False,0,0.7333333333333333,0.3829708431025353,$7 for sure,75% chance of $4; 0.781% chance of $24.5; 3.906% chance of $25.5; 7.812% chance of $26.5; 7.812% chance of $27.5; 3.906% chance of $28.5; 0.781% chance of $29.5,7.0,9.75,0.0,9.974968671630002,7.0,4.0,7.0,29.5,1,7,B
6432,5186,False,15,1,6,0.5,2,45,0.5,-28,0,1,False,0,0.5733333333333334,0.3453086955726647,50% chance of $6; 50% chance of $2,50% chance of -$28; 50% chance of $45,4.0,8.5,2.0,36.5,2.0,-28.0,6.0,45.0,2,2,B
6445,5198,False,16,1,35,0.75,2,81,0.25,13,3,5,False,0,0.375,0.3924283374069717,75% chance of $35; 25% chance of $2,75% chance of $13; 12.5% chance of $85; 6.25% chance of $83; 3.125% chance of $79; 1.562% chance of $71; 1.562% chance of $55,26.75,30.0,14.289419162443238,29.690065678607045,2.0,13.0,35.0,85.0,2,6,A
6447,5199,False,16,1,64,0.25,-11,71,0.05,5,0,1,False,1,0.95,0.1154700538379251,25% chance of $64; 75% chance of -$11,95% chance of $5; 5% chance of $71,7.75,8.3,32.47595264191645,14.384366513684224,-11.0,5.0,64.0,71.0,2,2,B
6450,5202,False,16,1,3,1.0,3,3,0.25,-8,3,5,False,0,0.1,0.1932183566158592,$3 for sure,75% chance of -$8; 12.5% chance of $7; 6.25% chance of $5; 3.125% chance of $1; 1.562% chance of -$7; 1.562% chance of -$23,3.0,-5.25,0.0,6.098155458825234,3.0,-23.0,3.0,7.0,1,6,A
6454,5204,False,16,1,3,1.0,3,35,0.2,-5,0,1,False,0,0.275,0.3991657967979387,$3 for sure,80% chance of -$5; 20% chance of $35,3.0,3.0,0.0,16.0,3.0,-5.0,3.0,35.0,1,2,A
6457,5207,False,16,1,8,1.0,8,25,0.1,14,0,1,False,0,0.8241379310344827,0.3007086359083643,$8 for sure,90% chance of $14; 10% chance of $25,8.0,15.1,0.0,3.3000000000000003,8.0,14.0,8.0,25.0,1,2,B
6467,5215,False,17,1,29,1.0,29,35,0.01,34,0,1,False,0,0.8588235294117647,0.3063062673400019,$29 for sure,99% chance of $34; 1% chance of $35,29.0,34.01,0.0,0.099498743710662,29.0,34.0,29.0,35.0,1,2,B
6469,5216,False,16,1,-8,1.0,-8,2,0.8,-41,2,3,False,0,0.6875,0.4064070209367287,-$8 for sure,20% chance of -$41; 40% chance of $0; 20% chance of $2; 20% chance of $6,-8.0,-6.599999999999997,0.0,17.338973441354593,-8.0,-41.0,-8.0,6.0,1,4,B
6471,5217,False,16,1,17,1.0,17,27,0.99,19,2,4,False,0,0.8125000000000001,0.2872281323269013,$17 for sure,1% chance of $19; 49.5% chance of $24; 24.75% chance of $26; 12.375% chance of $30; 12.375% chance of $38,17.0,26.919999999999998,0.0,4.628563492056688,17.0,19.0,17.0,38.0,1,5,B
6476,5221,False,16,1,-9,1.0,-9,35,0.1,-3,0,1,False,0,0.9,0.2633122354417533,-$9 for sure,90% chance of -$3; 10% chance of $35,-9.0,0.7999999999999998,0.0,11.4,-9.0,-3.0,-9.0,35.0,1,2,B
6478,5222,False,16,1,-5,0.8,-11,-2,0.9,-10,1,2,False,-1,0.7625,0.3879432948254164,80% chance of -$5; 20% chance of -$11,10% chance of -$10; 45% chance of -$2.5; 45% chance of -$1.5,-6.199999999999999,-2.8,2.4,2.4464259645450133,-11.0,-10.0,-5.0,-1.5,2,3,B
6480,5223,False,16,1,8,0.6,-4,16,0.8,-14,0,1,False,0,0.6625,0.3480900266693469,60% chance of $8; 40% chance of -$4,20% chance of -$14; 80% chance of $16,3.1999999999999997,10.000000000000002,5.878775382679628,11.999999999999998,-4.0,-14.0,8.0,16.0,2,2,B
6484,5226,False,16,1,17,1.0,17,63,0.5,-42,1,2,False,0,0.4125,0.4096746676734277,$17 for sure,50% chance of -$42; 25% chance of $62.5; 25% chance of $63.5,17.0,10.5,0.0,52.50119046269332,17.0,-42.0,17.0,63.5,1,3,A
6485,5227,False,16,1,7,1.0,7,26,0.05,12,0,1,False,0,0.75,0.322490309931942,$7 for sure,95% chance of $12; 5% chance of $26,7.0,12.7,0.0,3.0512292604784714,7.0,12.0,7.0,26.0,1,2,B
6487,5228,False,17,1,10,1.0,10,58,0.2,1,0,1,False,0,0.4513368983957221,0.3545591660587361,$10 for sure,80% chance of $1; 20% chance of $58,10.0,12.400000000000002,0.0,22.8,10.0,1.0,10.0,58.0,1,2,A
6490,5230,False,17,1,29,0.5,-35,-1,0.9,-10,0,1,False,0,0.4,0.3937003937005905,50% chance of $29; 50% chance of -$35,10% chance of -$10; 90% chance of -$1,-3.0,-1.9,32.0,2.6999999999999997,-35.0,-10.0,29.0,-1.0,2,2,A
6492,5231,False,17,1,47,0.6,-38,39,0.2,0,1,8,False,0,0.4117647058823529,0.4151541173786797,60% chance of $47; 40% chance of -$38,80% chance of $0; 0.156% chance of $35.5; 1.094% chance of $36.5; 3.281% chance of $37.5; 5.469% chance of $38.5; 5.469% chance of $39.5; 3.281% chance of $40.5; 1.094% chance of $41.5; 0.156% chance of $42.5,12.999999999999998,7.800000000000001,41.641325627314025,15.611213918206362,-38.0,0.0,47.0,42.5,2,9,A
6494,5232,False,17,1,29,1.0,29,27,0.2,21,0,1,False,0,0.1764705882352941,0.2537947294682897,$29 for sure,80% chance of $21; 20% chance of $27,29.0,22.200000000000003,0.0,2.4000000000000004,29.0,21.0,29.0,27.0,1,2,A
6497,5234,False,16,1,2,1.0,2,84,0.2,-18,3,7,False,0,0.4125,0.3964425136973413,$2 for sure,80% chance of -$18; 10% chance of $90; 5% chance of $88; 2.5% chance of $84; 1.25% chance of $76; 0.625% chance of $60; 0.312% chance of $28; 0.312% chance of -$36,2.0,2.400000000000003,0.0,41.572106032771536,2.0,-36.0,2.0,90.0,1,8,A
6499,5235,False,16,1,3,0.75,-21,26,0.01,-10,0,1,False,-1,0.35,0.3306559138036598,75% chance of $3; 25% chance of -$21,99% chance of -$10; 1% chance of $26,-3.0,-9.64,10.392304845413264,3.581954773583832,-21.0,-10.0,3.0,26.0,2,2,A
6501,5236,False,16,1,109,0.05,9,34,0.1,13,0,1,False,0,0.475,0.2909753712372692,5% chance of $109; 95% chance of $9,90% chance of $13; 10% chance of $34,14.0,15.100000000000001,21.79449471770337,6.300000000000001,9.0,13.0,109.0,34.0,2,2,A
6504,5238,False,15,1,16,0.6,-22,-1,0.95,-8,0,1,False,-1,0.4266666666666665,0.3369329451445933,60% chance of $16; 40% chance of -$22,5% chance of -$8; 95% chance of -$1,0.7999999999999989,-1.3500000000000003,18.616122045152153,1.5256146302392362,-22.0,-8.0,16.0,-1.0,2,2,A
6511,5243,False,16,1,31,0.8,10,41,0.8,-14,0,1,False,0,0.3125,0.3263433774416144,80% chance of $31; 20% chance of $10,20% chance of -$14; 80% chance of $41,26.8,30.000000000000004,8.399999999999999,21.999999999999996,10.0,-14.0,31.0,41.0,2,2,A
6521,5250,False,17,1,-7,1.0,-7,-10,0.8,-12,1,8,False,0,0.3058823529411764,0.3472581680740104,-$7 for sure,20% chance of -$12; 0.625% chance of -$13.5; 4.375% chance of -$12.5; 13.125% chance of -$11.5; 21.875% chance of -$10.5; 21.875% chance of -$9.5; 13.125% chance of -$8.5; 4.375% chance of -$7.5; 0.625% chance of -$6.5,-7.0,-10.4,0.0,1.42828568570857,-7.0,-13.5,-7.0,-6.5,1,9,A
6525,5253,False,17,1,51,0.25,-9,15,0.4,8,1,4,False,0,0.7647058823529412,0.2473387769603369,25% chance of $51; 75% chance of -$9,60% chance of $8; 5% chance of $13.5; 15% chance of $14.5; 15% chance of $15.5; 5% chance of $16.5,6.0,10.8,25.98076211353316,3.472751070837068,-9.0,8.0,51.0,16.5,2,5,B
6540,5265,False,16,1,13,1.0,13,59,0.2,6,3,3,False,0,0.625,0.3492849839314597,$13 for sure,80% chance of $6; 10% chance of $61; 5% chance of $59; 5% chance of $55,13.0,16.599999999999998,0.0,21.22828302053654,13.0,6.0,13.0,61.0,1,4,B
6544,5269,False,16,1,-9,1.0,-9,0,0.75,-19,1,6,False,0,0.7375,0.3630886025935451,-$9 for sure,25% chance of -$19; 2.344% chance of -$2.5; 11.719% chance of -$1.5; 23.438% chance of -$0.5; 23.438% chance of $0.5; 11.719% chance of $1.5; 2.344% chance of $2.5,-9.0,-4.75,0.0,8.284020762890446,-9.0,-19.0,-9.0,2.5,1,7,B
6547,5271,False,16,1,53,0.5,-3,85,0.2,29,0,1,False,0,0.5874999999999999,0.3964425136973413,50% chance of $53; 50% chance of -$3,80% chance of $29; 20% chance of $85,25.0,40.2,28.0,22.4,-3.0,29.0,53.0,85.0,2,2,B
6549,5272,False,16,1,27,1.0,27,49,0.5,-1,0,1,False,0,0.3875000000000001,0.3383784863137726,$27 for sure,50% chance of -$1; 50% chance of $49,27.0,24.0,0.0,25.0,27.0,-1.0,27.0,49.0,1,2,A
6552,5274,False,16,1,3,0.99,1,16,0.95,-10,0,1,False,0,0.6,0.4560701700396551,99% chance of $3; 1% chance of $1,5% chance of -$10; 95% chance of $16,2.9799999999999995,14.7,0.1989974874213241,5.666568626602878,1.0,-10.0,3.0,16.0,2,2,B
6560,5281,False,15,1,30,0.4,15,52,0.25,25,1,2,False,0,0.6533333333333332,0.358302877997027,40% chance of $30; 60% chance of $15,75% chance of $25; 12.5% chance of $51.5; 12.5% chance of $52.5,21.0,31.75,7.3484692283495345,11.6940155635265,15.0,25.0,30.0,52.5,2,3,B
6563,5283,False,16,1,29,0.8,9,45,0.5,-3,1,4,False,1,0.375,0.3785938897200182,80% chance of $29; 20% chance of $9,50% chance of -$3; 6.25% chance of $43.5; 18.75% chance of $44.5; 18.75% chance of $45.5; 6.25% chance of $46.5,25.000000000000004,21.0,7.999999999999999,24.007811228848,9.0,-3.0,29.0,46.5,2,5,A
6587,5307,False,15,1,21,1.0,21,54,0.5,-16,2,4,False,0,0.2533333333333333,0.341983012666391,$21 for sure,50% chance of -$16; 25% chance of $51; 12.5% chance of $53; 6.25% chance of $57; 6.25% chance of $65,21.0,19.0,0.0,35.14967994164385,21.0,-16.0,21.0,65.0,1,5,A
6588,5308,False,15,1,4,1.0,4,4,0.95,-20,0,1,False,0,0.2133333333333332,0.3159264531651691,$4 for sure,5% chance of -$20; 95% chance of $4,4.0,2.799999999999999,0.0,5.23067873224881,4.0,-20.0,4.0,4.0,1,2,A
6601,5321,False,15,1,45,0.4,-7,64,0.05,11,1,6,False,0,0.8666666666666667,0.1951800145897066,40% chance of $45; 60% chance of -$7,95% chance of $11; 0.156% chance of $61.5; 0.781% chance of $62.5; 1.562% chance of $63.5; 1.562% chance of $64.5; 0.781% chance of $65.5; 0.156% chance of $66.5,13.8,13.649999999999999,25.474693324945054,11.553787257864842,-7.0,11.0,45.0,66.5,2,7,B
6605,5325,False,16,1,108,0.1,18,27,1.0,27,0,1,False,0,0.375,0.4123105625617661,10% chance of $108; 90% chance of $18,$27 for sure,27.0,27.0,27.0,0.0,18.0,27.0,108.0,27.0,2,1,A
6607,5327,False,16,1,27,1.0,27,38,0.4,18,3,6,False,0,0.4125,0.3685557397915997,$27 for sure,60% chance of $18; 20% chance of $43; 10% chance of $41; 5% chance of $37; 2.5% chance of $29; 1.25% chance of $13; 1.25% chance of -$19,27.0,26.000000000000004,0.0,12.34503948960877,27.0,-19.0,27.0,43.0,1,7,A
6609,5328,False,16,1,14,1.0,14,34,0.75,-43,0,1,False,0,0.3750000000000001,0.3492849839314596,$14 for sure,25% chance of -$43; 75% chance of $34,14.0,14.75,0.0,33.34197804570089,14.0,-43.0,14.0,34.0,1,2,A
6618,5335,False,16,1,37,0.5,-7,22,0.6,20,1,8,False,0,0.625,0.3568379650952703,50% chance of $37; 50% chance of -$7,40% chance of $20; 0.469% chance of $18.5; 3.281% chance of $19.5; 9.844% chance of $20.5; 16.406% chance of $21.5; 16.406% chance of $22.5; 9.844% chance of $23.5; 3.281% chance of $24.5; 0.469% chance of $25.5,15.0,21.200000000000003,22.0,1.4177446878757824,-7.0,18.5,37.0,25.5,2,9,B
6623,5339,False,16,1,25,0.4,-28,-5,0.75,-28,0,1,False,0,0.15,0.2780887148615228,40% chance of $25; 60% chance of -$28,25% chance of -$28; 75% chance of -$5,-6.800000000000001,-10.75,25.96459127350169,9.959292143521045,-28.0,-28.0,25.0,-5.0,2,2,A
6627,5343,False,16,1,14,1.0,14,14,0.05,7,0,1,False,0,0.2,0.3425395354310701,$14 for sure,95% chance of $7; 5% chance of $14,14.0,7.35,0.0,1.5256146302392357,14.0,7.0,14.0,14.0,1,2,A
6628,5344,False,16,1,11,1.0,11,11,1.0,11,2,3,False,0,0.4,0.4676180777800049,$11 for sure,50% chance of $9; 25% chance of $11; 25% chance of $15,11.0,11.0,0.0,2.449489742783178,11.0,9.0,11.0,15.0,1,3,A
6631,5347,False,15,1,15,1.0,15,66,0.05,15,0,1,False,0,0.68,0.3764495792457281,$15 for sure,95% chance of $15; 5% chance of $66,15.0,17.55,0.0,11.115192306028717,15.0,15.0,15.0,66.0,1,2,B
6638,5353,False,15,1,25,1.0,25,19,0.99,12,1,6,False,0,0.1333333333333333,0.2894987457822983,$25 for sure,1% chance of $12; 3.094% chance of $16.5; 15.469% chance of $17.5; 30.938% chance of $18.5; 30.938% chance of $19.5; 15.469% chance of $20.5; 3.094% chance of $21.5,25.0,18.93,0.0,1.3124785712536418,25.0,12.0,25.0,21.5,1,7,A
6649,5364,False,16,1,12,1.0,12,63,0.05,10,0,1,False,0,0.5750000000000001,0.4057914078275521,$12 for sure,95% chance of $10; 5% chance of $63,12.0,12.65,0.0,11.551082200382785,12.0,10.0,12.0,63.0,1,2,B
6650,5365,False,30,1,19,1.0,19,22,0.05,13,1,8,False,0,0.4400000000000001,0.3691556068502353,$19 for sure,95% chance of $13; 0.039% chance of $18.5; 0.273% chance of $19.5; 0.82% chance of $20.5; 1.367% chance of $21.5; 1.367% chance of $22.5; 0.82% chance of $23.5; 0.273% chance of $24.5; 0.039% chance of $25.5,19.0,13.45,0.0,1.9836834424877374,19.0,13.0,19.0,25.5,1,9,A
6657,5372,False,16,1,25,0.6,8,25,0.75,14,0,1,False,0,0.875,0.2175622516277429,60% chance of $25; 40% chance of $8,25% chance of $14; 75% chance of $25,18.2,22.25,8.328265125462805,4.763139720814412,8.0,14.0,25.0,25.0,2,2,B
6659,5374,False,16,1,24,0.1,-8,-5,0.2,-13,3,3,False,-1,0.1624999999999999,0.2217355782608344,10% chance of $24; 90% chance of -$8,80% chance of -$13; 10% chance of -$3; 5% chance of -$5; 5% chance of -$9,-4.8,-11.4,9.600000000000001,3.3823069050575527,-8.0,-13.0,24.0,-3.0,2,4,A
6672,5387,False,15,1,-6,1.0,-6,12,0.25,1,1,6,False,0,0.9333333333333332,0.1447493728911492,-$6 for sure,75% chance of $1; 0.781% chance of $9.5; 3.906% chance of $10.5; 7.812% chance of $11.5; 7.812% chance of $12.5; 3.906% chance of $13.5; 0.781% chance of $14.5,-6.0,3.75,0.0,4.795831523312719,-6.0,1.0,-6.0,14.5,1,7,B
6675,5389,False,15,1,97,0.2,-3,16,0.99,-36,2,7,False,0,0.8,0.2390457218668787,20% chance of $97; 80% chance of -$3,1% chance of -$36; 49.5% chance of $10; 24.75% chance of $12; 12.375% chance of $16; 6.188% chance of $24; 3.094% chance of $40; 1.547% chance of $72; 1.547% chance of $136,17.0,15.48000000000001,40.0,18.482142732919282,-3.0,-36.0,97.0,136.0,2,8,B
6677,5390,False,15,1,-7,1.0,-7,46,0.1,-12,1,6,False,0,0.7561904761904761,0.3210526902736883,-$7 for sure,90% chance of -$12; 0.312% chance of $43.5; 1.562% chance of $44.5; 3.125% chance of $45.5; 3.125% chance of $46.5; 1.562% chance of $47.5; 0.312% chance of $48.5,-7.0,-6.2,0.0,17.403591583348536,-7.0,-12.0,-7.0,48.5,1,7,B
6679,5391,False,15,1,-8,0.01,-9,-13,0.8,-19,1,6,False,0,0.16,0.241424344848887,1% chance of -$8; 99% chance of -$9,20% chance of -$19; 2.5% chance of -$15.5; 12.5% chance of -$14.5; 25% chance of -$13.5; 25% chance of -$12.5; 12.5% chance of -$11.5; 2.5% chance of -$10.5,-8.99,-14.2,0.09949874371066199,2.6,-9.0,-19.0,-8.0,-10.5,2,7,A
6680,5392,False,16,1,7,1.0,7,68,0.4,-22,0,1,False,0,0.5249999999999999,0.405791407827552,$7 for sure,60% chance of -$22; 40% chance of $68,7.0,14.000000000000004,0.0,44.090815370097204,7.0,-22.0,7.0,68.0,1,2,B
6685,5397,False,17,1,38,0.1,26,40,0.6,31,1,2,False,-1,0.7294117647058824,0.2995094027788462,10% chance of $38; 90% chance of $26,40% chance of $31; 30% chance of $39.5; 30% chance of $40.5,27.200000000000003,36.4,3.6,4.426059195266146,26.0,31.0,38.0,40.5,2,3,B
6688,5399,False,17,1,-2,1.0,-2,-2,0.75,-23,0,1,False,0,0.0941176470588235,0.1886484436567597,-$2 for sure,25% chance of -$23; 75% chance of -$2,-2.0,-7.25,0.0,9.093266739736606,-2.0,-23.0,-2.0,-2.0,1,2,A
6690,5400,False,17,1,18,1.0,18,54,0.1,-1,1,2,False,0,0.1647058823529412,0.2667891875399663,$18 for sure,90% chance of -$1; 5% chance of $53.5; 5% chance of $54.5,18.0,4.5,0.0,16.50075755836683,18.0,-1.0,18.0,54.5,1,3,A
6694,5403,False,15,1,85,0.1,18,67,0.4,5,3,5,False,0,0.5333333333333333,0.3518657752744984,10% chance of $85; 90% chance of $18,60% chance of $5; 20% chance of $71; 10% chance of $69; 5% chance of $65; 2.5% chance of $57; 2.5% chance of $41,24.7,29.8,20.1,30.753211214440682,18.0,5.0,85.0,71.0,2,6,B
6704,5412,False,15,1,25,1.0,25,37,0.8,7,0,1,False,0,0.6,0.4342481186734476,$25 for sure,20% chance of $7; 80% chance of $37,25.0,31.0,0.0,11.999999999999998,25.0,7.0,25.0,37.0,1,2,B
6707,5414,False,16,1,-5,1.0,-5,7,0.1,-6,2,7,False,0,0.7625,0.3283798613394758,-$5 for sure,90% chance of -$6; 5% chance of $1; 2.5% chance of $3; 1.25% chance of $7; 0.625% chance of $15; 0.312% chance of $31; 0.156% chance of $63; 0.156% chance of $127,-5.0,-4.700000000000006,0.0,6.856383886568723,-5.0,-6.0,-5.0,127.0,1,8,B
6713,5418,False,15,1,70,0.25,10,31,0.9,-21,0,1,False,0,0.2666666666666666,0.3598941643369749,25% chance of $70; 75% chance of $10,10% chance of -$21; 90% chance of $31,25.0,25.800000000000004,25.98076211353316,15.599999999999998,10.0,-21.0,70.0,31.0,2,2,A
6727,5432,False,15,1,23,1.0,23,23,0.2,17,0,1,False,0,0.3066666666666667,0.3614784456460257,$23 for sure,80% chance of $17; 20% chance of $23,23.0,18.200000000000003,0.0,2.4000000000000004,23.0,17.0,23.0,23.0,1,2,A
6728,5433,False,16,1,-3,1.0,-3,47,0.25,-13,2,3,False,0,0.7000000000000001,0.3098386676965933,-$3 for sure,75% chance of -$13; 12.5% chance of $45; 6.25% chance of $47; 6.25% chance of $51,-3.0,2.0,0.0,26.009613607279906,-3.0,-13.0,-3.0,51.0,1,4,B
6730,5434,False,16,1,95,0.01,3,-7,0.6,-15,0,1,False,0,0.0625,0.1408308678285174,1% chance of $95; 99% chance of $3,40% chance of -$15; 60% chance of -$7,3.92,-10.2,9.153884421380903,3.919183588453085,3.0,-15.0,95.0,-7.0,2,2,A
6745,5448,False,15,1,9,1.0,9,81,0.1,2,0,1,False,0,0.3466666666666667,0.3739111175259754,$9 for sure,90% chance of $2; 10% chance of $81,9.0,9.9,0.0,23.7,9.0,2.0,9.0,81.0,1,2,A
6747,5449,False,15,1,22,1.0,22,84,0.4,-28,0,1,False,0,0.12,0.1971221521218324,$22 for sure,60% chance of -$28; 40% chance of $84,22.0,16.8,0.0,54.86857023834319,22.0,-28.0,22.0,84.0,1,2,A
6749,5450,False,16,1,-4,1.0,-4,10,0.2,1,1,2,False,0,0.975,0.1,-$4 for sure,80% chance of $1; 10% chance of $9.5; 10% chance of $10.5,-4.0,2.8,0.0,3.606937759374287,-4.0,1.0,-4.0,10.5,1,3,B
6755,5455,False,16,1,81,0.05,20,82,0.25,3,3,3,False,0,0.35,0.3829708431025352,5% chance of $81; 95% chance of $20,75% chance of $3; 12.5% chance of $84; 6.25% chance of $82; 6.25% chance of $78,23.05,22.75,13.294641777799056,34.22992112173208,20.0,3.0,81.0,84.0,2,4,A
6762,5462,False,16,1,-2,1.0,-2,32,0.1,-17,0,1,False,0,0.35,0.3829708431025353,-$2 for sure,90% chance of -$17; 10% chance of $32,-2.0,-12.100000000000001,0.0,14.7,-2.0,-17.0,-2.0,32.0,1,2,A
6768,5467,False,15,1,27,1.0,27,61,0.05,21,0,1,False,0,0.4933333333333333,0.4267261863247182,$27 for sure,95% chance of $21; 5% chance of $61,27.0,23.0,0.0,8.717797887081348,27.0,21.0,27.0,61.0,1,2,A
6769,5468,False,18,1,28,0.8,-17,27,0.25,3,0,1,False,0,0.4888888888888889,0.4404394715560529,80% chance of $28; 20% chance of -$17,75% chance of $3; 25% chance of $27,19.000000000000004,9.0,17.999999999999996,10.392304845413264,-17.0,3.0,28.0,27.0,2,2,A
6775,5473,False,18,1,7,1.0,7,8,0.6,-7,2,3,False,0,0.4555555555555556,0.4104835344153816,$7 for sure,40% chance of -$7; 30% chance of $6; 15% chance of $8; 15% chance of $12,7.0,2.0000000000000004,0.0,7.58946638440411,7.0,-7.0,7.0,12.0,1,4,A
6785,5481,False,16,1,23,0.5,21,38,0.4,22,1,2,False,0,0.6875,0.4193248541803041,50% chance of $23; 50% chance of $21,60% chance of $22; 20% chance of $37.5; 20% chance of $38.5,22.0,28.4,1.0,7.844743462982075,21.0,22.0,23.0,38.5,2,3,B
6797,5491,False,15,1,-7,1.0,-7,1,0.5,-31,1,6,False,0,0.4533333333333333,0.324844285041017,-$7 for sure,50% chance of -$31; 1.562% chance of -$1.5; 7.812% chance of -$0.5; 15.625% chance of $0.5; 15.625% chance of $1.5; 7.812% chance of $2.5; 1.562% chance of $3.5,-7.0,-15.0,0.0,16.019519343600795,-7.0,-31.0,-7.0,3.5,1,7,A
6801,5495,False,15,1,16,1.0,16,92,0.1,8,0,1,False,0,0.6533333333333334,0.4033195589934447,$16 for sure,90% chance of $8; 10% chance of $92,16.0,16.400000000000002,0.0,25.2,16.0,8.0,16.0,92.0,1,2,B
6803,5496,False,15,1,30,1.0,30,42,0.2,17,0,1,False,0,0.3083333333333333,0.3629820276280251,$30 for sure,80% chance of $17; 20% chance of $42,30.0,22.0,0.0,10.0,30.0,17.0,30.0,42.0,1,2,A
6810,5501,False,32,1,12,1.0,12,63,0.2,1,0,1,False,0,0.49375,0.2827714225648604,$12 for sure,80% chance of $1; 20% chance of $63,12.0,13.400000000000002,0.0,24.8,12.0,1.0,12.0,63.0,1,2,A
6818,5507,False,18,1,46,0.01,5,5,0.95,-12,1,2,False,0,0.2444444444444445,0.3535071714427275,1% chance of $46; 99% chance of $5,5% chance of -$12; 47.5% chance of $4.5; 47.5% chance of $5.5,5.41,4.149999999999999,4.079448492137142,3.7369773882109603,5.0,-12.0,46.0,5.5,2,3,A
6822,5510,False,18,1,0,1.0,0,72,0.1,-2,1,4,False,0,0.6000000000000001,0.3940737464575112,$0 for sure,90% chance of -$2; 1.25% chance of $70.5; 3.75% chance of $71.5; 3.75% chance of $72.5; 1.25% chance of $73.5,0.0,5.400000000000001,0.0,22.20168912492921,0.0,-2.0,0.0,73.5,1,5,B
6824,5511,False,18,1,-4,1.0,-4,3,0.6,-20,1,4,False,0,0.7,0.3834824944236852,-$4 for sure,40% chance of -$20; 7.5% chance of $1.5; 22.5% chance of $2.5; 22.5% chance of $3.5; 7.5% chance of $4.5,-4.0,-6.200000000000002,0.0,11.287603820120548,-4.0,-20.0,-4.0,4.5,1,5,B
6826,5512,False,16,1,7,1.0,7,68,0.1,-5,1,6,False,0,0.4,0.4258325179379016,$7 for sure,90% chance of -$5; 0.312% chance of $65.5; 1.562% chance of $66.5; 3.125% chance of $67.5; 3.125% chance of $68.5; 1.562% chance of $69.5; 0.312% chance of $70.5,7.0,2.3000000000000003,0.0,21.90285369535212,7.0,-5.0,7.0,70.5,1,7,A
6829,5514,False,16,1,33,0.75,9,31,0.6,28,0,1,False,0,0.4125,0.3685557397915997,75% chance of $33; 25% chance of $9,40% chance of $28; 60% chance of $31,27.0,29.799999999999997,10.392304845413264,1.469693845669907,9.0,28.0,33.0,31.0,2,2,A
6834,5519,False,15,1,-1,1.0,-1,35,0.1,5,2,3,False,0,0.9066666666666666,0.1830950832868253,-$1 for sure,90% chance of $5; 5% chance of $33; 2.5% chance of $35; 2.5% chance of $39,-1.0,7.999999999999998,0.0,9.03327183250897,-1.0,5.0,-1.0,39.0,1,4,B
6835,5520,False,15,1,-6,1.0,-6,-9,0.75,-14,0,1,False,0,0.2,0.3023715784073818,-$6 for sure,25% chance of -$14; 75% chance of -$9,-6.0,-10.25,0.0,2.165063509461097,-6.0,-14.0,-6.0,-9.0,1,2,A
6836,5521,False,15,1,-4,0.6,-12,7,0.2,0,0,1,False,0,0.9466666666666668,0.1187233679409327,60% chance of -$4; 40% chance of -$12,80% chance of $0; 20% chance of $7,-7.200000000000001,1.4000000000000001,3.919183588453085,2.8,-12.0,0.0,-4.0,7.0,2,2,B
6839,5524,False,15,1,-3,1.0,-3,-5,0.1,-5,1,8,False,0,0.1066666666666666,0.2120197654757238,-$3 for sure,90% chance of -$5; 0.078% chance of -$8.5; 0.547% chance of -$7.5; 1.641% chance of -$6.5; 2.734% chance of -$5.5; 2.734% chance of -$4.5; 1.641% chance of -$3.5; 0.547% chance of -$2.5; 0.078% chance of -$1.5,-3.0,-5.000000000000001,0.0,0.41833001326703784,-3.0,-8.5,-3.0,-1.5,1,9,A
6851,5534,False,16,1,13,0.75,1,35,0.5,-9,0,1,False,1,0.4625,0.3774917217635375,75% chance of $13; 25% chance of $1,50% chance of -$9; 50% chance of $35,10.0,13.0,5.196152422706632,22.0,1.0,-9.0,13.0,35.0,2,2,A
6852,5535,False,16,1,54,0.75,-50,34,0.5,32,0,1,False,0,0.75,0.3614784456460256,75% chance of $54; 25% chance of -$50,50% chance of $32; 50% chance of $34,28.0,33.0,45.033320996790806,1.0,-50.0,32.0,54.0,34.0,2,2,B
6858,5540,False,16,1,-1,1.0,-1,-6,0.6,-6,1,8,False,0,0.125,0.2909753712372692,-$1 for sure,40% chance of -$6; 0.469% chance of -$9.5; 3.281% chance of -$8.5; 9.844% chance of -$7.5; 16.406% chance of -$6.5; 16.406% chance of -$5.5; 9.844% chance of -$4.5; 3.281% chance of -$3.5; 0.469% chance of -$2.5,-1.0,-6.0,0.0,1.0246950765959597,-1.0,-9.5,-1.0,-2.5,1,9,A
6861,5542,False,16,1,7,1.0,7,11,0.5,-4,0,1,False,0,0.3,0.39327683210007,$7 for sure,50% chance of -$4; 50% chance of $11,7.0,3.5,0.0,7.5,7.0,-4.0,7.0,11.0,1,2,A
6864,5544,False,16,1,88,0.05,8,52,0.25,1,1,2,False,0,0.4604166666666666,0.349861083542851,5% chance of $88; 95% chance of $8,75% chance of $1; 12.5% chance of $51.5; 12.5% chance of $52.5,12.0,13.75,17.435595774162696,22.085062825357777,8.0,1.0,88.0,52.5,2,3,A
6867,5547,False,16,1,3,0.5,1,14,0.2,3,1,2,False,0,0.8250000000000002,0.2408318915758459,50% chance of $3; 50% chance of $1,80% chance of $3; 10% chance of $13.5; 10% chance of $14.5,2.0,5.200000000000001,1.0,4.405678154382138,1.0,3.0,3.0,14.5,2,3,B
6877,5556,False,30,1,12,0.6,-3,67,0.5,-38,0,1,False,0,0.56,0.3296811416693618,60% chance of $12; 40% chance of -$3,50% chance of -$38; 50% chance of $67,5.999999999999999,14.5,7.3484692283495345,52.5,-3.0,-38.0,12.0,67.0,2,2,B
6878,5557,False,16,1,6,1.0,6,44,0.25,2,0,1,False,0,0.7375,0.3242941051987634,$6 for sure,75% chance of $2; 25% chance of $44,6.0,12.5,0.0,18.186533479473212,6.0,2.0,6.0,44.0,1,2,B
6881,5560,False,16,1,53,0.4,-15,35,0.6,6,0,1,False,0,0.7,0.2633122354417533,40% chance of $53; 60% chance of -$15,40% chance of $6; 60% chance of $35,12.200000000000003,23.4,33.31306050185122,14.207040508142432,-15.0,6.0,53.0,35.0,2,2,B
6883,5561,False,16,1,26,0.4,6,15,0.05,14,0,1,False,0,0.6125,0.3612478373637689,40% chance of $26; 60% chance of $6,95% chance of $14; 5% chance of $15,14.0,14.049999999999999,9.797958971132712,0.2179449471770337,6.0,14.0,26.0,15.0,2,2,B
6888,5565,False,16,1,18,0.6,-7,10,0.5,-14,0,1,False,0,0.2375,0.2753785273643051,60% chance of $18; 40% chance of -$7,50% chance of -$14; 50% chance of $10,7.999999999999998,-2.0,12.24744871391589,12.0,-7.0,-14.0,18.0,10.0,2,2,A
6892,5568,False,16,1,18,1.0,18,18,0.9,-25,0,1,False,0,0.2,0.3098386676965933,$18 for sure,10% chance of -$25; 90% chance of $18,18.0,13.7,0.0,12.9,18.0,-25.0,18.0,18.0,1,2,A
6896,5571,False,16,1,-9,1.0,-9,38,0.01,-11,0,1,False,0,0.4375,0.3442382895611701,-$9 for sure,99% chance of -$11; 1% chance of $38,-9.0,-10.51,0.0,4.875438441822438,-9.0,-11.0,-9.0,38.0,1,2,A
6899,5573,False,16,1,11,1.0,11,98,0.2,-12,3,7,False,0,0.4500000000000001,0.3966526608171605,$11 for sure,80% chance of -$12; 10% chance of $104; 5% chance of $102; 2.5% chance of $98; 1.25% chance of $90; 0.625% chance of $74; 0.312% chance of $42; 0.312% chance of -$22,11.0,10.000000000000002,0.0,44.71688719041164,11.0,-22.0,11.0,104.0,1,8,A
6908,5580,False,15,1,9,1.0,9,88,0.25,-14,0,1,False,0,0.3200000000000001,0.4262795863213318,$9 for sure,75% chance of -$14; 25% chance of $88,9.0,11.5,0.0,44.16729559300637,9.0,-14.0,9.0,88.0,1,2,A
6915,5586,False,15,1,16,1.0,16,40,0.6,-12,0,1,False,0,0.3200000000000001,0.4262795863213317,$16 for sure,40% chance of -$12; 60% chance of $40,16.0,19.2,0.0,25.474693324945054,16.0,-12.0,16.0,40.0,1,2,A
6916,5587,False,15,1,25,1.0,25,52,0.1,15,0,1,False,0,0.3333333333333333,0.4386125310350269,$25 for sure,90% chance of $15; 10% chance of $52,25.0,18.7,0.0,11.1,25.0,15.0,25.0,52.0,1,2,A
6934,5603,False,16,1,-6,1.0,-6,58,0.25,-22,1,2,False,0,0.6625000000000001,0.3630886025935451,-$6 for sure,75% chance of -$22; 12.5% chance of $57.5; 12.5% chance of $58.5,-6.0,-2.0,0.0,34.64191824942724,-6.0,-22.0,-6.0,58.5,1,3,B
6939,5607,False,16,1,18,0.4,-24,-7,1.0,-7,2,8,False,0,0.525,0.4250490167812021,40% chance of $18; 60% chance of -$24,50% chance of -$14; 25% chance of -$12; 12.5% chance of -$8; 6.25% chance of $0; 3.125% chance of $16; 1.562% chance of $48; 0.781% chance of $112; 0.781% chance of $240,-7.199999999999998,-7.0,20.575713839378697,26.1725046566048,-24.0,-14.0,18.0,240.0,2,8,B
6944,5612,False,16,1,-9,1.0,-9,0,0.2,-22,0,1,False,0,0.25,0.3055050463303893,-$9 for sure,80% chance of -$22; 20% chance of $0,-9.0,-17.6,0.0,8.8,-9.0,-22.0,-9.0,0.0,1,2,A
6945,5613,False,16,1,13,1.0,13,44,0.25,1,0,1,False,0,0.4375,0.4080441152620633,$13 for sure,75% chance of $1; 25% chance of $44,13.0,11.75,0.0,18.619546181365433,13.0,1.0,13.0,44.0,1,2,A
6947,5614,False,16,1,-10,1.0,-10,-4,0.01,-13,0,1,False,0,0.15,0.2250925735484551,-$10 for sure,99% chance of -$13; 1% chance of -$4,-10.0,-12.909999999999998,0.0,0.895488693395958,-10.0,-13.0,-10.0,-4.0,1,2,A
6949,5615,False,16,1,4,1.0,4,4,0.2,-3,0,1,False,0,0.1375,0.2895398648430529,$4 for sure,80% chance of -$3; 20% chance of $4,4.0,-1.6000000000000003,0.0,2.8000000000000003,4.0,-3.0,4.0,4.0,1,2,A
6952,5618,False,16,1,113,0.2,-17,13,0.5,10,1,2,False,1,0.8,0.3502380143083653,20% chance of $113; 80% chance of -$17,50% chance of $10; 25% chance of $12.5; 25% chance of $13.5,9.0,11.5,52.00000000000001,1.541103500742244,-17.0,10.0,113.0,13.5,2,3,B
6958,5623,False,16,1,26,0.1,17,45,0.01,21,0,1,False,0,0.8374999999999999,0.2848976424378879,10% chance of $26; 90% chance of $17,99% chance of $21; 1% chance of $45,17.900000000000002,21.24,2.7,2.3879698490558883,17.0,21.0,26.0,45.0,2,2,B
6960,5624,False,16,1,1,0.99,-37,1,1.0,1,2,3,False,0,0.675,0.3991657967979388,99% chance of $1; 1% chance of -$37,50% chance of -$1; 25% chance of $1; 25% chance of $5,0.6199999999999997,1.0,3.780952261005157,2.449489742783178,-37.0,-1.0,1.0,5.0,2,3,B
6964,5627,False,16,1,30,0.8,22,70,0.5,-7,3,5,False,0,0.2125,0.2247220505424423,80% chance of $30; 20% chance of $22,50% chance of -$7; 25% chance of $74; 12.5% chance of $72; 6.25% chance of $68; 3.125% chance of $60; 3.125% chance of $44,28.4,31.5,3.1999999999999997,38.87479903485033,22.0,-7.0,30.0,74.0,2,6,A
6975,5636,False,16,1,71,0.5,-33,40,0.5,11,0,1,False,-1,0.625,0.3,50% chance of $71; 50% chance of -$33,50% chance of $11; 50% chance of $40,19.0,25.5,52.0,14.5,-33.0,11.0,71.0,40.0,2,2,B
6976,5637,False,15,1,11,1.0,11,18,0.75,-7,0,1,False,0,0.2533333333333333,0.192230020944651,$11 for sure,25% chance of -$7; 75% chance of $18,11.0,11.75,0.0,10.825317547305483,11.0,-7.0,11.0,18.0,1,2,A
6977,5638,False,16,1,-8,0.8,-10,61,0.1,-5,0,1,False,-1,0.875,0.2049390153191919,80% chance of -$8; 20% chance of -$10,90% chance of -$5; 10% chance of $61,-8.4,1.6000000000000005,0.7999999999999999,19.8,-10.0,-5.0,-8.0,61.0,2,2,B
6979,5639,False,16,1,6,1.0,6,3,0.75,-14,1,2,False,0,0.225,0.2720294101747089,$6 for sure,25% chance of -$14; 37.5% chance of $2.5; 37.5% chance of $3.5,6.0,-1.25,0.0,7.3739406018763125,6.0,-14.0,6.0,3.5,1,3,A
6980,5640,False,16,1,57,0.2,22,49,0.2,15,1,8,False,1,0.4249999999999999,0.3991657967979388,20% chance of $57; 80% chance of $22,80% chance of $15; 0.156% chance of $45.5; 1.094% chance of $46.5; 3.281% chance of $47.5; 5.469% chance of $48.5; 5.469% chance of $49.5; 3.281% chance of $50.5; 1.094% chance of $51.5; 0.156% chance of $52.5,29.0,21.799999999999997,14.0,13.612861565446114,22.0,15.0,57.0,52.5,2,9,A
6982,5641,False,16,1,4,1.0,4,7,0.01,3,0,1,False,0,0.5249999999999999,0.4123105625617661,$4 for sure,99% chance of $3; 1% chance of $7,4.0,3.0399999999999996,0.0,0.397994974842648,4.0,3.0,4.0,7.0,1,2,B
6983,5642,False,15,1,23,1.0,23,38,0.25,12,0,1,False,0,0.4266666666666667,0.3104528182847635,$23 for sure,75% chance of $12; 25% chance of $38,23.0,18.5,0.0,11.258330249197702,23.0,12.0,23.0,38.0,1,2,A
6985,5644,False,15,1,3,1.0,3,17,0.75,-41,0,1,False,0,0.6,0.3779644730092272,$3 for sure,25% chance of -$41; 75% chance of $17,3.0,2.5,0.0,25.11473670974872,3.0,-41.0,3.0,17.0,1,2,B
6988,5646,False,15,1,9,1.0,9,15,0.25,6,1,8,False,0,0.4133333333333334,0.39617216074881,$9 for sure,75% chance of $6; 0.195% chance of $11.5; 1.367% chance of $12.5; 4.102% chance of $13.5; 6.836% chance of $14.5; 6.836% chance of $15.5; 4.102% chance of $16.5; 1.367% chance of $17.5; 0.195% chance of $18.5,9.0,8.25,0.0,3.952847075210474,9.0,6.0,9.0,18.5,1,9,A
6993,5651,False,15,1,18,1.0,18,72,0.25,-5,0,1,False,0,0.3199999999999999,0.352946778667023,$18 for sure,75% chance of -$5; 25% chance of $72,18.0,14.25,0.0,33.34197804570089,18.0,-5.0,18.0,72.0,1,2,A
6994,5652,False,15,1,0,0.9,-2,76,0.4,-41,0,1,False,0,0.6266666666666667,0.3918211448145818,90% chance of $0; 10% chance of -$2,60% chance of -$41; 40% chance of $76,-0.19999999999999996,5.800000000000004,0.6,57.31805998112637,-2.0,-41.0,0.0,76.0,2,2,B
7003,5659,False,15,1,67,0.25,-2,50,0.2,6,0,1,False,0,0.7066666666666668,0.3453086955726647,25% chance of $67; 75% chance of -$2,80% chance of $6; 20% chance of $50,15.25,14.8,29.877876430563134,17.6,-2.0,6.0,67.0,50.0,2,2,B
7005,5661,False,15,1,76,0.2,7,17,0.8,5,0,1,False,0,0.3733333333333333,0.3283436063174123,20% chance of $76; 80% chance of $7,20% chance of $5; 80% chance of $17,20.8,14.600000000000001,27.600000000000005,4.8,7.0,5.0,76.0,17.0,2,2,A
7006,5662,False,15,1,17,1.0,17,58,0.5,-28,0,1,False,0,0.5066666666666667,0.4061433010064071,$17 for sure,50% chance of -$28; 50% chance of $58,17.0,15.0,0.0,43.0,17.0,-28.0,17.0,58.0,1,2,B
7013,5668,False,15,1,22,1.0,22,26,0.4,10,0,1,False,0,0.3466666666666667,0.4172472146045293,$22 for sure,60% chance of $10; 40% chance of $26,22.0,16.4,0.0,7.83836717690617,22.0,10.0,22.0,26.0,1,2,A
7014,5669,False,15,1,-2,1.0,-2,0,0.4,-10,2,7,False,0,0.5733333333333334,0.3692979181920098,-$2 for sure,60% chance of -$10; 20% chance of -$6; 10% chance of -$4; 5% chance of $0; 2.5% chance of $8; 1.25% chance of $24; 0.625% chance of $56; 0.625% chance of $120,-2.0,-6.000000000000009,0.0,12.296340919151476,-2.0,-10.0,-2.0,120.0,1,8,B
7018,5672,False,15,1,60,0.01,14,57,0.25,18,2,7,False,1,0.6933333333333334,0.3692979181920098,1% chance of $60; 99% chance of $14,75% chance of $18; 12.5% chance of $51; 6.25% chance of $53; 3.125% chance of $57; 1.562% chance of $65; 0.781% chance of $81; 0.391% chance of $113; 0.391% chance of $177,14.459999999999999,27.75,4.576942210690452,19.09679292446771,14.0,18.0,60.0,177.0,2,8,B
7020,5674,False,15,1,98,0.01,-2,60,0.2,-5,0,1,False,0,0.6133333333333333,0.3739111175259753,1% chance of $98; 99% chance of -$2,80% chance of -$5; 20% chance of $60,-1.0,8.0,9.9498743710662,26.000000000000004,-2.0,-5.0,98.0,60.0,2,2,B
7025,5678,False,15,1,19,1.0,19,26,0.4,18,1,2,False,0,0.7333333333333335,0.3829708431025353,$19 for sure,60% chance of $18; 20% chance of $25.5; 20% chance of $26.5,19.0,21.2,0.0,3.9319206502675,19.0,18.0,19.0,26.5,1,3,B
7033,5685,False,15,1,-5,1.0,-5,22,0.6,-27,0,1,False,0,0.6933333333333334,0.3692979181920098,-$5 for sure,40% chance of -$27; 60% chance of $22,-5.0,2.3999999999999986,0.0,24.004999479275146,-5.0,-27.0,-5.0,22.0,1,2,B
7044,5696,False,16,1,-8,1.0,-8,42,0.01,-6,1,8,False,0,0.7125000000000001,0.3862210075418822,-$8 for sure,99% chance of -$6; 0.008% chance of $38.5; 0.055% chance of $39.5; 0.164% chance of $40.5; 0.273% chance of $41.5; 0.273% chance of $42.5; 0.164% chance of $43.5; 0.055% chance of $44.5; 0.008% chance of $45.5,-8.0,-5.52,0.0,4.77777144702423,-8.0,-6.0,-8.0,45.5,1,9,B
7054,5706,False,16,1,47,0.5,-27,16,0.75,2,0,1,False,-1,0.6749999999999999,0.3415650255319866,50% chance of $47; 50% chance of -$27,25% chance of $2; 75% chance of $16,10.0,12.5,37.0,6.06217782649107,-27.0,2.0,47.0,16.0,2,2,B
7058,5710,False,16,1,12,0.25,8,17,0.8,-15,1,2,False,0,0.3875000000000001,0.3757215280851853,25% chance of $12; 75% chance of $8,20% chance of -$15; 40% chance of $16.5; 40% chance of $17.5,9.0,10.600000000000001,1.7320508075688772,12.80781011726829,8.0,-15.0,12.0,17.5,2,3,A
7060,5711,False,16,1,30,1.0,30,23,0.99,-5,0,1,False,0,0.1875,0.2578759391645525,$30 for sure,1% chance of -$5; 99% chance of $23,30.0,22.72,0.0,2.7859648238985373,30.0,-5.0,30.0,23.0,1,2,A
7061,5712,False,16,1,-7,1.0,-7,46,0.05,-1,1,8,False,0,0.9375,0.0957427107756337,-$7 for sure,95% chance of -$1; 0.039% chance of $42.5; 0.273% chance of $43.5; 0.82% chance of $44.5; 1.367% chance of $45.5; 1.367% chance of $46.5; 0.82% chance of $47.5; 0.273% chance of $48.5; 0.039% chance of $49.5,-7.0,1.3499999999999999,0.0,10.247682664875997,-7.0,-1.0,-7.0,49.5,1,9,B
7067,5717,False,30,1,6,0.1,-11,12,0.6,-30,0,1,False,0,0.6400000000000002,0.3212046291588953,10% chance of $6; 90% chance of -$11,40% chance of -$30; 60% chance of $12,-9.3,-4.800000000000001,5.1000000000000005,20.575713839378697,-11.0,-30.0,6.0,12.0,2,2,B
7070,5719,False,16,1,-7,1.0,-7,-1,0.6,-3,0,1,False,0,0.9,0.2065591117977288,-$7 for sure,40% chance of -$3; 60% chance of -$1,-7.0,-1.8000000000000003,0.0,0.9797958971132712,-7.0,-3.0,-7.0,-1.0,1,2,B
7075,5723,False,15,1,6,0.5,-6,57,0.01,-2,1,8,False,0,0.56,0.4222389303293981,50% chance of $6; 50% chance of -$6,99% chance of -$2; 0.008% chance of $53.5; 0.055% chance of $54.5; 0.164% chance of $55.5; 0.273% chance of $56.5; 0.273% chance of $57.5; 0.164% chance of $58.5; 0.055% chance of $59.5; 0.008% chance of $60.5,0.0,-1.41,6.0,5.87191621193627,-6.0,-2.0,6.0,60.5,2,9,B
7077,5724,False,16,1,13,0.9,3,17,0.9,6,3,4,False,-1,0.775,0.3255764119219941,90% chance of $13; 10% chance of $3,10% chance of $6; 45% chance of $20; 22.5% chance of $18; 11.25% chance of $14; 11.25% chance of $6,12.000000000000002,15.899999999999997,2.9999999999999996,5.458021619598075,3.0,6.0,13.0,20.0,2,5,B
7079,5725,False,16,1,1,1.0,1,6,0.4,-12,2,7,False,0,0.3875,0.4287578959428424,$1 for sure,60% chance of -$12; 20% chance of $0; 10% chance of $2; 5% chance of $6; 2.5% chance of $14; 1.25% chance of $30; 0.625% chance of $62; 0.625% chance of $126,1.0,-4.800000000000008,0.0,14.316424134538586,1.0,-12.0,1.0,126.0,1,8,A
7081,5726,False,16,1,55,0.25,-1,91,0.01,2,0,1,False,0,0.6499999999999999,0.3464101615137754,25% chance of $55; 75% chance of -$1,99% chance of $2; 1% chance of $91,13.0,2.89,24.24871130596428,8.855388190248917,-1.0,2.0,55.0,91.0,2,2,B
7086,5730,False,16,1,15,1.0,15,10,0.95,-17,1,4,False,0,0.175,0.262043253427114,$15 for sure,5% chance of -$17; 11.875% chance of $8.5; 35.625% chance of $9.5; 35.625% chance of $10.5; 11.875% chance of $11.5,15.0,8.649999999999999,0.0,5.944745579080742,15.0,-17.0,15.0,11.5,1,5,A
7090,5734,False,16,1,36,0.75,-24,17,0.6,-8,2,5,False,0,0.4625,0.3774917217635375,75% chance of $36; 25% chance of -$24,40% chance of -$8; 30% chance of $13; 15% chance of $15; 7.5% chance of $19; 3.75% chance of $27; 3.75% chance of $43,21.0,7.000000000000002,25.98076211353316,13.594116374373145,-24.0,-8.0,36.0,43.0,2,6,A
7093,5737,False,15,1,23,1.0,23,91,0.01,27,0,1,False,0,0.9466666666666668,0.0915475416434126,$23 for sure,99% chance of $27; 1% chance of $91,23.0,27.64,0.0,6.367919597482368,23.0,27.0,23.0,91.0,1,2,B
7096,5739,False,15,1,-7,1.0,-7,91,0.1,-19,3,6,False,0,0.7333333333333333,0.3086066999241838,-$7 for sure,90% chance of -$19; 5% chance of $96; 2.5% chance of $94; 1.25% chance of $90; 0.625% chance of $82; 0.312% chance of $66; 0.312% chance of $34,-7.0,-8.000000000000004,0.0,33.21294928186896,-7.0,-19.0,-7.0,96.0,1,7,B
7099,5741,False,15,1,23,1.0,23,29,0.2,14,1,2,False,0,0.4133333333333333,0.4033195589934446,$23 for sure,80% chance of $14; 10% chance of $28.5; 10% chance of $29.5,23.0,17.0,0.0,6.00416522091123,23.0,14.0,23.0,29.5,1,3,A
7103,5744,False,16,1,20,1.0,20,22,0.8,21,3,3,False,0,0.6375,0.3593976442141304,$20 for sure,20% chance of $21; 40% chance of $24; 20% chance of $22; 20% chance of $18,20.0,21.800000000000004,0.0,2.227105745132009,20.0,18.0,20.0,24.0,1,4,B
7107,5748,False,15,1,2,1.0,2,47,0.1,-14,0,1,False,0,0.1866666666666666,0.2774029216723951,$2 for sure,90% chance of -$14; 10% chance of $47,2.0,-7.8999999999999995,0.0,18.3,2.0,-14.0,2.0,47.0,1,2,A
7112,5753,False,17,1,12,1.0,12,92,0.4,-35,1,8,False,0,0.3647058823529412,0.4076474832354976,$12 for sure,60% chance of -$35; 0.312% chance of $88.5; 2.188% chance of $89.5; 6.562% chance of $90.5; 10.938% chance of $91.5; 10.938% chance of $92.5; 6.562% chance of $93.5; 2.188% chance of $94.5; 0.312% chance of $95.5,12.0,15.800000000000002,0.0,62.22266468096654,12.0,-35.0,12.0,95.5,1,9,A
7116,5756,False,17,1,30,1.0,30,88,0.01,39,1,2,False,0,0.6352941176470589,0.4314817152420659,$30 for sure,99% chance of $39; 0.5% chance of $87.5; 0.5% chance of $88.5,30.0,39.49,0.0,4.87569482227918,30.0,39.0,30.0,88.5,1,3,B
7118,5757,False,17,1,27,1.0,27,78,0.05,30,0,1,False,0,0.776470588235294,0.3382480815997074,$27 for sure,95% chance of $30; 5% chance of $78,27.0,32.4,0.0,10.461357464497617,27.0,30.0,27.0,78.0,1,2,B
7120,5758,False,17,1,26,1.0,26,31,0.6,14,1,6,False,0,0.5411764705882353,0.4228753118967395,$26 for sure,40% chance of $14; 1.875% chance of $28.5; 9.375% chance of $29.5; 18.75% chance of $30.5; 18.75% chance of $31.5; 9.375% chance of $32.5; 1.875% chance of $33.5,26.0,24.2,0.0,8.373171442171719,26.0,14.0,26.0,33.5,1,7,B
7129,5765,False,17,1,5,1.0,5,19,0.6,-5,1,8,False,0,0.4235294117647059,0.3992640288153722,$5 for sure,40% chance of -$5; 0.469% chance of $15.5; 3.281% chance of $16.5; 9.844% chance of $17.5; 16.406% chance of $18.5; 16.406% chance of $19.5; 9.844% chance of $20.5; 3.281% chance of $21.5; 0.469% chance of $22.5,5.0,9.399999999999999,0.0,11.802118453904791,5.0,-5.0,5.0,22.5,1,9,A
7131,5767,False,18,1,77,0.05,17,35,0.75,-20,0,1,False,0,0.2333333333333333,0.2589571847418252,5% chance of $77; 95% chance of $17,25% chance of -$20; 75% chance of $35,20.0,21.25,13.076696830622021,23.81569860407206,17.0,-20.0,77.0,35.0,2,2,A
7138,5772,False,17,1,17,1.0,17,16,0.9,-16,1,8,False,0,0.3411764705882353,0.3857765278134022,$17 for sure,10% chance of -$16; 0.703% chance of $12.5; 4.922% chance of $13.5; 14.766% chance of $14.5; 24.609% chance of $15.5; 24.609% chance of $16.5; 14.766% chance of $17.5; 4.922% chance of $18.5; 0.703% chance of $19.5,17.0,12.800000000000002,0.0,9.681683737862956,17.0,-16.0,17.0,19.5,1,9,A
7142,5775,False,17,1,18,1.0,18,59,0.5,0,0,1,False,0,0.7176470588235295,0.3244905509364777,$18 for sure,50% chance of $0; 50% chance of $59,18.0,29.5,0.0,29.5,18.0,0.0,18.0,59.0,1,2,B
7146,5778,False,16,1,27,1.0,27,61,0.75,-47,0,1,False,0,0.35,0.4163331998932265,$27 for sure,25% chance of -$47; 75% chance of $61,27.0,34.0,0.0,46.76537180435969,27.0,-47.0,27.0,61.0,1,2,A
7148,5779,False,16,1,2,1.0,2,78,0.4,-41,0,1,False,0,0.6000000000000001,0.39327683210007,$2 for sure,60% chance of -$41; 40% chance of $78,2.0,6.600000000000005,0.0,58.297855878239645,2.0,-41.0,2.0,78.0,1,2,B
7151,5782,False,16,1,7,1.0,7,50,0.5,-44,1,6,False,0,0.4000000000000001,0.3651483716701108,$7 for sure,50% chance of -$44; 1.562% chance of $47.5; 7.812% chance of $48.5; 15.625% chance of $49.5; 15.625% chance of $50.5; 7.812% chance of $51.5; 1.562% chance of $52.5,7.0,3.0,0.0,47.006648465935115,7.0,-44.0,7.0,52.5,1,7,A
7153,5783,False,16,1,8,1.0,8,64,0.05,8,0,1,False,0,0.8875000000000001,0.2187083293643233,$8 for sure,95% chance of $8; 5% chance of $64,8.0,10.8,0.0,12.204917041913887,8.0,8.0,8.0,64.0,1,2,B
7154,5784,False,16,1,-3,1.0,-3,25,0.1,-11,0,1,False,0,0.375,0.3568379650952703,-$3 for sure,90% chance of -$11; 10% chance of $25,-3.0,-7.4,0.0,10.8,-3.0,-11.0,-3.0,25.0,1,2,A
7165,5793,False,16,1,-7,1.0,-7,86,0.25,-30,2,6,False,0,0.7375000000000002,0.2986078811194819,-$7 for sure,75% chance of -$30; 12.5% chance of $81; 6.25% chance of $83; 3.125% chance of $87; 1.562% chance of $95; 0.781% chance of $111; 0.781% chance of $143,-7.0,-1.0,0.0,50.5791459002621,-7.0,-30.0,-7.0,143.0,1,7,B
7180,5806,False,16,1,-4,0.25,-5,11,0.01,-9,1,2,False,0,0.5375,0.42406760467328,25% chance of -$4; 75% chance of -$5,99% chance of -$9; 0.5% chance of $10.5; 0.5% chance of $11.5,-4.75,-8.8,0.4330127018922193,1.9906029237394385,-5.0,-9.0,-4.0,11.5,2,3,B
7182,5807,False,30,1,-5,1.0,-5,42,0.4,-49,0,1,False,0,0.4933333333333334,0.3885723944738309,-$5 for sure,60% chance of -$49; 40% chance of $42,-5.0,-12.599999999999998,0.0,44.58071331865384,-5.0,-49.0,-5.0,42.0,1,2,A
7188,5811,False,16,1,16,0.99,-18,29,0.8,-17,0,1,False,1,0.52109375,0.4142694058520373,99% chance of $16; 1% chance of -$18,20% chance of -$17; 80% chance of $29,15.66,19.800000000000004,3.382957286162509,18.4,-18.0,-17.0,16.0,29.0,2,2,B
7191,5813,False,16,1,30,1.0,30,27,0.25,24,2,7,False,0,0.6124999999999999,0.3827531841800928,$30 for sure,75% chance of $24; 12.5% chance of $21; 6.25% chance of $23; 3.125% chance of $27; 1.562% chance of $35; 0.781% chance of $51; 0.391% chance of $83; 0.391% chance of $147,30.0,24.75,0.0,9.01041064547005,30.0,21.0,30.0,147.0,1,8,B
7196,5817,False,16,1,63,0.01,22,33,0.4,25,1,8,False,0,0.6625,0.3242941051987634,1% chance of $63; 99% chance of $22,60% chance of $25; 0.312% chance of $29.5; 2.188% chance of $30.5; 6.562% chance of $31.5; 10.938% chance of $32.5; 10.938% chance of $33.5; 6.562% chance of $34.5; 2.188% chance of $35.5; 0.312% chance of $36.5,22.41,28.2,4.079448492137142,4.007492981902775,22.0,25.0,63.0,36.5,2,9,B
7198,5818,False,16,1,6,1.0,6,8,0.6,6,1,6,False,0,0.675,0.3415650255319866,$6 for sure,40% chance of $6; 1.875% chance of $5.5; 9.375% chance of $6.5; 18.75% chance of $7.5; 18.75% chance of $8.5; 9.375% chance of $9.5; 1.875% chance of $10.5,6.0,7.200000000000001,0.0,1.307669683062202,6.0,5.5,6.0,10.5,1,7,B
7203,5822,False,16,1,1,1.0,1,3,0.75,-13,3,3,False,0,0.3625,0.3201562118716424,$1 for sure,25% chance of -$13; 37.5% chance of $5; 18.75% chance of $3; 18.75% chance of -$1,1.0,-1.0,0.0,7.245688373094719,1.0,-13.0,1.0,5.0,1,4,A
7205,5823,False,16,1,0,1.0,0,25,0.4,-21,3,2,False,0,0.6,0.3183289703016885,$0 for sure,60% chance of -$21; 20% chance of $26; 20% chance of $24,0.0,-2.5999999999999996,0.0,22.544178849538962,0.0,-21.0,0.0,26.0,1,3,B
7207,5824,False,32,1,10,0.9,7,12,0.99,1,1,4,False,0,0.4624999999999999,0.4109391289983657,90% chance of $10; 10% chance of $7,1% chance of $1; 12.375% chance of $10.5; 37.125% chance of $11.5; 37.125% chance of $12.5; 12.375% chance of $13.5,9.7,11.889999999999999,0.9,1.3929824119492684,7.0,1.0,10.0,13.5,2,5,A
7218,5833,False,16,1,31,0.2,11,29,0.75,-28,0,1,False,0,0.275,0.3255764119219941,20% chance of $31; 80% chance of $11,25% chance of -$28; 75% chance of $29,15.0,14.75,8.0,24.681724007856502,11.0,-28.0,31.0,29.0,2,2,A
7224,5838,False,16,1,17,0.9,-1,17,0.8,-13,3,4,False,0,0.2375,0.3518996068956789,90% chance of $17; 10% chance of -$1,20% chance of -$13; 40% chance of $20; 20% chance of $18; 10% chance of $14; 10% chance of $6,15.200000000000001,11.0,5.4,12.680693987317886,-1.0,-13.0,17.0,20.0,2,5,A
7228,5842,False,16,1,30,1.0,30,26,0.99,4,0,1,False,0,0.175,0.2909753712372692,$30 for sure,1% chance of $4; 99% chance of $26,30.0,25.779999999999998,0.0,2.188972361634565,30.0,4.0,30.0,26.0,1,2,A
7230,5843,False,16,1,44,0.2,5,16,0.8,-1,1,6,False,0,0.58125,0.3833514488473121,20% chance of $44; 80% chance of $5,20% chance of -$1; 2.5% chance of $13.5; 12.5% chance of $14.5; 25% chance of $15.5; 25% chance of $16.5; 12.5% chance of $17.5; 2.5% chance of $18.5,12.8,12.6,15.6,6.873136110975833,5.0,-1.0,44.0,18.5,2,7,B
7235,5847,False,16,1,30,1.0,30,35,0.8,25,0,1,False,0,0.6875,0.3930648801406709,$30 for sure,20% chance of $25; 80% chance of $35,30.0,33.0,0.0,3.9999999999999996,30.0,25.0,30.0,35.0,1,2,B
7241,5852,False,16,1,29,0.5,-31,11,0.01,3,0,1,False,0,0.6625,0.3981205847478877,50% chance of $29; 50% chance of -$31,99% chance of $3; 1% chance of $11,-1.0,3.0799999999999996,30.0,0.7959899496852959,-31.0,3.0,29.0,11.0,2,2,B
7243,5854,False,16,1,29,1.0,29,37,0.1,29,1,8,False,0,0.9375,0.202895703913776,$29 for sure,90% chance of $29; 0.078% chance of $33.5; 0.547% chance of $34.5; 1.641% chance of $35.5; 2.734% chance of $36.5; 2.734% chance of $37.5; 1.641% chance of $38.5; 0.547% chance of $39.5; 0.078% chance of $40.5,29.0,29.800000000000004,0.0,2.436185543015967,29.0,29.0,29.0,40.5,1,9,B
7245,5855,False,16,1,12,1.0,12,11,0.6,8,0,1,False,0,0.2,0.3011090610836324,$12 for sure,40% chance of $8; 60% chance of $11,12.0,9.8,0.0,1.469693845669907,12.0,8.0,12.0,11.0,1,2,A
7247,5857,False,16,1,4,1.0,4,35,0.6,-26,1,4,False,0,0.55,0.3614784456460256,$4 for sure,40% chance of -$26; 7.5% chance of $33.5; 22.5% chance of $34.5; 22.5% chance of $35.5; 7.5% chance of $36.5,4.0,10.599999999999998,0.0,29.891303083003923,4.0,-26.0,4.0,36.5,1,5,B
7252,5861,False,16,1,17,1.0,17,23,0.6,4,0,1,False,0,0.3625,0.3283798613394758,$17 for sure,40% chance of $4; 60% chance of $23,17.0,15.399999999999999,0.0,9.308061022576078,17.0,4.0,17.0,23.0,1,2,A
7255,5863,False,16,1,28,1.0,28,100,0.01,22,0,1,False,0,0.475,0.3642343567906063,$28 for sure,99% chance of $22; 1% chance of $100,28.0,22.78,0.0,7.760902009431636,28.0,22.0,28.0,100.0,1,2,A
7259,5867,False,16,1,23,1.0,23,31,0.5,22,3,4,False,0,0.5375000000000001,0.4177319714841085,$23 for sure,50% chance of $22; 25% chance of $34; 12.5% chance of $32; 6.25% chance of $28; 6.25% chance of $20,23.0,26.5,0.0,5.545268253204709,23.0,20.0,23.0,34.0,1,5,B
7262,5869,False,16,1,80,0.4,-25,59,0.1,15,2,5,False,0,0.5750000000000001,0.3568379650952703,40% chance of $80; 60% chance of -$25,90% chance of $15; 5% chance of $55; 2.5% chance of $57; 1.25% chance of $61; 0.625% chance of $69; 0.625% chance of $85,17.0,19.39999999999999,51.43928459844674,13.417898494175596,-25.0,15.0,80.0,85.0,2,6,B
7264,5871,False,16,1,59,0.01,-1,7,0.4,-19,3,4,False,0,0.5375,0.4364630568559039,1% chance of $59; 99% chance of -$1,60% chance of -$19; 20% chance of $10; 10% chance of $8; 5% chance of $4; 5% chance of -$4,-0.4,-8.6,5.96992462263972,13.062924634246345,-1.0,-19.0,59.0,10.0,2,5,B
7274,5880,False,16,1,52,0.4,7,111,0.25,1,1,8,False,0,0.475,0.3714835124201341,40% chance of $52; 60% chance of $7,75% chance of $1; 0.195% chance of $107.5; 1.367% chance of $108.5; 4.102% chance of $109.5; 6.836% chance of $110.5; 6.836% chance of $111.5; 4.102% chance of $112.5; 1.367% chance of $113.5; 0.195% chance of $114.5,25.0,28.5,22.045407685048602,47.63598954572058,7.0,1.0,52.0,114.5,2,9,A
7286,5891,False,16,1,13,1.0,13,31,0.1,-4,3,4,False,0,0.3,0.3864367132317184,$13 for sure,90% chance of -$4; 5% chance of $34; 2.5% chance of $32; 1.25% chance of $28; 1.25% chance of $20,13.0,-0.5000000000000002,0.0,10.599528291391085,13.0,-4.0,13.0,34.0,1,5,A
7289,5893,False,16,1,10,1.0,10,28,0.05,2,2,7,False,0,0.4375,0.3879432948254165,$10 for sure,95% chance of $2; 2.5% chance of $22; 1.25% chance of $24; 0.625% chance of $28; 0.312% chance of $36; 0.156% chance of $52; 0.078% chance of $84; 0.078% chance of $148,10.0,3.3000000000000123,0.0,6.928924880528137,10.0,2.0,10.0,148.0,1,8,A
7297,5899,False,16,1,19,1.0,19,67,0.4,-4,0,1,False,0,0.3875,0.3827531841800928,$19 for sure,60% chance of -$4; 40% chance of $67,19.0,24.400000000000002,0.0,34.78275434752113,19.0,-4.0,19.0,67.0,1,2,A
7298,5900,False,15,1,7,0.1,-12,34,0.2,-30,0,1,False,0,0.4133333333333333,0.4240395309514477,10% chance of $7; 90% chance of -$12,80% chance of -$30; 20% chance of $34,-10.100000000000001,-17.2,5.699999999999999,25.6,-12.0,-30.0,7.0,34.0,2,2,A
7302,5903,False,15,1,32,0.9,-6,40,0.8,-14,3,2,False,-1,0.3733333333333333,0.3011090610836324,90% chance of $32; 10% chance of -$6,20% chance of -$14; 40% chance of $41; 40% chance of $39,28.2,29.200000000000003,11.399999999999999,21.618510586994656,-6.0,-14.0,32.0,41.0,2,3,A
7305,5905,False,15,1,11,1.0,11,23,0.05,6,0,1,False,0,0.24,0.33123146848433,$11 for sure,95% chance of $6; 5% chance of $23,11.0,6.85,0.0,3.705064102009572,11.0,6.0,11.0,23.0,1,2,A
7310,5909,False,15,1,110,0.05,-7,25,0.05,-5,3,3,False,0,0.5333333333333333,0.4577377082170634,5% chance of $110; 95% chance of -$7,95% chance of -$5; 2.5% chance of $27; 1.25% chance of $25; 1.25% chance of $21,-1.1499999999999995,-3.4999999999999982,25.499558819712945,6.561249880929704,-7.0,-5.0,110.0,27.0,2,4,B
7315,5913,False,16,1,50,0.1,0,40,0.4,-27,0,1,False,0,0.3250000000000001,0.3714835124201341,10% chance of $50; 90% chance of $0,60% chance of -$27; 40% chance of $40,5.0,-0.1999999999999993,15.0,32.82316255329459,0.0,-27.0,50.0,40.0,2,2,A
7318,5915,False,16,1,69,0.4,-21,84,0.1,-3,0,1,False,0,0.5375,0.4425306015783918,40% chance of $69; 60% chance of -$21,90% chance of -$3; 10% chance of $84,15.000000000000002,5.7,44.090815370097204,26.099999999999998,-21.0,-3.0,69.0,84.0,2,2,B
7323,5920,False,16,1,23,1.0,23,55,0.2,10,1,8,False,0,0.5895833333333333,0.3909568035246634,$23 for sure,80% chance of $10; 0.156% chance of $51.5; 1.094% chance of $52.5; 3.281% chance of $53.5; 5.469% chance of $54.5; 5.469% chance of $55.5; 3.281% chance of $56.5; 1.094% chance of $57.5; 0.156% chance of $58.5,23.0,19.0,0.0,18.009719598039275,23.0,10.0,23.0,58.5,1,9,B
7324,5921,False,16,1,11,1.0,11,72,0.25,-8,1,4,False,0,0.4625000000000001,0.4112987559751022,$11 for sure,75% chance of -$8; 3.125% chance of $70.5; 9.375% chance of $71.5; 9.375% chance of $72.5; 3.125% chance of $73.5,11.0,12.0,0.0,34.64372237505664,11.0,-8.0,11.0,73.5,1,5,A
7328,5924,False,16,1,37,0.5,-1,76,0.01,31,1,2,False,0,0.925,0.1437590576856521,50% chance of $37; 50% chance of -$1,99% chance of $31; 0.5% chance of $75.5; 0.5% chance of $76.5,18.0,31.450000000000003,19.0,4.4777226354476225,-1.0,31.0,37.0,76.5,2,3,B
7330,5926,False,16,1,7,0.95,-2,43,0.5,-37,0,1,False,1,0.2625,0.2390955178723907,95% chance of $7; 5% chance of -$2,50% chance of -$37; 50% chance of $43,6.549999999999999,3.0,1.9615045245933038,40.0,-2.0,-37.0,7.0,43.0,2,2,A
7332,5927,False,16,1,5,1.0,5,13,0.6,-1,0,1,False,0,0.6874999999999999,0.3422961680572347,$5 for sure,40% chance of -$1; 60% chance of $13,5.0,7.3999999999999995,0.0,6.858571279792898,5.0,-1.0,5.0,13.0,1,2,B
7335,5929,False,16,1,9,1.0,9,90,0.2,-10,0,1,False,0,0.4625,0.4425306015783918,$9 for sure,80% chance of -$10; 20% chance of $90,9.0,10.0,0.0,40.0,9.0,-10.0,9.0,90.0,1,2,A
7336,5930,False,16,1,-4,1.0,-4,-6,0.99,-15,0,1,False,0,0.1431818181818182,0.2000413180460973,-$4 for sure,1% chance of -$15; 99% chance of -$6,-4.0,-6.09,0.0,0.8954886933959584,-4.0,-15.0,-4.0,-6.0,1,2,A
7338,5932,False,16,1,24,0.25,16,65,0.4,-23,0,1,False,0,0.375,0.2909753712372692,25% chance of $24; 75% chance of $16,60% chance of -$23; 40% chance of $65,18.0,12.200000000000001,3.4641016151377544,43.111019472983934,16.0,-23.0,24.0,65.0,2,2,A
7342,5935,False,16,1,27,0.25,19,36,0.4,18,1,8,False,0,0.6000000000000001,0.3723797345005051,25% chance of $27; 75% chance of $19,60% chance of $18; 0.312% chance of $32.5; 2.188% chance of $33.5; 6.562% chance of $34.5; 10.938% chance of $35.5; 10.938% chance of $36.5; 6.562% chance of $37.5; 2.188% chance of $38.5; 0.312% chance of $39.5,21.0,25.200000000000003,3.4641016151377544,8.857764955111419,19.0,18.0,27.0,39.5,2,9,B
7344,5936,False,16,1,24,0.8,-26,14,1.0,14,0,1,False,0,0.4625,0.4047633053197057,80% chance of $24; 20% chance of -$26,$14 for sure,14.000000000000004,14.0,19.999999999999996,0.0,-26.0,14.0,24.0,14.0,2,1,A
7349,5940,False,16,1,27,1.0,27,96,0.05,22,0,1,False,0,0.6375000000000001,0.3739429546512855,$27 for sure,95% chance of $22; 5% chance of $96,27.0,25.7,0.0,16.12792609110049,27.0,22.0,27.0,96.0,1,2,B
7350,5941,False,16,1,0,1.0,0,28,0.1,2,0,1,False,0,0.925,0.2175622516277429,$0 for sure,90% chance of $2; 10% chance of $28,0.0,4.6000000000000005,0.0,7.8,0.0,2.0,0.0,28.0,1,2,B
7355,5945,False,16,1,12,1.0,12,89,0.05,16,1,2,False,0,0.7999999999999999,0.3577708763999663,$12 for sure,95% chance of $16; 2.5% chance of $88.5; 2.5% chance of $89.5,12.0,19.65,0.0,15.910373974234545,12.0,16.0,12.0,89.5,1,3,B
7357,5946,False,16,1,9,0.2,-14,-8,0.75,-18,1,8,False,0,0.375,0.3855731664245668,20% chance of $9; 80% chance of -$14,25% chance of -$18; 0.586% chance of -$11.5; 4.102% chance of -$10.5; 12.305% chance of -$9.5; 20.508% chance of -$8.5; 20.508% chance of -$7.5; 12.305% chance of -$6.5; 4.102% chance of -$5.5; 0.586% chance of -$4.5,-9.4,-10.5,9.2,4.479118216792229,-14.0,-18.0,9.0,-4.5,2,9,A
7358,5947,False,16,1,39,0.75,-45,18,1.0,18,3,4,False,0,0.7125,0.3649200825751669,75% chance of $39; 25% chance of -$45,50% chance of $21; 25% chance of $19; 12.5% chance of $15; 12.5% chance of $7,18.0,18.0,36.373066958946424,4.58257569495584,-45.0,7.0,39.0,21.0,2,4,B
7361,5949,False,16,1,54,0.05,29,72,0.4,-2,1,2,False,0,0.25,0.2250925735484551,5% chance of $54; 95% chance of $29,60% chance of -$2; 20% chance of $71.5; 20% chance of $72.5,30.249999999999996,27.6,5.448623679425842,36.253827384153524,29.0,-2.0,54.0,72.5,2,3,A
7365,5952,False,16,1,10,1.0,10,16,0.4,11,0,1,False,0,0.65,0.4226897995772629,$10 for sure,60% chance of $11; 40% chance of $16,10.0,13.0,0.0,2.449489742783178,10.0,11.0,10.0,16.0,1,2,B
7367,5954,False,15,1,73,0.1,-19,60,0.2,-21,1,4,False,0,0.6933333333333334,0.4131182235954578,10% chance of $73; 90% chance of -$19,80% chance of -$21; 2.5% chance of $58.5; 7.5% chance of $59.5; 7.5% chance of $60.5; 2.5% chance of $61.5,-9.8,-4.799999999999999,27.6,32.40231473212987,-19.0,-21.0,73.0,61.5,2,5,B
7369,5955,False,15,1,25,1.0,25,35,0.75,-1,0,1,False,0,0.4,0.4140393356054125,$25 for sure,25% chance of -$1; 75% chance of $35,25.0,26.0,0.0,15.588457268119896,25.0,-1.0,25.0,35.0,1,2,A
7380,5965,False,15,1,2,1.0,2,0,0.99,-4,1,6,False,0,0.08,0.211119465164699,$2 for sure,1% chance of -$4; 3.094% chance of -$2.5; 15.469% chance of -$1.5; 30.938% chance of -$0.5; 30.938% chance of $0.5; 15.469% chance of $1.5; 3.094% chance of $2.5,2.0,-0.04000000000000008,0.0,1.1814821200509131,2.0,-4.0,2.0,2.5,1,7,A
7382,5967,False,15,1,27,0.1,-10,-6,1.0,-6,3,4,False,0,0.3733333333333333,0.439913411393435,10% chance of $27; 90% chance of -$10,50% chance of -$3; 25% chance of -$5; 12.5% chance of -$9; 12.5% chance of -$17,-6.3,-6.0,11.1,4.58257569495584,-10.0,-17.0,27.0,-3.0,2,4,A
7385,5970,False,15,1,49,0.1,-3,25,0.25,-4,0,1,False,0,0.6666666666666666,0.3518657752744984,10% chance of $49; 90% chance of -$3,75% chance of -$4; 25% chance of $25,2.2,3.25,15.6,12.55736835487436,-3.0,-4.0,49.0,25.0,2,2,B
7405,5989,False,15,1,24,1.0,24,54,0.1,17,1,4,False,0,0.3866666666666666,0.3661901665736508,$24 for sure,90% chance of $17; 1.25% chance of $52.5; 3.75% chance of $53.5; 3.75% chance of $54.5; 1.25% chance of $55.5,24.0,20.700000000000003,0.0,11.103377864415856,24.0,17.0,24.0,55.5,1,5,A
7409,5992,False,15,1,-5,1.0,-5,-4,0.99,-23,0,1,False,0,0.4933333333333333,0.3990464825532173,-$5 for sure,1% chance of -$23; 99% chance of -$4,-5.0,-4.19,0.0,1.8904761305025786,-5.0,-23.0,-5.0,-4.0,1,2,A
7412,5994,False,15,1,24,1.0,24,48,0.05,24,0,1,False,0,0.8933333333333333,0.225092573548455,$24 for sure,95% chance of $24; 5% chance of $48,24.0,25.199999999999996,0.0,5.230678732248808,24.0,24.0,24.0,48.0,1,2,B
7414,5995,False,15,1,6,0.95,-33,4,1.0,4,0,1,False,0,0.5599999999999999,0.4154171741411621,95% chance of $6; 5% chance of -$33,$4 for sure,4.049999999999998,4.0,8.499852939904317,0.0,-33.0,4.0,6.0,4.0,2,1,B
7426,6006,False,16,1,26,1.0,26,26,0.9,11,0,1,False,0,0.175,0.2720294101747089,$26 for sure,10% chance of $11; 90% chance of $26,26.0,24.5,0.0,4.499999999999999,26.0,11.0,26.0,26.0,1,2,A
7430,6009,False,16,1,47,0.25,-16,0,1.0,0,0,1,False,0,0.6,0.3346640106136301,25% chance of $47; 75% chance of -$16,$0 for sure,-0.25,0.0,27.279800219209818,0.0,-16.0,0.0,47.0,0.0,2,1,B
7432,6010,False,15,1,59,0.4,-11,19,0.25,18,1,8,False,1,0.68,0.3277629805645711,40% chance of $59; 60% chance of -$11,75% chance of $18; 0.195% chance of $15.5; 1.367% chance of $16.5; 4.102% chance of $17.5; 6.836% chance of $18.5; 6.836% chance of $19.5; 4.102% chance of $20.5; 1.367% chance of $21.5; 0.195% chance of $22.5,17.0,18.25,34.292856398964496,0.7905694150420949,-11.0,15.5,59.0,22.5,2,9,B
7434,6011,False,31,1,27,1.0,27,61,0.01,26,0,1,False,0,0.5096774193548387,0.3419111372951334,$27 for sure,99% chance of $26; 1% chance of $61,27.0,26.349999999999998,0.0,3.48245602987317,27.0,26.0,27.0,61.0,1,2,B
7438,6014,False,16,1,23,1.0,23,26,0.05,21,0,1,False,0,0.5874999999999999,0.4031128874149274,$23 for sure,95% chance of $21; 5% chance of $26,23.0,21.25,0.0,1.0897247358851685,23.0,21.0,23.0,26.0,1,2,B
7442,6017,False,16,1,14,0.6,12,41,0.4,-2,0,1,False,0,0.475,0.3087609647175843,60% chance of $14; 40% chance of $12,60% chance of -$2; 40% chance of $41,13.200000000000001,15.200000000000003,0.9797958971132713,21.06561178793533,12.0,-2.0,14.0,41.0,2,2,A
7448,6021,False,16,1,29,1.0,29,68,0.2,11,0,1,False,0,0.475,0.3714835124201342,$29 for sure,80% chance of $11; 20% chance of $68,29.0,22.400000000000002,0.0,22.8,29.0,11.0,29.0,68.0,1,2,A
7460,6032,False,15,1,-6,0.95,-38,85,0.1,-14,1,4,False,0,0.9066666666666666,0.2120197654757238,95% chance of -$6; 5% chance of -$38,90% chance of -$14; 1.25% chance of $83.5; 3.75% chance of $84.5; 3.75% chance of $85.5; 1.25% chance of $86.5,-7.600000000000001,-4.1,6.974238309665081,29.701262599424965,-38.0,-14.0,-6.0,86.5,2,5,B
7469,6039,False,15,1,0,1.0,0,18,0.6,-50,1,4,False,0,0.4133333333333334,0.3502380143083653,$0 for sure,40% chance of -$50; 7.5% chance of $16.5; 22.5% chance of $17.5; 22.5% chance of $18.5; 7.5% chance of $19.5,0.0,-9.200000000000001,0.0,33.31981392505066,0.0,-50.0,0.0,19.5,1,5,A
7471,6040,False,15,1,21,1.0,21,51,0.4,-4,0,1,False,0,0.4,0.2828427124746189,$21 for sure,60% chance of -$4; 40% chance of $51,21.0,18.000000000000004,0.0,26.944387170614963,21.0,-4.0,21.0,51.0,1,2,A
7474,6042,False,15,1,23,1.0,23,29,0.25,26,0,1,False,0,0.5466666666666666,0.341983012666391,$23 for sure,75% chance of $26; 25% chance of $29,23.0,26.75,0.0,1.299038105676658,23.0,26.0,23.0,29.0,1,2,B
7475,6043,False,16,1,25,1.0,25,41,0.8,-36,0,1,False,0,0.25,0.3141125063837266,$25 for sure,20% chance of -$36; 80% chance of $41,25.0,25.600000000000005,0.0,30.799999999999997,25.0,-36.0,25.0,41.0,1,2,A
7479,6047,False,16,1,-1,1.0,-1,81,0.01,-1,0,1,False,0,0.875,0.2294921930407801,-$1 for sure,99% chance of -$1; 1% chance of $81,-1.0,-0.17999999999999994,0.0,8.158896984274284,-1.0,-1.0,-1.0,81.0,1,2,B
7480,6048,False,32,1,1,1.0,1,4,0.9,-7,0,1,False,0,0.5562499999999999,0.324223638468782,$1 for sure,10% chance of -$7; 90% chance of $4,1.0,2.9000000000000004,0.0,3.2999999999999994,1.0,-7.0,1.0,4.0,1,2,B
7482,6049,False,16,1,57,0.4,-1,51,0.01,16,1,2,False,1,0.7499999999999999,0.3464101615137754,40% chance of $57; 60% chance of -$1,99% chance of $16; 0.5% chance of $50.5; 0.5% chance of $51.5,22.2,16.35,28.414081016284864,3.4828149534535995,-1.0,16.0,57.0,51.5,2,3,B
7486,6053,False,16,1,57,0.4,-8,18,1.0,18,2,6,False,0,0.8089285714285713,0.2569774600348957,40% chance of $57; 60% chance of -$8,50% chance of $13; 25% chance of $15; 12.5% chance of $19; 6.25% chance of $27; 3.125% chance of $43; 3.125% chance of $75,18.0,18.0,31.843366656181317,11.874342087037917,-8.0,13.0,57.0,75.0,2,6,B
7488,6054,False,15,1,-5,1.0,-5,-2,0.99,-3,1,6,False,0,0.8133333333333332,0.3335237551331168,-$5 for sure,1% chance of -$3; 3.094% chance of -$4.5; 15.469% chance of -$3.5; 30.938% chance of -$2.5; 30.938% chance of -$1.5; 15.469% chance of -$0.5; 3.094% chance of $0.5,-5.0,-2.01,0.0,1.1168706281391771,-5.0,-4.5,-5.0,0.5,1,7,B
7489,6055,False,16,1,-5,1.0,-5,33,0.5,-39,1,8,False,0,0.675,0.405791407827552,-$5 for sure,50% chance of -$39; 0.391% chance of $29.5; 2.734% chance of $30.5; 8.203% chance of $31.5; 13.672% chance of $32.5; 13.672% chance of $33.5; 8.203% chance of $34.5; 2.734% chance of $35.5; 0.391% chance of $36.5,-5.0,-3.0,0.0,36.01215072721983,-5.0,-39.0,-5.0,36.5,1,9,B
7491,6056,False,16,1,17,0.95,-22,16,0.6,-7,2,5,False,0,0.4375000000000001,0.4455333881989093,95% chance of $17; 5% chance of -$22,40% chance of -$7; 30% chance of $12; 15% chance of $14; 7.5% chance of $18; 3.75% chance of $26; 3.75% chance of $42,15.049999999999997,6.800000000000001,8.499852939904319,12.71849047646772,-22.0,-7.0,17.0,42.0,2,6,A
7492,6057,False,16,1,12,1.0,12,58,0.2,5,0,1,False,0,0.4625,0.4303099657998484,$12 for sure,80% chance of $5; 20% chance of $58,12.0,15.600000000000001,0.0,21.200000000000003,12.0,5.0,12.0,58.0,1,2,A
7494,6058,False,16,1,10,1.0,10,27,0.2,10,0,1,False,0,0.7625,0.3667424164178449,$10 for sure,80% chance of $10; 20% chance of $27,10.0,13.4,0.0,6.8,10.0,10.0,10.0,27.0,1,2,B
7496,6060,False,16,1,21,1.0,21,17,0.99,17,2,5,False,0,0.425,0.3785938897200183,$21 for sure,1% chance of $17; 49.5% chance of $13; 24.75% chance of $15; 12.375% chance of $19; 6.188% chance of $27; 6.188% chance of $43,21.0,17.0,0.0,7.577598564189056,21.0,13.0,21.0,43.0,1,6,A
7500,6063,False,16,1,0,1.0,0,6,0.1,1,0,1,False,0,0.95,0.1549193338482966,$0 for sure,90% chance of $1; 10% chance of $6,0.0,1.5,0.0,1.5,0.0,1.0,0.0,6.0,1,2,B
7502,6064,False,16,1,-10,1.0,-10,113,0.25,-45,0,1,False,0,0.5375,0.3774917217635375,-$10 for sure,75% chance of -$45; 25% chance of $113,-10.0,-5.5,0.0,68.41600689897065,-10.0,-45.0,-10.0,113.0,1,2,B
7506,6067,False,16,1,28,1.0,28,31,0.6,30,2,5,False,0,0.5750000000000001,0.4781910357447812,$28 for sure,40% chance of $30; 30% chance of $27; 15% chance of $29; 7.5% chance of $33; 3.75% chance of $41; 3.75% chance of $57,28.0,30.60000000000001,0.0,5.919459434779499,28.0,27.0,28.0,57.0,1,6,B
7514,6074,False,15,1,11,1.0,11,24,0.8,-41,0,1,False,0,0.3200000000000001,0.360951124510943,$11 for sure,20% chance of -$41; 80% chance of $24,11.0,11.000000000000005,0.0,26.0,11.0,-41.0,11.0,24.0,1,2,A
7544,6100,False,15,1,19,1.0,19,22,0.05,19,1,6,False,0,0.8533333333333334,0.277402921672395,$19 for sure,95% chance of $19; 0.156% chance of $19.5; 0.781% chance of $20.5; 1.562% chance of $21.5; 1.562% chance of $22.5; 0.781% chance of $23.5; 0.156% chance of $24.5,19.0,19.150000000000002,0.0,0.7,19.0,19.0,19.0,24.5,1,7,B
7562,6118,False,15,1,-5,1.0,-5,-9,0.75,-12,0,1,False,0,0.1466666666666666,0.192230020944651,-$5 for sure,25% chance of -$12; 75% chance of -$9,-5.0,-9.75,0.0,1.299038105676658,-5.0,-12.0,-5.0,-9.0,1,2,A
7563,6119,False,16,1,24,1.0,24,86,0.2,-5,0,1,False,0,0.1624999999999999,0.2093641166325627,$24 for sure,80% chance of -$5; 20% chance of $86,24.0,13.2,0.0,36.4,24.0,-5.0,24.0,86.0,1,2,A
7568,6123,False,16,1,0,1.0,0,32,0.2,-2,0,1,False,0,0.65,0.3386246693120078,$0 for sure,80% chance of -$2; 20% chance of $32,0.0,4.800000000000001,0.0,13.6,0.0,-2.0,0.0,32.0,1,2,B
7586,6139,False,15,1,52,0.6,-11,23,0.99,8,0,1,False,0,0.7866666666666667,0.277402921672395,60% chance of $52; 40% chance of -$11,1% chance of $8; 99% chance of $23,26.799999999999997,22.85,30.863570759068043,1.4924811556599304,-11.0,8.0,52.0,23.0,2,2,B
7595,6147,False,15,1,32,0.6,-50,23,0.5,-15,1,8,False,0,0.72,0.3363671463488329,60% chance of $32; 40% chance of -$50,50% chance of -$15; 0.391% chance of $19.5; 2.734% chance of $20.5; 8.203% chance of $21.5; 13.672% chance of $22.5; 13.672% chance of $23.5; 8.203% chance of $24.5; 2.734% chance of $25.5; 0.391% chance of $26.5,-0.8000000000000007,4.0,40.17163178164412,19.0230123797468,-50.0,-15.0,32.0,26.5,2,9,B
7624,6175,False,16,1,20,1.0,20,17,0.95,-22,0,1,False,0,0.225,0.2720294101747089,$20 for sure,5% chance of -$22; 95% chance of $17,20.0,15.049999999999997,0.0,8.499852939904319,20.0,-22.0,20.0,17.0,1,2,A
7628,6177,False,16,1,57,0.4,-31,73,0.05,6,3,7,False,0,0.7000000000000001,0.3183289703016885,40% chance of $57; 60% chance of -$31,95% chance of $6; 2.5% chance of $79; 1.25% chance of $77; 0.625% chance of $73; 0.312% chance of $65; 0.156% chance of $49; 0.078% chance of $17; 0.078% chance of -$47,4.200000000000003,9.349999999999994,43.111019472983934,15.136958082785332,-31.0,-47.0,57.0,79.0,2,8,B
7637,6185,False,15,1,5,0.4,-17,87,0.01,-2,0,1,False,0,0.6,0.3703280399090206,40% chance of $5; 60% chance of -$17,99% chance of -$2; 1% chance of $87,-8.2,-1.1099999999999999,10.777754868245983,8.855388190248917,-17.0,-2.0,5.0,87.0,2,2,B
7644,6191,False,16,1,31,0.5,-5,52,0.4,-9,2,5,False,-1,0.475,0.4187282332651254,50% chance of $31; 50% chance of -$5,60% chance of -$9; 20% chance of $48; 10% chance of $50; 5% chance of $54; 2.5% chance of $62; 2.5% chance of $78,13.0,15.399999999999999,18.0,30.26945655276949,-5.0,-9.0,31.0,78.0,2,6,A
7647,6193,False,16,1,24,1.0,24,48,0.4,22,0,1,False,0,0.7000000000000001,0.3794733192202056,$24 for sure,60% chance of $22; 40% chance of $48,24.0,32.400000000000006,0.0,12.737346662472527,24.0,22.0,24.0,48.0,1,2,B
7651,6195,False,32,1,20,1.0,20,59,0.25,6,3,6,False,0,0.4312499999999999,0.348672598070398,$20 for sure,75% chance of $6; 12.5% chance of $64; 6.25% chance of $62; 3.125% chance of $58; 1.562% chance of $50; 0.781% chance of $34; 0.781% chance of $2,20.0,19.25,0.0,23.70522094391866,20.0,2.0,20.0,64.0,1,7,A
7657,6199,False,16,1,23,0.25,-13,32,0.25,-32,2,2,False,1,0.2375,0.3364025366531392,25% chance of $23; 75% chance of -$13,75% chance of -$32; 12.5% chance of $31; 12.5% chance of $33,-4.0,-16.0,15.588457268119896,27.7173231030704,-13.0,-32.0,23.0,33.0,2,3,A
7659,6200,False,15,1,22,1.0,22,77,0.05,18,3,5,False,0,0.6,0.4208834246473209,$22 for sure,95% chance of $18; 2.5% chance of $81; 1.25% chance of $79; 0.625% chance of $75; 0.312% chance of $67; 0.313% chance of $51,22.0,20.95,0.0,12.971025402796805,22.0,18.0,22.0,81.0,1,6,B
7663,6203,False,16,1,25,1.0,25,44,0.4,11,0,1,False,0,0.4375,0.3739429546512855,$25 for sure,60% chance of $11; 40% chance of $44,25.0,24.200000000000003,0.0,16.166632302368974,25.0,11.0,25.0,44.0,1,2,A
7666,6205,False,16,1,30,1.0,30,44,0.6,4,3,5,False,0,0.2250000000000001,0.1914854215512677,$30 for sure,40% chance of $4; 30% chance of $48; 15% chance of $46; 7.5% chance of $42; 3.75% chance of $34; 3.75% chance of $18,30.0,27.999999999999996,0.0,20.464603587658377,30.0,4.0,30.0,48.0,1,6,A
7668,6206,False,16,1,12,1.0,12,55,0.4,-7,3,2,False,0,0.5499999999999999,0.3687817782917155,$12 for sure,60% chance of -$7; 20% chance of $56; 20% chance of $54,12.0,17.8,0.0,30.38025674677553,12.0,-7.0,12.0,56.0,1,3,B
7671,6208,False,15,1,44,0.5,14,66,0.25,22,0,1,False,0,0.6666666666666667,0.3086066999241838,50% chance of $44; 50% chance of $14,75% chance of $22; 25% chance of $66,29.0,33.0,15.0,19.05255888325765,14.0,22.0,44.0,66.0,2,2,B
7675,6211,False,32,1,4,1.0,4,83,0.4,-50,3,2,False,0,0.4875,0.3517238652968474,$4 for sure,60% chance of -$50; 20% chance of $84; 20% chance of $82,4.0,3.1999999999999993,0.0,65.15949662175116,4.0,-50.0,4.0,84.0,1,3,A
7676,6212,False,16,1,0,1.0,0,44,0.05,-9,0,1,False,0,0.5249999999999999,0.3924283374069717,$0 for sure,95% chance of -$9; 5% chance of $44,0.0,-6.349999999999999,0.0,11.551082200382785,0.0,-9.0,0.0,44.0,1,2,B
7679,6214,False,16,1,28,1.0,28,39,0.6,-12,2,4,False,0,0.35,0.3614784456460256,$28 for sure,40% chance of -$12; 30% chance of $36; 15% chance of $38; 7.5% chance of $42; 7.5% chance of $50,28.0,18.600000000000005,0.0,25.235689013775712,28.0,-12.0,28.0,50.0,1,5,A
7685,6218,False,16,1,62,0.4,7,37,0.01,20,0,1,False,0,0.5625,0.4014556845614054,40% chance of $62; 60% chance of $7,99% chance of $20; 1% chance of $37,29.0,20.17,26.94438717061496,1.6914786430812538,7.0,20.0,62.0,37.0,2,2,B
7688,6220,False,16,1,6,1.0,6,12,0.25,10,1,4,False,0,0.8125,0.2963668897386031,$6 for sure,75% chance of $10; 3.125% chance of $10.5; 9.375% chance of $11.5; 9.375% chance of $12.5; 3.125% chance of $13.5,6.0,10.5,0.0,0.9682458365518543,6.0,10.0,6.0,13.5,1,5,B
7690,6222,False,32,1,86,0.25,-39,31,0.1,-5,1,8,False,0,0.5645833333333333,0.3274685680831632,25% chance of $86; 75% chance of -$39,90% chance of -$5; 0.078% chance of $27.5; 0.547% chance of $28.5; 1.641% chance of $29.5; 2.734% chance of $30.5; 2.734% chance of $31.5; 1.641% chance of $32.5; 0.547% chance of $33.5; 0.078% chance of $34.5,-7.75,-1.4000000000000004,54.12658773652741,10.808098815240356,-39.0,-5.0,86.0,34.5,2,9,B
7694,6225,False,16,1,23,1.0,23,70,0.4,-15,3,5,False,0,0.3875,0.3757215280851852,$23 for sure,60% chance of -$15; 20% chance of $74; 10% chance of $72; 5% chance of $68; 2.5% chance of $60; 2.5% chance of $44,23.0,18.999999999999996,0.0,41.91896945298155,23.0,-15.0,23.0,74.0,1,6,A
7696,6226,False,15,1,55,0.01,10,43,0.01,10,1,6,False,0,0.5466666666666666,0.3248442850410171,1% chance of $55; 99% chance of $10,99% chance of $10; 0.031% chance of $40.5; 0.156% chance of $41.5; 0.312% chance of $42.5; 0.312% chance of $43.5; 0.156% chance of $44.5; 0.031% chance of $45.5,10.450000000000001,10.329999999999998,4.47744346697979,3.2853614717409707,10.0,10.0,55.0,45.5,2,7,B
7698,6227,False,15,1,13,1.0,13,24,0.6,-3,1,4,False,0,0.48,0.4262795863213317,$13 for sure,40% chance of -$3; 7.5% chance of $22.5; 22.5% chance of $23.5; 22.5% chance of $24.5; 7.5% chance of $25.5,13.0,13.200000000000001,0.0,13.24424403278647,13.0,-3.0,13.0,25.5,1,5,A
7702,6229,False,16,1,0,0.6,-20,8,0.25,-12,2,3,False,1,0.8375,0.2753785273643051,60% chance of $0; 40% chance of -$20,75% chance of -$12; 12.5% chance of $6; 6.25% chance of $8; 6.25% chance of $12,-8.0,-7.0,9.797958971132712,8.74642784226795,-20.0,-12.0,0.0,12.0,2,4,B
7704,6230,False,16,1,33,0.4,-2,50,0.25,3,1,8,False,0,0.8125000000000001,0.3222318006239194,40% chance of $33; 60% chance of -$2,75% chance of $3; 0.195% chance of $46.5; 1.367% chance of $47.5; 4.102% chance of $48.5; 6.836% chance of $49.5; 6.836% chance of $50.5; 4.102% chance of $51.5; 1.367% chance of $52.5; 0.195% chance of $53.5,12.000000000000002,14.75,17.146428199482248,20.362342694297237,-2.0,3.0,33.0,53.5,2,9,B
7708,6233,False,16,1,0,1.0,0,20,0.8,-35,2,2,False,0,0.7625,0.233452350598575,$0 for sure,20% chance of -$35; 40% chance of $19; 40% chance of $21,0.0,9.0,0.0,22.018174311236614,0.0,-35.0,0.0,21.0,1,3,B
7722,6245,False,16,1,13,0.9,-21,30,0.2,4,3,4,False,0,0.7625000000000001,0.2848976424378879,90% chance of $13; 10% chance of -$21,80% chance of $4; 10% chance of $33; 5% chance of $31; 2.5% chance of $27; 2.5% chance of $19,9.600000000000001,9.200000000000001,10.2,10.6,-21.0,4.0,13.0,33.0,2,5,B
7723,6246,False,17,1,5,0.01,-3,11,0.2,-4,1,6,False,0,0.7882352941176469,0.2869720215917757,1% chance of $5; 99% chance of -$3,80% chance of -$4; 0.625% chance of $8.5; 3.125% chance of $9.5; 6.25% chance of $10.5; 6.25% chance of $11.5; 3.125% chance of $12.5; 0.625% chance of $13.5,-2.92,-1.0,0.795989949685296,6.020797289396148,-3.0,-4.0,5.0,13.5,2,7,B
7727,6249,False,17,1,-7,1.0,-7,1,0.25,-13,2,2,False,0,0.576470588235294,0.2990180006385608,-$7 for sure,75% chance of -$13; 12.5% chance of $0; 12.5% chance of $2,-7.0,-9.5,0.0,6.082762530298219,-7.0,-13.0,-7.0,2.0,1,3,B
7730,6251,False,17,1,26,1.0,26,18,0.9,14,0,1,False,0,0.2470588235294117,0.3356293473811988,$26 for sure,10% chance of $14; 90% chance of $18,26.0,17.599999999999998,0.0,1.2,26.0,14.0,26.0,18.0,1,2,A
7734,6254,False,15,1,26,1.0,26,81,0.01,21,0,1,False,0,0.6666666666666666,0.3829708431025352,$26 for sure,99% chance of $21; 1% chance of $81,26.0,21.599999999999998,0.0,5.96992462263972,26.0,21.0,26.0,81.0,1,2,B
7740,6259,False,15,1,21,1.0,21,35,0.25,15,0,1,False,0,0.5733333333333335,0.3692979181920098,$21 for sure,75% chance of $15; 25% chance of $35,21.0,20.0,0.0,8.660254037844387,21.0,15.0,21.0,35.0,1,2,B
7742,6260,False,16,1,-9,1.0,-9,9,0.5,-7,1,8,False,0,0.8125000000000001,0.3222318006239194,-$9 for sure,50% chance of -$7; 0.391% chance of $5.5; 2.734% chance of $6.5; 8.203% chance of $7.5; 13.672% chance of $8.5; 13.672% chance of $9.5; 8.203% chance of $10.5; 2.734% chance of $11.5; 0.391% chance of $12.5,-9.0,1.0,0.0,8.054501846793507,-9.0,-7.0,-9.0,12.5,1,9,B
7745,6262,False,15,1,6,0.4,-11,25,0.01,-1,0,1,False,0,0.68,0.405674042269688,40% chance of $6; 60% chance of -$11,99% chance of -$1; 1% chance of $25,-4.199999999999999,-0.74,8.328265125462805,2.586967336477212,-11.0,-1.0,6.0,25.0,2,2,B
7747,6263,False,15,1,17,1.0,17,55,0.05,16,0,1,False,0,0.6133333333333333,0.3961721607488101,$17 for sure,95% chance of $16; 5% chance of $55,17.0,17.95,0.0,8.499852939904313,17.0,16.0,17.0,55.0,1,2,B
7751,6266,False,15,1,28,1.0,28,39,0.1,17,0,1,False,0,0.3333333333333333,0.3598941643369749,$28 for sure,90% chance of $17; 10% chance of $39,28.0,19.200000000000003,0.0,6.6000000000000005,28.0,17.0,28.0,39.0,1,2,A
7754,6268,False,15,1,10,1.0,10,10,1.0,10,3,5,False,0,0.3733333333333333,0.376955220278534,$10 for sure,50% chance of $14; 25% chance of $12; 12.5% chance of $8; 6.25% chance of $0; 6.25% chance of -$16,10.0,10.0,0.0,7.615773105863909,10.0,-16.0,10.0,14.0,1,5,A
7777,6291,False,15,1,-3,0.99,-13,32,0.1,-11,0,1,False,0,0.6133333333333333,0.4033195589934446,99% chance of -$3; 1% chance of -$13,90% chance of -$11; 10% chance of $32,-3.0999999999999996,-6.7,0.9949874371066204,12.9,-13.0,-11.0,-3.0,32.0,2,2,B
7779,6293,False,15,1,28,0.05,9,12,0.01,6,0,1,False,1,0.3066666666666667,0.376955220278534,5% chance of $28; 95% chance of $9,99% chance of $6; 1% chance of $12,9.95,6.06,4.140953996363639,0.5969924622639721,9.0,6.0,28.0,12.0,2,2,A
7790,6304,False,15,1,9,0.95,-23,15,0.99,4,0,1,False,0,0.8,0.3207134902949092,95% chance of $9; 5% chance of -$23,1% chance of $4; 99% chance of $15,7.399999999999998,14.89,6.974238309665081,1.0944861808172826,-23.0,4.0,9.0,15.0,2,2,B
7792,6305,False,15,1,73,0.4,0,29,1.0,29,0,1,False,0,0.4000000000000001,0.3295017884191655,40% chance of $73; 60% chance of $0,$29 for sure,29.200000000000003,29.0,35.7625502446344,0.0,0.0,29.0,73.0,29.0,2,1,A
7800,6313,False,15,1,28,1.0,28,35,0.9,15,1,2,False,0,0.5066666666666667,0.4131182235954578,$28 for sure,10% chance of $15; 45% chance of $34.5; 45% chance of $35.5,28.0,33.0,0.0,6.018720794321664,28.0,15.0,28.0,35.5,1,3,B
7802,6314,False,15,1,45,0.25,9,48,0.25,21,0,1,False,0,0.7688888888888888,0.3453699802826286,25% chance of $45; 75% chance of $9,75% chance of $21; 25% chance of $48,18.0,27.75,15.588457268119896,11.691342951089922,9.0,21.0,45.0,48.0,2,2,B
7804,6315,False,15,1,18,1.0,18,92,0.2,8,0,1,False,0,0.52,0.3764495792457281,$18 for sure,80% chance of $8; 20% chance of $92,18.0,24.800000000000004,0.0,33.599999999999994,18.0,8.0,18.0,92.0,1,2,B
7817,6327,False,15,1,0,1.0,0,33,0.4,-30,2,4,False,0,0.5599999999999999,0.4154171741411621,$0 for sure,60% chance of -$30; 20% chance of $30; 10% chance of $32; 5% chance of $36; 5% chance of $44,0.0,-4.800000000000004,0.0,30.999354831996097,0.0,-30.0,0.0,44.0,1,5,B
7819,6328,False,15,1,24,1.0,24,18,0.8,13,0,1,False,0,0.28,0.3098386676965933,$24 for sure,20% chance of $13; 80% chance of $18,24.0,17.0,0.0,1.9999999999999998,24.0,13.0,24.0,18.0,1,2,A
7824,6333,False,16,1,107,0.05,-5,30,0.1,-6,1,8,False,0,0.2999999999999999,0.3183289703016886,5% chance of $107; 95% chance of -$5,90% chance of -$6; 0.078% chance of $26.5; 0.547% chance of $27.5; 1.641% chance of $28.5; 2.734% chance of $29.5; 2.734% chance of $30.5; 1.641% chance of $31.5; 0.547% chance of $32.5; 0.078% chance of $33.5,0.6000000000000005,-2.3999999999999995,24.409834083827775,10.808098815240356,-5.0,-6.0,107.0,33.5,2,9,A
7828,6336,False,16,1,45,0.1,3,40,0.1,-2,1,8,False,0,0.3625000000000001,0.3518996068956789,10% chance of $45; 90% chance of $3,90% chance of -$2; 0.078% chance of $36.5; 0.547% chance of $37.5; 1.641% chance of $38.5; 2.734% chance of $39.5; 2.734% chance of $40.5; 1.641% chance of $41.5; 0.547% chance of $42.5; 0.078% chance of $43.5,7.2,2.200000000000001,12.6,12.606942531795726,3.0,-2.0,45.0,43.5,2,9,A
7830,6337,False,16,1,68,0.2,13,28,0.8,24,0,1,False,-1,0.5875,0.3612478373637689,20% chance of $68; 80% chance of $13,20% chance of $24; 80% chance of $28,24.0,27.200000000000003,22.0,1.5999999999999999,13.0,24.0,68.0,28.0,2,2,B
7833,6339,False,16,1,8,1.0,8,61,0.5,-46,1,8,False,0,0.35,0.322490309931942,$8 for sure,50% chance of -$46; 0.391% chance of $57.5; 2.734% chance of $58.5; 8.203% chance of $59.5; 13.672% chance of $60.5; 13.672% chance of $61.5; 8.203% chance of $62.5; 2.734% chance of $63.5; 0.391% chance of $64.5,8.0,7.5,0.0,53.508176945210906,8.0,-46.0,8.0,64.5,1,9,A
7890,6396,False,16,1,21,1.0,21,41,0.6,-21,0,1,False,0,0.275,0.3087609647175843,$21 for sure,40% chance of -$21; 60% chance of $41,21.0,16.199999999999996,0.0,30.373672810511408,21.0,-21.0,21.0,41.0,1,2,A
7905,6411,False,16,1,15,0.4,-20,34,0.1,0,2,6,False,1,0.9375,0.1746424919657298,40% chance of $15; 60% chance of -$20,90% chance of $0; 5% chance of $29; 2.5% chance of $31; 1.25% chance of $35; 0.625% chance of $43; 0.312% chance of $59; 0.312% chance of $91,-6.0,3.399999999999992,17.146428199482248,10.869222603295938,-20.0,0.0,15.0,91.0,2,7,B
7907,6412,False,16,1,12,1.0,12,42,0.1,10,0,1,False,0,0.675,0.3714835124201341,$12 for sure,90% chance of $10; 10% chance of $42,12.0,13.2,0.0,9.600000000000001,12.0,10.0,12.0,42.0,1,2,B
7910,6415,False,16,1,-5,1.0,-5,4,0.95,-2,2,2,False,0,0.9125,0.1927865832122834,-$5 for sure,5% chance of -$2; 47.5% chance of $3; 47.5% chance of $5,-5.0,3.6999999999999997,0.0,1.6309506430300094,-5.0,-2.0,-5.0,5.0,1,3,B
7912,6416,False,16,1,-7,1.0,-7,28,0.25,-20,0,1,False,0,0.5375,0.3480900266693469,-$7 for sure,75% chance of -$20; 25% chance of $28,-7.0,-8.0,0.0,20.784609690826528,-7.0,-20.0,-7.0,28.0,1,2,B
7913,6417,False,16,1,-1,0.9,-29,14,0.1,-2,2,4,False,0,0.8875,0.2629955639676583,90% chance of -$1; 10% chance of -$29,90% chance of -$2; 5% chance of $11; 2.5% chance of $13; 1.25% chance of $17; 1.25% chance of $25,-3.7999999999999994,-0.4000000000000006,8.399999999999999,5.013980454688668,-29.0,-2.0,-1.0,25.0,2,5,B
7915,6419,False,17,1,12,1.0,12,20,0.01,19,2,3,False,0,0.7647058823529411,0.2760008525136024,$12 for sure,99% chance of $19; 0.5% chance of $18; 0.25% chance of $20; 0.25% chance of $24,12.0,19.01,0.0,0.2643860813280497,12.0,18.0,12.0,24.0,1,4,B
7920,6423,False,17,1,25,0.2,-14,20,0.05,-8,2,5,False,0,0.4941176470588234,0.40073461953532,20% chance of $25; 80% chance of -$14,95% chance of -$8; 2.5% chance of $16; 1.25% chance of $18; 0.625% chance of $22; 0.312% chance of $30; 0.313% chance of $46,-6.200000000000001,-6.599999999999999,15.600000000000001,6.335613624582868,-14.0,-8.0,25.0,46.0,2,6,A
7922,6424,False,17,1,21,1.0,21,49,0.1,13,2,3,False,0,0.5058823529411764,0.4422535870901645,$21 for sure,90% chance of $13; 5% chance of $47; 2.5% chance of $49; 2.5% chance of $53,21.0,16.599999999999998,0.0,10.82774214691133,21.0,13.0,21.0,53.0,1,4,B
7924,6425,False,16,1,48,0.25,-17,47,0.4,-18,0,1,False,1,0.65,0.3464101615137754,25% chance of $48; 75% chance of -$17,60% chance of -$18; 40% chance of $47,-0.75,8.000000000000002,28.145825622994256,31.843366656181317,-17.0,-18.0,48.0,47.0,2,2,B
7935,6435,False,15,1,59,0.1,23,60,0.25,15,0,1,False,-1,0.4666666666666667,0.4117326918327103,10% chance of $59; 90% chance of $23,75% chance of $15; 25% chance of $60,26.6,26.25,10.8,19.48557158514987,23.0,15.0,59.0,60.0,2,2,A
7943,6443,False,16,1,9,1.0,9,37,0.25,-8,1,8,False,0,0.3375,0.3480900266693469,$9 for sure,75% chance of -$8; 0.195% chance of $33.5; 1.367% chance of $34.5; 4.102% chance of $35.5; 6.836% chance of $36.5; 6.836% chance of $37.5; 4.102% chance of $38.5; 1.367% chance of $39.5; 0.195% chance of $40.5,9.0,3.25,0.0,19.49679460834524,9.0,-8.0,9.0,40.5,1,9,A
7945,6444,False,16,1,30,0.4,0,54,0.4,-16,0,1,False,-1,0.25,0.3386246693120078,40% chance of $30; 60% chance of $0,60% chance of -$16; 40% chance of $54,12.0,12.000000000000002,14.696938456699069,34.292856398964496,0.0,-16.0,30.0,54.0,2,2,A
7951,6449,False,16,1,11,1.0,11,12,0.99,-1,0,1,False,0,0.6625000000000001,0.3324154027718932,$11 for sure,1% chance of -$1; 99% chance of $12,11.0,11.87,0.0,1.2934836682386064,11.0,-1.0,11.0,12.0,1,2,B
7983,6480,False,15,1,90,0.25,6,96,0.05,30,0,1,False,1,0.6533333333333334,0.4240395309514477,25% chance of $90; 75% chance of $6,95% chance of $30; 5% chance of $96,27.0,33.3,36.373066958946424,14.384366513684224,6.0,30.0,90.0,96.0,2,2,B
7984,6481,False,15,1,-9,1.0,-9,5,0.5,-24,2,4,False,0,0.5866666666666666,0.324844285041017,-$9 for sure,50% chance of -$24; 25% chance of $2; 12.5% chance of $4; 6.25% chance of $8; 6.25% chance of $16,-9.0,-9.5,0.0,14.857657958103626,-9.0,-24.0,-9.0,16.0,1,5,B
7996,6493,False,15,1,2,1.0,2,11,0.9,-11,0,1,False,0,0.4933333333333334,0.4267261863247181,$2 for sure,10% chance of -$11; 90% chance of $11,2.0,8.8,0.0,6.599999999999999,2.0,-11.0,2.0,11.0,1,2,A
7998,6495,False,16,1,-10,1.0,-10,-6,0.6,-7,3,4,False,0,0.7125,0.3575378767813745,-$10 for sure,40% chance of -$7; 30% chance of -$3; 15% chance of -$5; 7.5% chance of -$9; 7.5% chance of -$17,-10.0,-6.400000000000002,0.0,3.583294573433785,-10.0,-17.0,-10.0,-3.0,1,5,B
8001,6497,False,16,1,18,1.0,18,13,0.99,-9,0,1,False,0,0.125,0.2720294101747089,$18 for sure,1% chance of -$9; 99% chance of $13,18.0,12.78,0.0,2.188972361634565,18.0,-9.0,18.0,13.0,1,2,A
8007,6502,False,15,1,-2,0.95,-45,-4,1.0,-4,0,1,False,0,0.52,0.405674042269688,95% chance of -$2; 5% chance of -$45,-$4 for sure,-4.150000000000002,-4.0,9.371632728612452,0.0,-45.0,-4.0,-2.0,-4.0,2,1,B
8050,6544,False,15,1,30,1.0,30,65,0.75,-42,0,1,False,0,0.3866666666666666,0.3739111175259754,$30 for sure,25% chance of -$42; 75% chance of $65,30.0,38.25,0.0,46.332359102467464,30.0,-42.0,30.0,65.0,1,2,A
8057,6550,False,16,1,28,0.75,-27,50,0.25,-9,0,1,False,0,0.4,0.3265986323710904,75% chance of $28; 25% chance of -$27,75% chance of -$9; 25% chance of $50,14.25,5.75,23.81569860407206,25.54774941164094,-27.0,-9.0,28.0,50.0,2,2,A
8060,6553,False,31,1,13,0.99,13,19,0.8,-30,1,8,False,0,0.4838709677419355,0.3337631637289615,99% chance of $13; 1% chance of $13,20% chance of -$30; 0.625% chance of $15.5; 4.375% chance of $16.5; 13.125% chance of $17.5; 21.875% chance of $18.5; 21.875% chance of $19.5; 13.125% chance of $20.5; 4.375% chance of $21.5; 0.625% chance of $22.5,13.0,9.200000000000003,0.0,19.635681806344284,13.0,-30.0,13.0,22.5,2,9,A
8075,6567,False,16,1,63,0.01,-3,26,0.6,-49,0,1,False,-1,0.525,0.3714835124201342,1% chance of $63; 99% chance of -$3,40% chance of -$49; 60% chance of $26,-2.34,-4.000000000000002,6.566917084903692,36.742346141747674,-3.0,-49.0,63.0,26.0,2,2,B
8078,6569,False,18,1,-6,1.0,-6,-3,0.2,-16,0,1,False,0,0.1777777777777777,0.2819168745978263,-$6 for sure,80% chance of -$16; 20% chance of -$3,-6.0,-13.4,0.0,5.2,-6.0,-16.0,-6.0,-3.0,1,2,A
8084,6575,False,18,1,14,1.0,14,16,0.95,6,0,1,False,0,0.6444444444444444,0.3791976393296808,$14 for sure,5% chance of $6; 95% chance of $16,14.0,15.5,0.0,2.1794494717703374,14.0,6.0,14.0,16.0,1,2,B
8088,6578,False,18,1,4,0.25,-11,48,0.25,-19,2,3,False,0,0.7555555555555556,0.3467873093244571,25% chance of $4; 75% chance of -$11,75% chance of -$19; 12.5% chance of $46; 6.25% chance of $48; 6.25% chance of $52,-7.25,-2.25,6.49519052838329,29.03769102390891,-11.0,-19.0,4.0,52.0,2,4,B
8090,6579,False,16,1,22,0.25,14,16,0.8,-16,0,1,False,0,0.1375,0.2604483314082341,25% chance of $22; 75% chance of $14,20% chance of -$16; 80% chance of $16,16.0,9.600000000000001,3.4641016151377544,12.799999999999999,14.0,-16.0,22.0,16.0,2,2,A
8095,6582,False,16,1,-2,0.99,-24,4,0.05,0,0,1,False,0,0.8500000000000001,0.3306559138036599,99% chance of -$2; 1% chance of -$24,95% chance of $0; 5% chance of $4,-2.22,0.2,2.188972361634565,0.8717797887081347,-24.0,0.0,-2.0,4.0,2,2,B
8097,6584,False,16,1,74,0.2,-31,-11,0.5,-14,2,4,False,0,0.1875,0.3138470965295043,20% chance of $74; 80% chance of -$31,50% chance of -$14; 25% chance of -$14; 12.5% chance of -$12; 6.25% chance of -$8; 6.25% chance of $0,-10.0,-12.5,42.0,3.570714214271425,-31.0,-14.0,74.0,0.0,2,5,A
8100,6586,False,15,1,19,1.0,19,36,0.8,-48,0,1,False,0,0.2933333333333333,0.384460041889302,$19 for sure,20% chance of -$48; 80% chance of $36,19.0,19.200000000000003,0.0,33.599999999999994,19.0,-48.0,19.0,36.0,1,2,A
8105,6591,False,15,1,20,0.01,19,72,0.5,-28,0,1,False,0,0.4933333333333334,0.3614784456460256,1% chance of $20; 99% chance of $19,50% chance of -$28; 50% chance of $72,19.009999999999998,22.0,0.099498743710662,50.0,19.0,-28.0,20.0,72.0,2,2,A
8106,6592,False,15,1,7,0.8,2,10,0.8,-7,0,1,False,0,0.4266666666666667,0.3990464825532174,80% chance of $7; 20% chance of $2,20% chance of -$7; 80% chance of $10,6.0,6.6000000000000005,1.9999999999999998,6.8,2.0,-7.0,7.0,10.0,2,2,A
8108,6594,False,18,1,68,0.4,-30,9,1.0,9,0,1,False,0,0.6222222222222222,0.3281957012220812,40% chance of $68; 60% chance of -$30,$9 for sure,9.200000000000003,9.0,48.00999895855029,0.0,-30.0,9.0,68.0,9.0,2,1,B
8109,6595,False,18,1,29,1.0,29,36,0.6,13,0,1,False,0,0.3555555555555555,0.3973770208907733,$29 for sure,40% chance of $13; 60% chance of $36,29.0,26.799999999999997,0.0,11.26765281680262,29.0,13.0,29.0,36.0,1,2,A
8110,6596,False,18,1,20,0.4,-5,29,0.05,3,2,4,False,0,0.7444444444444446,0.3203347921861865,40% chance of $20; 60% chance of -$5,95% chance of $3; 2.5% chance of $26; 1.25% chance of $28; 0.625% chance of $32; 0.625% chance of $40,5.0,4.300000000000002,12.24744871391589,5.758472019555192,-5.0,3.0,20.0,40.0,2,5,B
8115,6600,False,19,1,3,0.99,-1,21,0.5,-28,2,6,False,1,0.4736842105263158,0.3841904985567532,99% chance of $3; 1% chance of -$1,50% chance of -$28; 25% chance of $16; 12.5% chance of $18; 6.25% chance of $22; 3.125% chance of $30; 1.562% chance of $46; 1.562% chance of $78,2.96,-3.5,0.3979949748426481,25.89884167293974,-1.0,-28.0,3.0,78.0,2,7,A
8116,6601,False,16,1,13,1.0,13,61,0.2,2,2,5,False,0,0.575,0.3642343567906063,$13 for sure,80% chance of $2; 10% chance of $57; 5% chance of $59; 2.5% chance of $63; 1.25% chance of $71; 1.25% chance of $87,13.0,13.799999999999997,0.0,23.844496220302076,13.0,2.0,13.0,87.0,1,6,B
8120,6604,False,15,1,38,0.75,-2,42,0.4,15,0,1,False,0,0.56,0.4289522117905442,75% chance of $38; 25% chance of -$2,60% chance of $15; 40% chance of $42,28.0,25.8,17.320508075688775,13.227244611029162,-2.0,15.0,38.0,42.0,2,2,B
8123,6606,False,15,1,14,0.95,12,25,0.75,-17,2,4,False,1,0.2266666666666667,0.3283436063174123,95% chance of $14; 5% chance of $12,25% chance of -$17; 37.5% chance of $22; 18.75% chance of $24; 9.375% chance of $28; 9.375% chance of $36,13.899999999999999,14.5,0.4358898943540675,18.614510468986285,12.0,-17.0,14.0,36.0,2,5,A
8126,6608,False,15,1,4,1.0,4,52,0.25,-14,3,6,False,0,0.4800000000000001,0.4126568965687043,$4 for sure,75% chance of -$14; 12.5% chance of $57; 6.25% chance of $55; 3.125% chance of $51; 1.562% chance of $43; 0.781% chance of $27; 0.781% chance of -$5,4.0,2.5,0.0,29.189039038652847,4.0,-14.0,4.0,57.0,1,7,A
8127,6609,False,15,1,10,1.0,10,85,0.25,-21,3,7,False,0,0.26,0.2501428163498376,$10 for sure,75% chance of -$21; 12.5% chance of $91; 6.25% chance of $89; 3.125% chance of $85; 1.562% chance of $77; 0.781% chance of $61; 0.391% chance of $29; 0.391% chance of -$35,10.0,5.5,0.0,46.75735236302415,10.0,-35.0,10.0,91.0,1,8,A
8130,6611,False,16,1,30,0.01,8,19,0.75,14,0,1,False,0,0.7107142857142856,0.3506844619265796,1% chance of $30; 99% chance of $8,25% chance of $14; 75% chance of $19,8.22,17.75,2.188972361634564,2.165063509461097,8.0,14.0,30.0,19.0,2,2,B
8132,6612,False,16,1,96,0.2,-24,34,0.5,-37,0,1,False,0,0.575,0.3785938897200182,20% chance of $96; 80% chance of -$24,50% chance of -$37; 50% chance of $34,0.0,-1.5,48.0,35.5,-24.0,-37.0,96.0,34.0,2,2,B
8135,6614,False,15,1,20,1.0,20,80,0.2,3,0,1,False,0,0.4400000000000001,0.415417174141162,$20 for sure,80% chance of $3; 20% chance of $80,20.0,18.4,0.0,30.8,20.0,3.0,20.0,80.0,1,2,A
8147,6626,False,16,1,17,1.0,17,16,0.99,3,0,1,False,0,0.2,0.2732520204255893,$17 for sure,1% chance of $3; 99% chance of $16,17.0,15.87,0.0,1.2934836682386064,17.0,3.0,17.0,16.0,1,2,A
8151,6629,False,16,1,27,1.0,27,26,0.05,20,0,1,False,0,0.125,0.2294921930407801,$27 for sure,95% chance of $20; 5% chance of $26,27.0,20.3,0.0,1.307669683062202,27.0,20.0,27.0,26.0,1,2,A
8155,6632,False,16,1,9,0.75,2,54,0.25,-3,1,8,False,0,0.225,0.3172801075810878,75% chance of $9; 25% chance of $2,75% chance of -$3; 0.195% chance of $50.5; 1.367% chance of $51.5; 4.102% chance of $52.5; 6.836% chance of $53.5; 6.836% chance of $54.5; 4.102% chance of $55.5; 1.367% chance of $56.5; 0.195% chance of $57.5,7.25,11.25,3.031088913245535,24.690585250252777,2.0,-3.0,9.0,57.5,2,9,A
8164,6639,False,16,1,5,1.0,5,42,0.25,-20,0,1,False,0,0.1875,0.2578759391645526,$5 for sure,75% chance of -$20; 25% chance of $42,5.0,-4.5,0.0,26.846787517317598,5.0,-20.0,5.0,42.0,1,2,A
8166,6640,False,16,1,-2,1.0,-2,58,0.25,-23,1,6,False,0,0.5499999999999999,0.3306559138036599,-$2 for sure,75% chance of -$23; 0.781% chance of $55.5; 3.906% chance of $56.5; 7.812% chance of $57.5; 7.812% chance of $58.5; 3.906% chance of $59.5; 0.781% chance of $60.5,-2.0,-2.75,0.0,35.078483433580764,-2.0,-23.0,-2.0,60.5,1,7,B
8172,6644,False,16,1,52,0.6,-48,57,0.01,19,0,1,False,0,0.7875000000000001,0.2680174123696692,60% chance of $52; 40% chance of -$48,99% chance of $19; 1% chance of $57,11.999999999999996,19.38,48.98979485566356,3.7809522610051562,-48.0,19.0,52.0,57.0,2,2,B
8182,6654,False,16,1,65,0.01,25,46,0.4,9,1,2,False,0,0.2500000000000001,0.2129162589689509,1% chance of $65; 99% chance of $25,60% chance of $9; 20% chance of $45.5; 20% chance of $46.5,25.4,23.8,3.97994974842648,18.1289823211343,25.0,9.0,65.0,46.5,2,3,A
8191,6660,False,16,1,28,0.25,27,30,0.4,30,0,1,False,0,0.7124999999999999,0.3649200825751669,25% chance of $28; 75% chance of $27,60% chance of $30; 40% chance of $30,27.25,30.0,0.4330127018922193,0.0,27.0,30.0,28.0,30.0,2,2,B
8196,6664,False,16,1,23,1.0,23,31,0.9,4,0,1,False,0,0.525,0.3991657967979388,$23 for sure,10% chance of $4; 90% chance of $31,23.0,28.3,0.0,8.1,23.0,4.0,23.0,31.0,1,2,B
8198,6666,False,16,1,28,1.0,28,43,0.05,32,3,3,False,0,0.6375,0.3667424164178449,$28 for sure,95% chance of $32; 2.5% chance of $45; 1.25% chance of $43; 1.25% chance of $39,28.0,32.550000000000004,0.0,2.459166525471588,28.0,32.0,28.0,45.0,1,4,B
8200,6667,False,16,1,-5,1.0,-5,8,0.6,-6,0,1,False,0,0.8125,0.3304037933599835,-$5 for sure,40% chance of -$6; 60% chance of $8,-5.0,2.3999999999999995,0.0,6.858571279792898,-5.0,-6.0,-5.0,8.0,1,2,B
8205,6670,False,16,1,-5,1.0,-5,-1,0.01,-8,0,1,False,0,0.2250000000000001,0.3087609647175843,-$5 for sure,99% chance of -$8; 1% chance of -$1,-5.0,-7.93,0.0,0.696491205974634,-5.0,-8.0,-5.0,-1.0,1,2,A
8209,6673,False,16,1,34,0.6,-31,22,0.99,-1,1,2,False,0,0.6499999999999999,0.3141125063837266,60% chance of $34; 40% chance of -$31,1% chance of -$1; 49.5% chance of $21.5; 49.5% chance of $22.5,7.999999999999998,21.77,31.843366656181317,2.34192228735285,-31.0,-1.0,34.0,22.5,2,3,B
8211,6675,False,16,1,30,1.0,30,36,0.75,31,0,1,False,0,0.725,0.3924283374069717,$30 for sure,25% chance of $31; 75% chance of $36,30.0,34.75,0.0,2.165063509461097,30.0,31.0,30.0,36.0,1,2,B
8212,6676,False,15,1,12,0.95,-28,14,0.9,7,0,1,False,0,0.72,0.3277629805645711,95% chance of $12; 5% chance of -$28,10% chance of $7; 90% chance of $14,9.999999999999996,13.299999999999999,8.717797887081352,2.0999999999999996,-28.0,7.0,12.0,14.0,2,2,B
8223,6685,False,15,1,72,0.25,8,30,0.8,28,0,1,False,0,0.5333333333333333,0.2794552524023088,25% chance of $72; 75% chance of $8,20% chance of $28; 80% chance of $30,24.0,29.599999999999998,27.712812921102035,0.7999999999999999,8.0,28.0,72.0,30.0,2,2,B
8226,6688,False,15,1,14,0.25,-9,39,0.4,-18,0,1,False,0,0.72,0.360951124510943,25% chance of $14; 75% chance of -$9,60% chance of -$18; 40% chance of $39,-3.25,4.8000000000000025,9.959292143521045,27.92418306772823,-9.0,-18.0,14.0,39.0,2,2,B
8230,6691,False,15,1,82,0.25,-26,11,0.25,-12,1,6,False,0,0.4799999999999999,0.3529467786670229,25% chance of $82; 75% chance of -$26,75% chance of -$12; 0.781% chance of $8.5; 3.906% chance of $9.5; 7.812% chance of $10.5; 7.812% chance of $11.5; 3.906% chance of $12.5; 0.781% chance of $13.5,1.0,-6.25,46.76537180435969,9.974968671630002,-26.0,-12.0,82.0,13.5,2,7,A
8232,6692,False,15,1,64,0.5,-18,38,0.75,-9,3,5,False,0,0.48,0.4195235392680606,50% chance of $64; 50% chance of -$18,25% chance of -$9; 37.5% chance of $42; 18.75% chance of $40; 9.375% chance of $36; 4.688% chance of $28; 4.688% chance of $12,23.0,26.25,41.0,21.39363223017541,-18.0,-9.0,64.0,42.0,2,6,A
8234,6693,False,15,1,5,0.75,-6,4,0.8,0,0,1,False,1,0.8,0.2725540575476987,75% chance of $5; 25% chance of -$6,20% chance of $0; 80% chance of $4,2.25,3.2,4.763139720814412,1.5999999999999999,-6.0,0.0,5.0,4.0,2,2,B
8238,6696,False,16,1,3,1.0,3,74,0.2,-16,0,1,False,0,0.2625000000000001,0.307408522978788,$3 for sure,80% chance of -$16; 20% chance of $74,3.0,2.0,0.0,36.0,3.0,-16.0,3.0,74.0,1,2,A
8239,6697,False,15,1,18,1.0,18,85,0.4,-31,0,1,False,0,0.2133333333333332,0.3067494712224262,$18 for sure,60% chance of -$31; 40% chance of $85,18.0,15.400000000000002,0.0,56.82816203256973,18.0,-31.0,18.0,85.0,1,2,A
8241,6698,False,15,1,1,0.99,-23,70,0.2,-17,3,6,False,0,0.4133333333333333,0.4373077809027587,99% chance of $1; 1% chance of -$23,80% chance of -$17; 10% chance of $75; 5% chance of $73; 2.5% chance of $69; 1.25% chance of $61; 0.625% chance of $45; 0.625% chance of $13,0.7599999999999998,0.39999999999999825,2.3879698490558887,35.20284079445862,-23.0,-17.0,1.0,75.0,2,7,A
8243,6699,False,15,1,5,1.0,5,48,0.01,-2,0,1,False,0,0.2,0.3295017884191656,$5 for sure,99% chance of -$2; 1% chance of $48,5.0,-1.5,0.0,4.9749371855331,5.0,-2.0,5.0,48.0,1,2,A
8246,6702,False,15,1,4,1.0,4,40,0.1,-1,0,1,False,0,0.2133333333333332,0.3248442850410171,$4 for sure,90% chance of -$1; 10% chance of $40,4.0,3.1,0.0,12.299999999999999,4.0,-1.0,4.0,40.0,1,2,A
8257,6711,False,16,1,41,0.1,-5,0,0.75,-11,1,2,False,0,0.2875,0.3862210075418822,10% chance of $41; 90% chance of -$5,25% chance of -$11; 37.5% chance of -$0.5; 37.5% chance of $0.5,-0.39999999999999947,-2.75,13.8,4.782781617427248,-5.0,-11.0,41.0,0.5,2,3,A
8259,6712,False,16,1,16,1.0,16,19,0.9,-22,1,2,False,0,0.3548076923076923,0.3494472953519556,$16 for sure,10% chance of -$22; 45% chance of $18.5; 45% chance of $19.5,16.0,14.900000000000002,0.0,12.309142943357186,16.0,-22.0,16.0,19.5,1,3,A
8261,6713,False,16,1,-3,1.0,-3,5,0.9,1,0,1,False,0,0.9375,0.202895703913776,-$3 for sure,10% chance of $1; 90% chance of $5,-3.0,4.6,0.0,1.2,-3.0,1.0,-3.0,5.0,1,2,B
8263,6714,False,17,1,76,0.1,3,13,0.75,11,3,5,False,-1,0.5529411764705883,0.3642074392753797,10% chance of $76; 90% chance of $3,25% chance of $11; 37.5% chance of $17; 18.75% chance of $15; 9.375% chance of $11; 4.688% chance of $3; 4.688% chance of -$13,10.3,12.5,21.900000000000002,6.652067347825035,3.0,-13.0,76.0,17.0,2,6,B
8269,6718,False,17,1,17,1.0,17,94,0.4,-34,2,4,False,0,0.3529411764705882,0.3776864557056943,$17 for sure,60% chance of -$34; 20% chance of $91; 10% chance of $93; 5% chance of $97; 5% chance of $105,17.0,17.199999999999996,0.0,62.77387991832271,17.0,-34.0,17.0,105.0,1,5,A
8275,6724,False,17,1,8,1.0,8,21,0.5,-23,2,5,False,0,0.3882352941176471,0.3038962671315174,$8 for sure,50% chance of -$23; 25% chance of $17; 12.5% chance of $19; 6.25% chance of $23; 3.125% chance of $31; 3.125% chance of $47,8.0,-1.0,0.0,22.64950330581225,8.0,-23.0,8.0,47.0,1,6,A
8279,6727,False,16,1,49,0.6,-18,80,0.25,16,0,1,False,1,0.7875000000000001,0.3138470965295043,60% chance of $49; 40% chance of -$18,75% chance of $16; 25% chance of $80,22.2,32.0,32.82316255329459,27.712812921102035,-18.0,16.0,49.0,80.0,2,2,B
8281,6728,False,16,1,-9,1.0,-9,69,0.25,-46,2,3,False,0,0.6749999999999999,0.3924283374069717,-$9 for sure,75% chance of -$46; 12.5% chance of $67; 6.25% chance of $69; 6.25% chance of $73,-9.0,-17.25,0.0,49.811519751960994,-9.0,-46.0,-9.0,73.0,1,4,B
8284,6730,False,16,1,22,0.6,10,35,0.6,-17,2,7,False,0,0.525,0.3568379650952703,60% chance of $22; 40% chance of $10,40% chance of -$17; 30% chance of $29; 15% chance of $31; 7.5% chance of $35; 3.75% chance of $43; 1.875% chance of $59; 0.938% chance of $91; 0.938% chance of $155,17.2,14.200000000000008,5.878775382679628,28.978612803238207,10.0,-17.0,22.0,155.0,2,8,B
8286,6731,False,16,1,98,0.05,-15,53,0.1,-20,3,3,False,1,0.5375,0.4303099657998483,5% chance of $98; 95% chance of -$15,90% chance of -$20; 5% chance of $55; 2.5% chance of $53; 2.5% chance of $49,-9.35,-12.700000000000003,24.627779031004803,21.913694348511843,-15.0,-20.0,98.0,55.0,2,4,B
8288,6732,False,16,1,12,0.9,-40,16,0.95,7,0,1,False,0,0.85,0.2129162589689509,90% chance of $12; 10% chance of -$40,5% chance of $7; 95% chance of $16,6.800000000000002,15.549999999999999,15.599999999999998,1.9615045245933038,-40.0,7.0,12.0,16.0,2,2,B
8290,6733,False,16,1,-9,1.0,-9,45,0.05,-9,3,3,False,0,0.9,0.2190890230020664,-$9 for sure,95% chance of -$9; 2.5% chance of $47; 1.25% chance of $45; 1.25% chance of $41,-9.0,-6.299999999999995,0.0,11.781765572273123,-9.0,-9.0,-9.0,47.0,1,4,B
8296,6737,False,16,1,26,1.0,26,41,0.6,7,0,1,False,0,0.4499999999999999,0.2875181153713043,$26 for sure,40% chance of $7; 60% chance of $41,26.0,27.4,0.0,16.65653025092561,26.0,7.0,26.0,41.0,1,2,A
8299,6739,False,16,1,-1,0.95,-4,10,0.75,-17,2,3,False,0,0.7875,0.2473189573539939,95% chance of -$1; 5% chance of -$4,25% chance of -$17; 37.5% chance of $8; 18.75% chance of $10; 18.75% chance of $14,-1.1500000000000001,3.25,0.6538348415311013,11.882234638316145,-4.0,-17.0,-1.0,14.0,2,4,B
